order_id,customer_id,product_name,unit_price,quantity,region,order_date
ORD104342,CUST1069,USB-C Hub,1299.0,2,,01/02/2024
ORD100497,CUST1377,Wireless Mouse,799.0,2,north,24-06-2024
ORD100187,CUST1417,USB-C Hub,1299.0,1,south,15/03/2024
ORD101113,CUST1256,Monitor 24-inch,8999.0,2,south,03-12-2024
ORD100225,CUST1223,Portable SSD 1TB,6999.0,0,South,16/07/2024
ORD101840,CUST1166,Monitor 24-inch,8999.0,3,South,2024-03-23
ORD103155,CUST1273,Portable SSD 1TB,6999.0,3,EAST,28/03/2024
ORD100644,CUST1490,Noise Cancelling Headphones,5999.0,2,EAST,12/09/2024
ORD102350,CUST1071,Noise Cancelling Headphones,5999.0,3,north,05-04-2024
ORD103760,CUST1333,USB-C Hub,1299.0,2,South,2024-05-18
ORD104042,CUST1238,Noise Cancelling Headphones,5999.0,3,West,2024-12-22
ORD101013,CUST1075,Mechanical Keyboard,3499.0,1,EAST,14/04/2024
ORD101549,CUST1443,Portable SSD 1TB,6999.0,1,South,25-02-2024
ORD101682,CUST1496,Wireless Mouse,799.0,2,south,30/04/2024
ORD102936,CUST1231,USB-C Hub,1299.0,1,south,2024-02-25
ORD100072,CUST1032,Portable SSD 1TB,6999.0,5,West,04/10/2024
ORD101015,CUST1213,Mechanical Keyboard,3499.0,0,south,2024-12-12
ORD104629,CUST1454,Webcam 1080p,2499.0,5,north,2024-04-28
ORD102180,CUST1485,Wireless Mouse,799.0,0,North,22/01/2024
ORD101805,CUST1053,Laptop Stand,1999.0,3,south,04-04-2024
ORD102247,CUST1378,Wireless Mouse,799.0,3,EAST,2024-11-25
ORD104749,CUST1223,Portable SSD 1TB,6999.0,2,EAST,10-04-2024
ORD100860,CUST1003,USB-C Hub,1299.0,3,North,01-08-2024
ORD104531,CUST1385,Laptop Stand,1999.0,3,West,05/05/2024
ORD101893,CUST1405,Monitor 24-inch,8999.0,2,North,01/10/2024
ORD104557,CUST1197,USB-C Hub,1299.0,0,,10-05-2024
ORD102343,CUST1032,Monitor 24-inch,8999.0,0,West,15-07-2024
ORD103947,CUST1419,Mechanical Keyboard,3499.0,3,South,2024-09-23
ORD101491,CUST1478,Noise Cancelling Headphones,5999.0,5,West,06/08/2024
ORD101616,CUST1217,Wireless Mouse,799.0,3,EAST,2024-08-22
ORD100635,CUST1283,USB-C Hub,1299.0,5,West,2024-06-30
ORD101438,CUST1052,Webcam 1080p,2499.0,1,South,20-10-2024
ORD103867,CUST1415,Wireless Mouse,799.0,1,EAST,2024-12-27
ORD102168,CUST1008,Noise Cancelling Headphones,5999.0,5,South,31-07-2024
ORD100230,CUST1038,Portable SSD 1TB,6999.0,2,EAST,2024-01-16
ORD103867,CUST1415,Wireless Mouse,799.0,1,EAST,2024-12-27
ORD101363,CUST1270,Webcam 1080p,2499.0,-1,West,21/06/2024
ORD100901,CUST1082,Laptop Stand,1999.0,1,North,11-06-2024
ORD101057,CUST1496,Portable SSD 1TB,6999.0,2,North,30/08/2024
ORD104354,CUST1018,Noise Cancelling Headphones,5999.0,1,south,2024-05-04
ORD101327,CUST1262,Monitor 24-inch,8999.0,3,north,2024-06-04
ORD103852,CUST1272,Mechanical Keyboard,3499.0,1,South,25-01-2024
ORD100396,CUST1195,USB-C Hub,1299.0,2,South,05-02-2024
ORD100913,CUST1496,Portable SSD 1TB,6999.0,-1,South,12-03-2024
ORD103129,CUST1005,USB-C Hub,1299.0,3,EAST,01/10/2024
ORD101485,CUST1402,USB-C Hub,1299.0,3,North,14-03-2024
ORD102667,CUST1341,Webcam 1080p,2499.0,2,South,2024-05-06
ORD101632,CUST1162,Portable SSD 1TB,6999.0,,south,2024-08-28
ORD104365,CUST1422,USB-C Hub,1299.0,5,south,2024-08-17
ORD103221,CUST1367,Webcam 1080p,2499.0,,EAST,01-03-2024
ORD101908,CUST1232,Monitor 24-inch,8999.0,0,south,01/10/2024
ORD102038,CUST1381,USB-C Hub,1299.0,1,West,2024-06-03
ORD102617,CUST1284,Monitor 24-inch,8999.0,2,EAST,2024-02-14
ORD102820,CUST1022,Portable SSD 1TB,6999.0,5,,2024-10-24
ORD104727,CUST1186,Noise Cancelling Headphones,5999.0,2,north,28/05/2024
ORD103511,CUST1307,Mechanical Keyboard,3499.0,2,West,20/02/2024
ORD100607,CUST1420,USB-C Hub,1299.0,3,north,26-03-2024
ORD104747,CUST1159,Portable SSD 1TB,6999.0,0,north,2024-12-05
ORD104014,CUST1323,Wireless Mouse,799.0,2,EAST,04/07/2024
ORD103840,CUST1263,Noise Cancelling Headphones,5999.0,3,south,02/08/2024
ORD104181,CUST1070,USB-C Hub,1299.0,2,North,2024-03-12
ORD100124,CUST1233,Noise Cancelling Headphones,5999.0,2,south,19/10/2024
ORD100765,CUST1055,Mechanical Keyboard,3499.0,3,West,06-08-2024
ORD101003,CUST1476,Laptop Stand,1999.0,5,West,06-11-2024
ORD102687,CUST1186,Monitor 24-inch,8999.0,2,South,2024-06-30
ORD101369,CUST1194,USB-C Hub,1299.0,5,North,27/11/2024
ORD103870,CUST1134,Monitor 24-inch,8999.0,5,West,22-01-2024
ORD104142,CUST1167,Monitor 24-inch,8999.0,3,north,28/01/2024
ORD103033,CUST1391,Mechanical Keyboard,3499.0,1,south,17/08/2024
ORD101451,CUST1123,Monitor 24-inch,8999.0,0,South,23/05/2024
ORD104597,CUST1290,Portable SSD 1TB,6999.0,3,south,24/03/2024
ORD104266,CUST1099,Portable SSD 1TB,6999.0,3,EAST,03-07-2024
ORD102235,CUST1042,Laptop Stand,1999.0,1,West,12-08-2024
ORD103501,CUST1315,USB-C Hub,1299.0,-1,South,31/05/2024
ORD104186,CUST1115,Mechanical Keyboard,3499.0,2,South,2024-12-03
ORD104116,CUST1160,USB-C Hub,1299.0,3,north,2024-11-12
ORD103719,CUST1335,Webcam 1080p,2499.0,-1,South,05/02/2024
ORD104147,CUST1119,Mechanical Keyboard,3499.0,1,South,27/06/2024
ORD100186,CUST1324,Mechanical Keyboard,3499.0,2,north,27/06/2024
ORD102233,CUST1172,Wireless Mouse,799.0,1,North,14-01-2024
ORD104132,CUST1196,Mechanical Keyboard,3499.0,3,North,2024-08-20
ORD101094,CUST1457,Noise Cancelling Headphones,5999.0,-1,EAST,2024-03-02
ORD103391,CUST1384,Noise Cancelling Headphones,5999.0,-1,South,09-11-2024
ORD100404,CUST1134,Laptop Stand,1999.0,1,North,22-07-2024
ORD104228,CUST1089,Noise Cancelling Headphones,5999.0,2,South,01/11/2024
ORD102604,CUST1198,Mechanical Keyboard,3499.0,1,North,27/07/2024
ORD103417,CUST1489,Mechanical Keyboard,3499.0,2,south,04-05-2024
ORD102745,CUST1113,Mechanical Keyboard,3499.0,2,North,04-10-2024
ORD103436,CUST1353,USB-C Hub,1299.0,1,North,20-05-2024
ORD104120,CUST1206,Wireless Mouse,799.0,2,North,2024-03-06
ORD102742,CUST1439,Portable SSD 1TB,6999.0,-1,EAST,07/04/2024
ORD100183,CUST1058,Portable SSD 1TB,6999.0,5,North,28-03-2024
ORD102854,CUST1070,Webcam 1080p,2499.0,5,EAST,2024-04-21
ORD102744,CUST1133,Noise Cancelling Headphones,5999.0,3,north,06/04/2024
ORD102918,CUST1007,Webcam 1080p,2499.0,2,,05-01-2024
ORD101341,CUST1480,Wireless Mouse,799.0,1,North,04-10-2024
ORD103644,CUST1176,USB-C Hub,1299.0,2,south,2024-04-26
ORD103467,CUST1038,Wireless Mouse,799.0,5,south,24/05/2024
ORD102177,CUST1025,Webcam 1080p,2499.0,1,EAST,30-12-2024
ORD101898,CUST1305,Wireless Mouse,799.0,2,South,17-04-2024
ORD100157,CUST1305,Wireless Mouse,799.0,2,EAST,07-03-2024
ORD104436,CUST1383,Wireless Mouse,799.0,5,EAST,22-06-2024
ORD102637,CUST1397,USB-C Hub,1299.0,1,north,01/08/2024
ORD100435,CUST1065,Mechanical Keyboard,3499.0,1,EAST,22/01/2024
ORD104338,CUST1222,USB-C Hub,1299.0,0,South,19-06-2024
ORD102444,CUST1212,Portable SSD 1TB,6999.0,3,North,18-06-2024
ORD102150,CUST1427,Laptop Stand,1999.0,3,West,02-06-2024
ORD100107,CUST1036,Wireless Mouse,799.0,3,south,31-10-2024
ORD102232,CUST1369,Mechanical Keyboard,3499.0,5,South,2024-08-23
ORD103523,CUST1333,Monitor 24-inch,8999.0,1,West,25/05/2024
ORD100585,CUST1337,Webcam 1080p,2499.0,2,South,16-10-2024
ORD104867,CUST1420,Wireless Mouse,799.0,0,North,2024-06-03
ORD103778,CUST1415,Webcam 1080p,2499.0,3,south,07-05-2024
ORD100553,CUST1074,Wireless Mouse,799.0,1,South,12/04/2024
ORD103634,CUST1222,Noise Cancelling Headphones,5999.0,0,,13/07/2024
ORD103935,CUST1021,Laptop Stand,1999.0,3,West,09-07-2024
ORD100059,CUST1206,Webcam 1080p,2499.0,2,north,08/04/2024
ORD104379,CUST1187,Laptop Stand,1999.0,0,south,2024-05-23
ORD100141,CUST1070,Mechanical Keyboard,3499.0,1,South,07/06/2024
ORD102579,CUST1170,Wireless Mouse,799.0,5,south,14-10-2024
ORD100380,CUST1272,Webcam 1080p,2499.0,2,north,14-06-2024
ORD104969,CUST1024,Portable SSD 1TB,6999.0,-1,North,17-10-2024
ORD101400,CUST1405,Portable SSD 1TB,6999.0,1,EAST,2024-08-18
ORD100519,CUST1498,Laptop Stand,1999.0,-1,EAST,2024-05-31
ORD100941,CUST1376,Webcam 1080p,2499.0,0,South,25-04-2024
ORD103472,CUST1199,Portable SSD 1TB,6999.0,5,,26/07/2024
ORD100386,CUST1375,Mechanical Keyboard,3499.0,0,South,21-11-2024
ORD100207,CUST1144,Portable SSD 1TB,6999.0,-1,north,2024-03-23
ORD102899,CUST1500,Portable SSD 1TB,6999.0,5,North,20/11/2024
ORD102551,CUST1276,Portable SSD 1TB,6999.0,1,north,29-08-2024
ORD102694,CUST1496,Laptop Stand,1999.0,2,South,2024-03-13
ORD100179,CUST1003,Laptop Stand,1999.0,2,EAST,11/03/2024
ORD101095,CUST1300,Laptop Stand,1999.0,-1,West,28/02/2024
ORD101120,CUST1377,Laptop Stand,1999.0,-1,South,2024-02-08
ORD104527,CUST1214,Portable SSD 1TB,6999.0,3,north,10/05/2024
ORD103142,CUST1172,Wireless Mouse,799.0,2,south,15/08/2024
ORD101677,CUST1104,Portable SSD 1TB,6999.0,2,North,19-03-2024
ORD101384,CUST1497,Monitor 24-inch,8999.0,5,North,26/05/2024
ORD103861,CUST1087,Portable SSD 1TB,6999.0,-1,north,2024-03-15
ORD102467,CUST1060,Webcam 1080p,2499.0,-1,North,27/02/2024
ORD104371,CUST1135,Portable SSD 1TB,6999.0,2,West,2024-04-16
ORD101129,CUST1052,Wireless Mouse,799.0,1,north,2024-10-30
ORD102387,CUST1342,Monitor 24-inch,8999.0,2,West,22/02/2024
ORD101799,CUST1017,USB-C Hub,1299.0,1,West,03/10/2024
ORD101223,CUST1086,Monitor 24-inch,8999.0,1,North,05-02-2024
ORD101383,CUST1235,Webcam 1080p,2499.0,3,West,14-08-2024
ORD103941,CUST1101,Portable SSD 1TB,6999.0,2,West,07-07-2024
ORD102766,CUST1426,USB-C Hub,1299.0,1,EAST,16/07/2024
ORD103604,CUST1251,Mechanical Keyboard,3499.0,2,north,25/02/2024
ORD104039,CUST1294,Laptop Stand,1999.0,5,West,2024-09-15
ORD100478,CUST1206,USB-C Hub,1299.0,-1,north,20/01/2024
ORD101063,CUST1498,Webcam 1080p,2499.0,-1,West,14-12-2024
ORD104836,CUST1039,Mechanical Keyboard,3499.0,5,South,10/09/2024
ORD102851,CUST1110,Webcam 1080p,2499.0,1,West,12/05/2024
ORD100259,CUST1319,Mechanical Keyboard,3499.0,1,south,20/07/2024
ORD101242,CUST1459,Mechanical Keyboard,3499.0,2,South,30-09-2024
ORD101253,CUST1397,USB-C Hub,1299.0,-1,West,02-06-2024
ORD100232,CUST1290,Wireless Mouse,799.0,2,north,13/12/2024
ORD100225,CUST1223,Portable SSD 1TB,6999.0,0,South,16/07/2024
ORD104619,CUST1470,Laptop Stand,1999.0,1,south,2024-03-23
ORD101954,CUST1255,Webcam 1080p,2499.0,5,West,06-10-2024
ORD104009,CUST1194,Wireless Mouse,799.0,1,West,12-07-2024
ORD103500,CUST1183,Laptop Stand,1999.0,1,South,19/09/2024
ORD100705,CUST1438,Noise Cancelling Headphones,5999.0,3,North,10-10-2024
ORD103761,CUST1405,Laptop Stand,1999.0,-1,North,2024-12-10
ORD104603,CUST1187,Laptop Stand,1999.0,2,north,18/09/2024
ORD104433,CUST1040,Noise Cancelling Headphones,5999.0,2,West,2024-10-05
ORD100045,CUST1141,Wireless Mouse,799.0,5,North,07-03-2024
ORD100666,CUST1434,USB-C Hub,1299.0,3,,28-08-2024
ORD102359,CUST1426,Mechanical Keyboard,3499.0,0,West,2024-03-25
ORD101904,CUST1189,Wireless Mouse,799.0,,,2024-12-16
ORD103883,CUST1261,Portable SSD 1TB,6999.0,-1,South,18/06/2024
ORD104376,CUST1440,Laptop Stand,1999.0,1,north,2024-12-21
ORD102036,CUST1089,Monitor 24-inch,8999.0,2,EAST,21/01/2024
ORD102724,CUST1237,Monitor 24-inch,8999.0,1,North,21-11-2024
ORD104329,CUST1151,USB-C Hub,1299.0,0,north,2024-10-07
ORD103736,CUST1437,Noise Cancelling Headphones,5999.0,2,West,18/02/2024
ORD104017,CUST1281,Monitor 24-inch,8999.0,-1,north,15-01-2024
ORD104721,CUST1236,Webcam 1080p,2499.0,1,South,11/08/2024
ORD104007,CUST1276,USB-C Hub,1299.0,2,EAST,2024-03-24
ORD100083,CUST1346,Portable SSD 1TB,6999.0,2,West,08-02-2024
ORD103803,CUST1444,Monitor 24-inch,8999.0,5,West,25/09/2024
ORD101664,CUST1427,Portable SSD 1TB,6999.0,2,south,25/12/2024
ORD100495,CUST1096,USB-C Hub,1299.0,2,north,30-01-2024
ORD102151,CUST1342,Webcam 1080p,2499.0,3,West,03-01-2024
ORD103178,CUST1299,Mechanical Keyboard,3499.0,2,south,22/08/2024
ORD103322,CUST1260,Wireless Mouse,799.0,5,north,12-09-2024
ORD104127,CUST1424,Webcam 1080p,2499.0,3,EAST,2024-03-20
ORD101562,CUST1104,Noise Cancelling Headphones,5999.0,5,north,14/12/2024
ORD104854,CUST1025,Laptop Stand,1999.0,1,north,27/01/2024
ORD103455,CUST1030,Laptop Stand,1999.0,2,EAST,08/02/2024
ORD101473,CUST1171,Monitor 24-inch,8999.0,5,West,06/10/2024
ORD101483,CUST1007,Monitor 24-inch,8999.0,2,North,24-05-2024
ORD103756,CUST1443,USB-C Hub,1299.0,1,South,23/08/2024
ORD104940,CUST1394,Webcam 1080p,2499.0,0,EAST,31-01-2024
ORD101870,CUST1006,Wireless Mouse,799.0,-1,EAST,2024-06-05
ORD102973,CUST1239,Laptop Stand,1999.0,2,EAST,29/07/2024
ORD102517,CUST1078,Monitor 24-inch,8999.0,0,EAST,15-12-2024
ORD103261,CUST1302,Noise Cancelling Headphones,5999.0,0,EAST,17/10/2024
ORD100438,CUST1125,Webcam 1080p,2499.0,-1,West,08/10/2024
ORD101961,CUST1485,USB-C Hub,1299.0,1,West,2024-06-29
ORD104563,CUST1404,Webcam 1080p,2499.0,5,South,03/11/2024
ORD101344,CUST1010,Wireless Mouse,799.0,3,North,22-02-2024
ORD104937,CUST1063,USB-C Hub,1299.0,-1,EAST,24-02-2024
ORD100845,CUST1046,Noise Cancelling Headphones,5999.0,5,north,11/02/2024
ORD102629,CUST1260,Webcam 1080p,2499.0,3,EAST,28-01-2024
ORD100731,CUST1417,Wireless Mouse,799.0,3,north,2024-04-25
ORD101965,CUST1352,USB-C Hub,1299.0,0,EAST,2024-02-02
ORD103972,CUST1416,Mechanical Keyboard,3499.0,0,South,2024-12-15
ORD100757,CUST1413,Wireless Mouse,799.0,0,north,2024-05-01
ORD102917,CUST1183,Laptop Stand,1999.0,2,South,19/04/2024
ORD103150,CUST1331,Portable SSD 1TB,6999.0,1,South,06/10/2024
ORD104251,CUST1393,Monitor 24-inch,8999.0,1,EAST,18/12/2024
ORD100971,CUST1222,Portable SSD 1TB,6999.0,1,EAST,2024-11-20
ORD100872,CUST1223,USB-C Hub,1299.0,0,south,01/04/2024
ORD103542,CUST1384,Portable SSD 1TB,6999.0,0,north,29/07/2024
ORD104078,CUST1300,Webcam 1080p,2499.0,1,South,2024-05-19
ORD102905,CUST1039,Wireless Mouse,799.0,0,North,14-06-2024
ORD104555,CUST1492,USB-C Hub,1299.0,3,North,22-01-2024
ORD101905,CUST1029,Portable SSD 1TB,6999.0,1,north,24-04-2024
ORD103469,CUST1199,Webcam 1080p,2499.0,2,north,2024-01-30
ORD101099,CUST1216,Monitor 24-inch,8999.0,1,North,25-08-2024
ORD103916,CUST1389,Laptop Stand,1999.0,5,north,05-12-2024
ORD102794,CUST1114,USB-C Hub,1299.0,1,North,2024-03-31
ORD102717,CUST1035,Noise Cancelling Headphones,5999.0,5,North,05/09/2024
ORD100472,CUST1064,Wireless Mouse,799.0,1,West,15/12/2024
ORD103808,CUST1431,Wireless Mouse,799.0,2,West,04/03/2024
ORD100272,CUST1285,Webcam 1080p,2499.0,3,south,27-05-2024
ORD103072,CUST1011,Monitor 24-inch,8999.0,1,South,15-09-2024
ORD103114,CUST1195,Wireless Mouse,799.0,1,South,2024-08-02
ORD100329,CUST1194,Portable SSD 1TB,6999.0,0,,29-01-2024
ORD100397,CUST1084,Monitor 24-inch,8999.0,2,EAST,17-11-2024
ORD102410,CUST1209,Monitor 24-inch,8999.0,2,South,2024-01-28
ORD101431,CUST1159,USB-C Hub,1299.0,0,south,09/08/2024
ORD101981,CUST1222,Noise Cancelling Headphones,5999.0,2,West,16-06-2024
ORD104881,CUST1406,Webcam 1080p,2499.0,1,South,2024-01-11
ORD103976,CUST1174,USB-C Hub,1299.0,1,West,2024-03-12
ORD104256,CUST1489,Laptop Stand,1999.0,0,North,29-11-2024
ORD101379,CUST1220,Wireless Mouse,799.0,-1,South,2024-05-02
ORD103306,CUST1042,Portable SSD 1TB,6999.0,2,West,2024-01-04
ORD100550,CUST1102,Laptop Stand,1999.0,3,north,17/12/2024
ORD103238,CUST1381,Mechanical Keyboard,3499.0,5,north,04-05-2024
ORD100350,CUST1124,Noise Cancelling Headphones,5999.0,3,West,20/07/2024
ORD101432,CUST1417,Noise Cancelling Headphones,5999.0,1,north,06/11/2024
ORD100153,CUST1185,Mechanical Keyboard,3499.0,5,South,05-10-2024
ORD102229,CUST1025,Mechanical Keyboard,3499.0,1,south,22-06-2024
ORD102373,CUST1410,Webcam 1080p,2499.0,2,EAST,27-10-2024
ORD100817,CUST1500,Webcam 1080p,2499.0,2,EAST,19-01-2024
ORD100181,CUST1426,Noise Cancelling Headphones,5999.0,-1,,22/01/2024
ORD101190,CUST1085,USB-C Hub,1299.0,-1,North,2024-09-19
ORD103249,CUST1220,Wireless Mouse,799.0,0,south,27/06/2024
ORD103637,CUST1096,Mechanical Keyboard,3499.0,5,south,21/07/2024
ORD101812,CUST1281,Monitor 24-inch,8999.0,1,South,08/12/2024
ORD104773,CUST1057,Webcam 1080p,2499.0,5,south,2024-09-14
ORD101750,CUST1110,Monitor 24-inch,8999.0,1,EAST,24/10/2024
ORD103007,CUST1382,Mechanical Keyboard,3499.0,0,north,29-11-2024
ORD102305,CUST1390,Portable SSD 1TB,6999.0,2,north,2024-02-08
ORD103707,CUST1348,Mechanical Keyboard,3499.0,,South,05-05-2024
ORD101921,CUST1169,Mechanical Keyboard,3499.0,5,EAST,13-04-2024
ORD104294,CUST1222,Mechanical Keyboard,3499.0,0,south,19-03-2024
ORD103062,CUST1009,Laptop Stand,1999.0,-1,North,09/04/2024
ORD104346,CUST1145,Webcam 1080p,2499.0,5,West,2024-08-02
ORD103863,CUST1409,Noise Cancelling Headphones,5999.0,2,West,08-03-2024
ORD103958,CUST1351,Noise Cancelling Headphones,5999.0,1,south,15-04-2024
ORD103317,CUST1374,Wireless Mouse,799.0,2,north,16-01-2024
ORD101145,CUST1097,Laptop Stand,1999.0,-1,north,21/12/2024
ORD103680,CUST1168,USB-C Hub,1299.0,-1,south,2024-08-13
ORD104133,CUST1381,Mechanical Keyboard,3499.0,2,North,10/06/2024
ORD100641,CUST1276,Wireless Mouse,799.0,5,north,20-07-2024
ORD104114,CUST1193,Mechanical Keyboard,3499.0,2,West,2024-01-07
ORD102439,CUST1270,Noise Cancelling Headphones,5999.0,-1,West,26/12/2024
ORD103153,CUST1429,Mechanical Keyboard,3499.0,2,South,2024-09-08
ORD101421,CUST1326,Mechanical Keyboard,3499.0,0,North,2024-11-01
ORD101941,CUST1445,Mechanical Keyboard,3499.0,0,south,19/11/2024
ORD100111,CUST1089,Monitor 24-inch,8999.0,0,north,2024-05-22
ORD103977,CUST1475,Wireless Mouse,799.0,0,north,06/07/2024
ORD104649,CUST1114,USB-C Hub,1299.0,5,North,17/09/2024
ORD104466,CUST1213,Mechanical Keyboard,3499.0,3,North,24/07/2024
ORD104517,CUST1076,Mechanical Keyboard,3499.0,2,North,2024-08-27
ORD104947,CUST1437,Mechanical Keyboard,3499.0,2,North,2024-01-31
ORD101796,CUST1080,Portable SSD 1TB,6999.0,2,south,2024-09-22
ORD103019,CUST1150,Laptop Stand,1999.0,2,south,2024-07-21
ORD100618,CUST1104,Portable SSD 1TB,6999.0,0,north,01/04/2024
ORD100496,CUST1071,Wireless Mouse,799.0,0,South,31/05/2024
ORD103246,CUST1379,Laptop Stand,1999.0,1,South,14/03/2024
ORD101282,CUST1144,Webcam 1080p,2499.0,1,north,2024-01-25
ORD104139,CUST1381,Webcam 1080p,2499.0,-1,North,2024-08-20
ORD100385,CUST1449,Noise Cancelling Headphones,5999.0,0,,16-06-2024
ORD103550,CUST1281,Wireless Mouse,799.0,5,EAST,09-09-2024
ORD102913,CUST1425,Noise Cancelling Headphones,5999.0,0,north,10/03/2024
ORD103745,CUST1383,Webcam 1080p,2499.0,5,EAST,2024-09-14
ORD104989,CUST1182,USB-C Hub,1299.0,2,north,14/08/2024
ORD103724,CUST1160,Portable SSD 1TB,6999.0,-1,north,30-10-2024
ORD102670,CUST1374,Mechanical Keyboard,3499.0,5,West,2024-03-26
ORD103894,CUST1208,Noise Cancelling Headphones,5999.0,1,EAST,02-07-2024
ORD103601,CUST1424,USB-C Hub,1299.0,1,West,16-01-2024
ORD102658,CUST1189,Monitor 24-inch,8999.0,-1,South,19-12-2024
ORD104307,CUST1017,Wireless Mouse,799.0,0,North,2024-01-27
ORD104339,CUST1297,Laptop Stand,1999.0,-1,EAST,07-05-2024
ORD102748,CUST1055,Wireless Mouse,799.0,2,EAST,05/12/2024
ORD104659,CUST1316,Webcam 1080p,2499.0,3,north,14-08-2024
ORD101663,CUST1296,Noise Cancelling Headphones,5999.0,0,EAST,19-11-2024
ORD100719,CUST1012,Webcam 1080p,2499.0,5,south,11/11/2024
ORD103073,CUST1214,Monitor 24-inch,8999.0,,EAST,2024-01-12
ORD103503,CUST1072,Webcam 1080p,2499.0,2,,03-06-2024
ORD103647,CUST1132,Monitor 24-inch,8999.0,2,EAST,28-08-2024
ORD104995,CUST1462,Noise Cancelling Headphones,5999.0,,West,2024-02-27
ORD100868,CUST1232,Wireless Mouse,799.0,1,North,2024-10-02
ORD101281,CUST1269,Webcam 1080p,2499.0,0,north,18-02-2024
ORD103399,CUST1109,Mechanical Keyboard,3499.0,1,south,2024-05-28
ORD100021,CUST1425,Webcam 1080p,2499.0,1,south,03-05-2024
ORD102097,CUST1270,Monitor 24-inch,8999.0,-1,South,08-10-2024
ORD104689,CUST1134,USB-C Hub,1299.0,2,West,2024-09-20
ORD104943,CUST1114,Wireless Mouse,799.0,2,West,09/03/2024
ORD104612,CUST1109,Mechanical Keyboard,3499.0,0,north,2024-02-19
ORD104089,CUST1337,Portable SSD 1TB,6999.0,5,north,07-12-2024
ORD101673,CUST1390,Mechanical Keyboard,3499.0,-1,West,17-05-2024
ORD101306,CUST1064,USB-C Hub,1299.0,1,EAST,2024-12-16
ORD101270,CUST1186,USB-C Hub,1299.0,1,West,07/05/2024
ORD104488,CUST1016,Monitor 24-inch,8999.0,1,EAST,2024-07-14
ORD101075,CUST1346,Portable SSD 1TB,6999.0,-1,north,15-05-2024
ORD101598,CUST1091,Wireless Mouse,799.0,3,West,10/11/2024
ORD103307,CUST1163,Monitor 24-inch,8999.0,-1,South,22/05/2024
ORD102536,CUST1074,Mechanical Keyboard,3499.0,1,North,2024-01-08
ORD101653,CUST1031,Noise Cancelling Headphones,5999.0,,North,09-04-2024
ORD103758,CUST1493,Monitor 24-inch,8999.0,-1,south,2024-08-19
ORD104291,CUST1175,USB-C Hub,1299.0,0,EAST,21/04/2024
ORD100742,CUST1007,Webcam 1080p,2499.0,2,West,2024-12-09
ORD103732,CUST1373,Webcam 1080p,2499.0,0,north,25-05-2024
ORD100838,CUST1102,Portable SSD 1TB,6999.0,0,south,2024-02-25
ORD104112,CUST1302,Wireless Mouse,799.0,1,north,06-12-2024
ORD101193,CUST1199,Laptop Stand,1999.0,2,West,03-02-2024
ORD102105,CUST1472,Mechanical Keyboard,3499.0,5,EAST,28/01/2024
ORD104205,CUST1286,USB-C Hub,1299.0,0,north,2024-04-24
ORD103782,CUST1218,Portable SSD 1TB,6999.0,5,EAST,17/04/2024
ORD100281,CUST1470,Wireless Mouse,799.0,0,West,05-04-2024
ORD104203,CUST1373,USB-C Hub,1299.0,2,south,2024-01-16
ORD101476,CUST1210,Laptop Stand,1999.0,2,South,01/07/2024
ORD100393,CUST1048,Wireless Mouse,799.0,0,south,2024-02-09
ORD104677,CUST1228,Noise Cancelling Headphones,5999.0,0,EAST,27-09-2024
ORD101178,CUST1149,Mechanical Keyboard,3499.0,2,South,09/09/2024
ORD103583,CUST1236,USB-C Hub,1299.0,-1,West,08-08-2024
ORD103151,CUST1208,Portable SSD 1TB,6999.0,2,south,2024-02-01
ORD101914,CUST1373,Noise Cancelling Headphones,5999.0,-1,West,10-07-2024
ORD103096,CUST1064,Noise Cancelling Headphones,5999.0,3,South,2024-03-08
ORD104671,CUST1136,Portable SSD 1TB,6999.0,1,West,2024-05-06
ORD101675,CUST1491,Wireless Mouse,799.0,3,North,13/03/2024
ORD100850,CUST1494,Wireless Mouse,799.0,5,North,29/01/2024
ORD100538,CUST1455,Laptop Stand,1999.0,0,South,23/06/2024
ORD101127,CUST1049,Portable SSD 1TB,6999.0,1,south,20/08/2024
ORD100964,CUST1498,Mechanical Keyboard,3499.0,2,north,27/05/2024
ORD100149,CUST1209,Mechanical Keyboard,3499.0,1,south,20/01/2024
ORD103473,CUST1004,Monitor 24-inch,8999.0,1,North,12/02/2024
ORD101194,CUST1188,Wireless Mouse,799.0,2,North,29/07/2024
ORD104250,CUST1087,Portable SSD 1TB,6999.0,-1,south,23/11/2024
ORD104402,CUST1148,Webcam 1080p,2499.0,1,north,24-03-2024
ORD103430,CUST1328,Monitor 24-inch,8999.0,-1,South,10-04-2024
ORD103018,CUST1180,Monitor 24-inch,8999.0,1,north,2024-01-08
ORD100922,CUST1182,USB-C Hub,1299.0,3,North,03/07/2024
ORD101184,CUST1051,USB-C Hub,1299.0,1,EAST,30-09-2024
ORD100629,CUST1206,Wireless Mouse,799.0,2,EAST,27-07-2024
ORD103234,CUST1304,Portable SSD 1TB,6999.0,3,North,20-08-2024
ORD102594,CUST1005,USB-C Hub,1299.0,1,West,10/02/2024
ORD101237,CUST1243,Mechanical Keyboard,3499.0,-1,South,30-05-2024
ORD104061,CUST1244,Mechanical Keyboard,3499.0,2,EAST,2024-10-31
ORD100801,CUST1000,USB-C Hub,1299.0,2,South,19-08-2024
ORD102997,CUST1051,Monitor 24-inch,8999.0,,south,2024-09-28
ORD104627,CUST1105,Laptop Stand,1999.0,3,North,03-07-2024
ORD103208,CUST1086,Mechanical Keyboard,3499.0,5,West,2024-02-01
ORD100026,CUST1034,Wireless Mouse,799.0,1,EAST,2024-09-20
ORD103734,CUST1437,Portable SSD 1TB,6999.0,-1,EAST,01-07-2024
ORD102923,CUST1429,Webcam 1080p,2499.0,2,North,22/03/2024
ORD102573,CUST1236,Mechanical Keyboard,3499.0,5,,2024-12-14
ORD104624,CUST1367,USB-C Hub,1299.0,2,south,2024-03-02
ORD104176,CUST1287,Webcam 1080p,2499.0,,EAST,2024-03-12
ORD100640,CUST1143,Portable SSD 1TB,6999.0,2,south,28-01-2024
ORD100851,CUST1060,Laptop Stand,1999.0,0,South,13-12-2024
ORD101393,CUST1194,Wireless Mouse,799.0,-1,EAST,2024-08-30
ORD101238,CUST1266,Wireless Mouse,799.0,0,south,14/02/2024
ORD103400,CUST1225,Monitor 24-inch,8999.0,-1,South,2024-08-05
ORD102083,CUST1176,Noise Cancelling Headphones,5999.0,1,West,08/09/2024
ORD104484,CUST1255,Monitor 24-inch,8999.0,5,north,2024-01-02
ORD102675,CUST1227,Monitor 24-inch,8999.0,2,West,22/10/2024
ORD100299,CUST1393,USB-C Hub,1299.0,-1,South,10/07/2024
ORD102090,CUST1443,USB-C Hub,1299.0,0,EAST,2024-08-04
ORD100326,CUST1412,USB-C Hub,1299.0,1,North,2024-09-25
ORD101332,CUST1320,Wireless Mouse,799.0,,EAST,2024-05-23
ORD104505,CUST1371,USB-C Hub,1299.0,2,north,21-11-2024
ORD104153,CUST1239,Wireless Mouse,799.0,0,North,2024-09-05
ORD100166,CUST1212,Mechanical Keyboard,3499.0,-1,EAST,09-06-2024
ORD103588,CUST1486,Mechanical Keyboard,3499.0,3,North,12/03/2024
ORD101417,CUST1321,Webcam 1080p,2499.0,2,north,2024-06-14
ORD103138,CUST1355,Mechanical Keyboard,3499.0,5,north,21-09-2024
ORD104954,CUST1303,Wireless Mouse,799.0,2,,15/01/2024
ORD101466,CUST1450,Webcam 1080p,2499.0,2,West,2024-03-28
ORD103180,CUST1332,Monitor 24-inch,8999.0,2,North,2024-05-30
ORD104220,CUST1223,Portable SSD 1TB,6999.0,0,EAST,2024-01-03
ORD102492,CUST1058,Mechanical Keyboard,3499.0,1,West,04-08-2024
ORD104931,CUST1458,Monitor 24-inch,8999.0,2,North,28-01-2024
ORD103884,CUST1456,USB-C Hub,1299.0,2,EAST,22-03-2024
ORD100389,CUST1320,Monitor 24-inch,8999.0,1,North,21/03/2024
ORD104304,CUST1239,Mechanical Keyboard,3499.0,1,South,29/08/2024
ORD104923,CUST1325,USB-C Hub,1299.0,3,North,16/09/2024
ORD103797,CUST1349,Laptop Stand,1999.0,5,north,27/12/2024
ORD100268,CUST1009,Monitor 24-inch,8999.0,-1,EAST,18/03/2024
ORD102114,CUST1213,USB-C Hub,1299.0,3,West,2024-04-17
ORD101359,CUST1124,Laptop Stand,1999.0,1,south,2024-03-11
ORD101259,CUST1438,Mechanical Keyboard,3499.0,2,South,11/07/2024
ORD103060,CUST1492,Wireless Mouse,799.0,3,North,04-04-2024
ORD102957,CUST1007,Noise Cancelling Headphones,5999.0,1,,2024-04-16
ORD101983,CUST1254,Mechanical Keyboard,3499.0,2,North,2024-03-18
ORD102449,CUST1152,Monitor 24-inch,8999.0,0,West,2024-11-23
ORD103713,CUST1132,Noise Cancelling Headphones,5999.0,0,West,13-03-2024
ORD103289,CUST1412,Noise Cancelling Headphones,5999.0,-1,South,14/05/2024
ORD104925,CUST1043,Monitor 24-inch,8999.0,2,South,2024-05-23
ORD103619,CUST1201,USB-C Hub,1299.0,1,north,2024-09-19
ORD104730,CUST1212,Portable SSD 1TB,6999.0,,north,13-10-2024
ORD101522,CUST1040,USB-C Hub,1299.0,3,north,2024-02-21
ORD102732,CUST1451,Webcam 1080p,2499.0,3,West,09-01-2024
ORD102710,CUST1220,Portable SSD 1TB,6999.0,0,West,2024-07-26
ORD103630,CUST1227,Wireless Mouse,799.0,2,north,17-08-2024
ORD103987,CUST1389,Noise Cancelling Headphones,5999.0,2,south,17/08/2024
ORD101635,CUST1007,Laptop Stand,1999.0,3,EAST,06-08-2024
ORD100584,CUST1051,Webcam 1080p,2499.0,1,north,09/04/2024
ORD101122,CUST1171,Webcam 1080p,2499.0,1,south,2024-08-30
ORD102230,CUST1170,USB-C Hub,1299.0,1,south,06/08/2024
ORD100066,CUST1394,Mechanical Keyboard,3499.0,2,West,31-03-2024
ORD102272,CUST1271,Monitor 24-inch,8999.0,1,EAST,2024-10-27
ORD100174,CUST1072,Wireless Mouse,799.0,2,North,11/07/2024
ORD103873,CUST1271,Monitor 24-inch,8999.0,-1,South,26/06/2024
ORD103521,CUST1307,Webcam 1080p,2499.0,0,North,23-10-2024
ORD104562,CUST1447,Monitor 24-inch,8999.0,2,north,31/01/2024
ORD100780,CUST1167,USB-C Hub,1299.0,2,North,15-04-2024
ORD104000,CUST1348,Wireless Mouse,799.0,1,south,07-11-2024
ORD103830,CUST1316,Mechanical Keyboard,3499.0,,EAST,2024-12-25
ORD103064,CUST1234,USB-C Hub,1299.0,3,EAST,11-07-2024
ORD104939,CUST1209,Monitor 24-inch,8999.0,-1,North,11/05/2024
ORD102863,CUST1072,Webcam 1080p,2499.0,3,West,27/02/2024
ORD101619,CUST1487,Noise Cancelling Headphones,5999.0,1,north,2024-08-19
ORD101712,CUST1384,Webcam 1080p,2499.0,0,north,30/04/2024
ORD104443,CUST1438,Monitor 24-inch,8999.0,2,South,18-07-2024
ORD101946,CUST1094,Wireless Mouse,799.0,2,North,11/04/2024
ORD102138,CUST1367,Monitor 24-inch,8999.0,-1,West,03-03-2024
ORD103682,CUST1257,Noise Cancelling Headphones,5999.0,3,North,2024-11-28
ORD104079,CUST1351,Webcam 1080p,2499.0,-1,EAST,2024-06-05
ORD100985,CUST1465,Portable SSD 1TB,6999.0,3,EAST,2024-02-16
ORD102557,CUST1490,Mechanical Keyboard,3499.0,0,West,21/08/2024
ORD101657,CUST1258,Portable SSD 1TB,6999.0,1,south,08/06/2024
ORD100770,CUST1153,Noise Cancelling Headphones,5999.0,1,North,17/12/2024
ORD101724,CUST1105,Monitor 24-inch,8999.0,2,West,16-12-2024
ORD103000,CUST1274,Wireless Mouse,799.0,-1,West,2024-05-12
ORD101721,CUST1320,Monitor 24-inch,8999.0,1,South,2024-07-08
ORD100300,CUST1193,Portable SSD 1TB,6999.0,2,North,30/11/2024
ORD103406,CUST1208,Wireless Mouse,799.0,-1,south,23-10-2024
ORD101324,CUST1031,Laptop Stand,1999.0,-1,South,10-09-2024
ORD104208,CUST1032,Monitor 24-inch,8999.0,3,North,11-03-2024
ORD100597,CUST1360,Webcam 1080p,2499.0,3,South,23-10-2024
ORD103971,CUST1128,Wireless Mouse,799.0,0,north,2024-11-26
ORD101126,CUST1033,Mechanical Keyboard,3499.0,1,South,2024-10-13
ORD104426,CUST1084,Laptop Stand,1999.0,0,West,04-10-2024
ORD103606,CUST1198,Webcam 1080p,2499.0,2,South,2024-03-20
ORD104170,CUST1355,Monitor 24-inch,8999.0,1,North,31-05-2024
ORD104901,CUST1471,USB-C Hub,1299.0,2,south,2024-05-13
ORD104822,CUST1296,Monitor 24-inch,8999.0,2,North,2024-06-28
ORD103882,CUST1169,Laptop Stand,1999.0,-1,south,2024-09-09
ORD104359,CUST1014,Laptop Stand,1999.0,1,south,15/09/2024
ORD103102,CUST1183,Laptop Stand,1999.0,2,South,13-06-2024
ORD100697,CUST1427,Webcam 1080p,2499.0,2,North,2024-09-22
ORD101794,CUST1072,Laptop Stand,1999.0,1,south,06-03-2024
ORD102287,CUST1146,USB-C Hub,1299.0,0,North,10-05-2024
ORD103658,CUST1016,Noise Cancelling Headphones,5999.0,3,North,2024-06-12
ORD104331,CUST1197,Wireless Mouse,799.0,2,EAST,2024-10-25
ORD100696,CUST1285,Portable SSD 1TB,6999.0,1,EAST,11/11/2024
ORD103278,CUST1064,Portable SSD 1TB,6999.0,0,North,14/06/2024
ORD101372,CUST1016,Laptop Stand,1999.0,1,EAST,18-10-2024
ORD102454,CUST1228,Wireless Mouse,799.0,3,North,25/03/2024
ORD104522,CUST1226,Laptop Stand,1999.0,2,South,30/07/2024
ORD100890,CUST1216,Webcam 1080p,2499.0,1,North,09/07/2024
ORD100662,CUST1243,Monitor 24-inch,8999.0,3,north,07/10/2024
ORD104209,CUST1035,Portable SSD 1TB,6999.0,2,South,07-09-2024
ORD101439,CUST1162,Noise Cancelling Headphones,5999.0,2,south,26/01/2024
ORD101428,CUST1042,USB-C Hub,1299.0,3,EAST,2024-09-03
ORD103623,CUST1379,Laptop Stand,1999.0,-1,North,2024-09-11
ORD102711,CUST1110,Mechanical Keyboard,3499.0,-1,south,08/09/2024
ORD104307,CUST1017,Wireless Mouse,799.0,0,North,2024-01-27
ORD101773,CUST1185,Noise Cancelling Headphones,5999.0,3,south,10-05-2024
ORD102696,CUST1439,USB-C Hub,1299.0,2,South,01-04-2024
ORD102206,CUST1491,Noise Cancelling Headphones,5999.0,-1,North,29-08-2024
ORD100158,CUST1338,Wireless Mouse,799.0,,south,2024-07-02
ORD104265,CUST1231,Wireless Mouse,799.0,1,south,21/01/2024
ORD102812,CUST1230,Portable SSD 1TB,6999.0,-1,north,24/03/2024
ORD100473,CUST1075,Webcam 1080p,2499.0,1,EAST,14/02/2024
ORD100537,CUST1206,Portable SSD 1TB,6999.0,1,North,16-02-2024
ORD100555,CUST1183,Monitor 24-inch,8999.0,2,North,27-11-2024
ORD100047,CUST1076,Wireless Mouse,799.0,2,EAST,2024-08-08
ORD102100,CUST1152,Mechanical Keyboard,3499.0,-1,north,14/07/2024
ORD101443,CUST1035,Monitor 24-inch,8999.0,-1,North,03/06/2024
ORD102790,CUST1358,Portable SSD 1TB,6999.0,-1,south,05/05/2024
ORD104814,CUST1288,Noise Cancelling Headphones,5999.0,-1,,05/06/2024
ORD100266,CUST1295,Laptop Stand,1999.0,1,South,25/10/2024
ORD103675,CUST1044,Noise Cancelling Headphones,5999.0,5,West,04-08-2024
ORD104884,CUST1177,Webcam 1080p,2499.0,-1,North,07-12-2024
ORD100096,CUST1268,Webcam 1080p,2499.0,2,North,2024-05-31
ORD102648,CUST1156,Laptop Stand,1999.0,2,South,17/10/2024
ORD103683,CUST1417,Laptop Stand,1999.0,3,West,2024-07-06
ORD100173,CUST1471,Noise Cancelling Headphones,5999.0,1,EAST,2024-04-02
ORD101600,CUST1250,Portable SSD 1TB,6999.0,5,north,05/10/2024
ORD103504,CUST1040,Monitor 24-inch,8999.0,2,South,2024-06-06
ORD100512,CUST1415,Portable SSD 1TB,6999.0,2,North,24-04-2024
ORD102383,CUST1283,Monitor 24-inch,8999.0,1,EAST,2024-09-29
ORD104704,CUST1264,Noise Cancelling Headphones,5999.0,0,West,03/11/2024
ORD101615,CUST1470,USB-C Hub,1299.0,-1,North,09-04-2024
ORD100185,CUST1202,Webcam 1080p,2499.0,5,South,23/04/2024
ORD104509,CUST1448,Portable SSD 1TB,6999.0,1,South,25-07-2024
ORD104541,CUST1386,Laptop Stand,1999.0,-1,South,23/12/2024
ORD100969,CUST1380,Monitor 24-inch,8999.0,-1,EAST,16-10-2024
ORD104312,CUST1304,Monitor 24-inch,8999.0,3,South,2024-05-10
ORD101256,CUST1280,Portable SSD 1TB,6999.0,2,North,14-06-2024
ORD103103,CUST1069,Portable SSD 1TB,6999.0,1,south,17/09/2024
ORD101516,CUST1293,Laptop Stand,1999.0,3,south,08/09/2024
ORD101894,CUST1489,Portable SSD 1TB,6999.0,3,EAST,25-05-2024
ORD104370,CUST1447,Noise Cancelling Headphones,5999.0,1,West,01/06/2024
ORD100700,CUST1340,Portable SSD 1TB,6999.0,2,North,02-04-2024
ORD104876,CUST1041,Laptop Stand,1999.0,1,south,12/03/2024
ORD101850,CUST1253,Laptop Stand,1999.0,2,South,2024-05-05
ORD103533,CUST1146,USB-C Hub,1299.0,3,north,2024-04-08
ORD101858,CUST1033,USB-C Hub,1299.0,0,North,13-10-2024
ORD104520,CUST1306,Mechanical Keyboard,3499.0,-1,West,2024-01-03
ORD104823,CUST1313,Laptop Stand,1999.0,-1,North,10/05/2024
ORD100938,CUST1181,Portable SSD 1TB,6999.0,2,West,2024-09-20
ORD100487,CUST1491,Monitor 24-inch,8999.0,5,north,2024-06-25
ORD102211,CUST1018,Webcam 1080p,2499.0,-1,North,02/03/2024
ORD103299,CUST1356,Monitor 24-inch,8999.0,2,North,2024-03-06
ORD100086,CUST1491,Noise Cancelling Headphones,5999.0,0,South,2024-12-28
ORD103011,CUST1172,USB-C Hub,1299.0,1,South,12/01/2024
ORD104805,CUST1010,Monitor 24-inch,8999.0,5,West,04-01-2024
ORD104845,CUST1300,Laptop Stand,1999.0,0,EAST,2024-06-13
ORD102143,CUST1084,Webcam 1080p,2499.0,1,West,06/09/2024
ORD101963,CUST1006,Webcam 1080p,2499.0,2,South,22-06-2024
ORD100918,CUST1153,Monitor 24-inch,8999.0,3,North,2024-08-01
ORD104848,CUST1210,Webcam 1080p,2499.0,2,South,2024-07-15
ORD103649,CUST1492,Noise Cancelling Headphones,5999.0,0,West,2024-05-10
ORD103679,CUST1316,Noise Cancelling Headphones,5999.0,-1,North,2024-09-09
ORD102509,CUST1482,Noise Cancelling Headphones,5999.0,1,West,19/05/2024
ORD101689,CUST1324,Mechanical Keyboard,3499.0,0,north,14/09/2024
ORD104511,CUST1126,USB-C Hub,1299.0,,north,2024-11-11
ORD104004,CUST1020,Laptop Stand,1999.0,-1,north,14/03/2024
ORD104444,CUST1402,Wireless Mouse,799.0,5,north,13-12-2024
ORD104034,CUST1078,Laptop Stand,1999.0,-1,south,2024-09-05
ORD102695,CUST1324,Mechanical Keyboard,3499.0,3,north,2024-05-09
ORD102518,CUST1230,Monitor 24-inch,8999.0,2,West,04-05-2024
ORD103968,CUST1294,Laptop Stand,1999.0,2,North,2024-12-09
ORD101719,CUST1498,Portable SSD 1TB,6999.0,2,West,2024-11-21
ORD104714,CUST1304,Noise Cancelling Headphones,5999.0,5,EAST,03-11-2024
ORD102432,CUST1405,Portable SSD 1TB,6999.0,2,north,21/02/2024
ORD102829,CUST1391,Monitor 24-inch,8999.0,-1,north,2024-09-05
ORD101787,CUST1013,Monitor 24-inch,8999.0,2,South,2024-07-13
ORD102954,CUST1137,Portable SSD 1TB,6999.0,0,EAST,21-01-2024
ORD100876,CUST1283,Laptop Stand,1999.0,-1,North,24/09/2024
ORD101115,CUST1116,Webcam 1080p,2499.0,1,south,20-12-2024
ORD103070,CUST1231,Portable SSD 1TB,6999.0,5,South,28/03/2024
ORD100244,CUST1115,Noise Cancelling Headphones,5999.0,3,north,10/02/2024
ORD104858,CUST1043,Noise Cancelling Headphones,5999.0,1,EAST,2024-04-08
ORD101167,CUST1055,Noise Cancelling Headphones,5999.0,0,north,23/11/2024
ORD101048,CUST1341,Monitor 24-inch,8999.0,2,south,2024-04-12
ORD103650,CUST1252,Laptop Stand,1999.0,3,EAST,09/05/2024
ORD103020,CUST1200,Wireless Mouse,799.0,-1,West,09/10/2024
ORD104670,CUST1297,Portable SSD 1TB,6999.0,2,south,29/05/2024
ORD102110,CUST1145,Noise Cancelling Headphones,5999.0,1,North,12/08/2024
ORD103877,CUST1462,Mechanical Keyboard,3499.0,1,,19-04-2024
ORD103933,CUST1413,Monitor 24-inch,8999.0,1,South,10-05-2024
ORD100373,CUST1258,Monitor 24-inch,8999.0,0,West,31-07-2024
ORD102127,CUST1051,Mechanical Keyboard,3499.0,1,North,17-03-2024
ORD102288,CUST1306,Portable SSD 1TB,6999.0,-1,north,02/12/2024
ORD100734,CUST1277,USB-C Hub,1299.0,2,south,24-10-2024
ORD102761,CUST1040,USB-C Hub,1299.0,3,south,2024-09-06
ORD101855,CUST1164,Laptop Stand,1999.0,2,north,19-02-2024
ORD103948,CUST1498,Wireless Mouse,799.0,1,South,21-08-2024
ORD102590,CUST1351,Wireless Mouse,799.0,5,south,31-05-2024
ORD101679,CUST1108,Monitor 24-inch,8999.0,-1,South,25-08-2024
ORD104389,CUST1076,Wireless Mouse,799.0,1,south,2024-12-06
ORD102982,CUST1166,Laptop Stand,1999.0,3,South,08/06/2024
ORD100151,CUST1276,Portable SSD 1TB,6999.0,2,north,31-07-2024
ORD104104,CUST1051,Mechanical Keyboard,3499.0,3,West,30/06/2024
ORD100027,CUST1276,USB-C Hub,1299.0,0,South,04/05/2024
ORD101611,CUST1006,Wireless Mouse,799.0,1,North,13/09/2024
ORD101504,CUST1341,Webcam 1080p,2499.0,-1,West,2024-12-23
ORD104650,CUST1081,Webcam 1080p,2499.0,0,EAST,23-02-2024
ORD100090,CUST1408,Webcam 1080p,2499.0,3,EAST,01-11-2024
ORD103957,CUST1272,Noise Cancelling Headphones,5999.0,2,North,14/07/2024
ORD104639,CUST1397,Webcam 1080p,2499.0,0,North,11-05-2024
ORD101844,CUST1438,Monitor 24-inch,8999.0,5,EAST,12/08/2024
ORD100755,CUST1214,Webcam 1080p,2499.0,0,EAST,27-05-2024
ORD101877,CUST1126,Noise Cancelling Headphones,5999.0,2,south,2024-09-08
ORD100954,CUST1249,Mechanical Keyboard,3499.0,0,north,03-12-2024
ORD101303,CUST1215,Noise Cancelling Headphones,5999.0,2,North,2024-12-07
ORD104248,CUST1298,Webcam 1080p,2499.0,5,EAST,24-08-2024
ORD100352,CUST1425,Mechanical Keyboard,3499.0,0,West,12-03-2024
ORD101272,CUST1466,Noise Cancelling Headphones,5999.0,2,north,2024-12-18
ORD102698,CUST1124,Monitor 24-inch,8999.0,1,south,2024-11-27
ORD104699,CUST1411,USB-C Hub,1299.0,0,,2024-04-16
ORD100665,CUST1187,Portable SSD 1TB,6999.0,2,,2024-06-04
ORD100236,CUST1251,Laptop Stand,1999.0,2,North,07/02/2024
ORD104344,CUST1361,USB-C Hub,1299.0,3,West,2024-05-03
ORD101821,CUST1153,Wireless Mouse,799.0,3,North,28-12-2024
ORD102864,CUST1359,Monitor 24-inch,8999.0,3,south,28-05-2024
ORD100084,CUST1052,Webcam 1080p,2499.0,1,South,2024-10-16
ORD101819,CUST1115,USB-C Hub,1299.0,-1,north,13/04/2024
ORD100551,CUST1363,USB-C Hub,1299.0,5,north,2024-12-29
ORD104718,CUST1060,USB-C Hub,1299.0,0,south,16/03/2024
ORD100245,CUST1140,USB-C Hub,1299.0,3,South,10-11-2024
ORD102017,CUST1021,Noise Cancelling Headphones,5999.0,2,north,02/11/2024
ORD104813,CUST1237,USB-C Hub,1299.0,-1,South,2024-09-16
ORD100446,CUST1308,Laptop Stand,1999.0,0,North,01/01/2024
ORD100469,CUST1283,Wireless Mouse,799.0,-1,West,01-10-2024
ORD100145,CUST1494,Laptop Stand,1999.0,-1,South,12/10/2024
ORD100763,CUST1459,Portable SSD 1TB,6999.0,-1,North,2024-10-08
ORD104893,CUST1204,Laptop Stand,1999.0,0,EAST,12-07-2024
ORD102010,CUST1139,Laptop Stand,1999.0,0,south,01-01-2024
ORD104779,CUST1113,Laptop Stand,1999.0,1,West,30/07/2024
ORD101824,CUST1427,Noise Cancelling Headphones,5999.0,2,North,2024-05-21
ORD102287,CUST1146,USB-C Hub,1299.0,0,North,10-05-2024
ORD101005,CUST1343,Noise Cancelling Headphones,5999.0,1,south,2024-10-24
ORD101713,CUST1310,Mechanical Keyboard,3499.0,-1,North,2024-04-21
ORD100714,CUST1067,Noise Cancelling Headphones,5999.0,0,North,19-10-2024
ORD100015,CUST1305,Mechanical Keyboard,3499.0,-1,West,01/11/2024
ORD100724,CUST1342,Wireless Mouse,799.0,1,West,2024-05-10
ORD103730,CUST1080,Webcam 1080p,2499.0,1,,2024-09-22
ORD103981,CUST1353,Noise Cancelling Headphones,5999.0,1,North,24-03-2024
ORD101446,CUST1053,Noise Cancelling Headphones,5999.0,-1,South,2024-04-25
ORD101088,CUST1479,USB-C Hub,1299.0,3,North,2024-04-15
ORD104887,CUST1098,USB-C Hub,1299.0,-1,West,2024-09-21
ORD102932,CUST1457,Portable SSD 1TB,6999.0,2,South,05-02-2024
ORD100543,CUST1201,Laptop Stand,1999.0,2,West,2024-06-22
ORD103562,CUST1143,Wireless Mouse,799.0,2,North,15/03/2024
ORD100485,CUST1470,Noise Cancelling Headphones,5999.0,2,South,20/05/2024
ORD104064,CUST1360,Wireless Mouse,799.0,3,West,20/08/2024
ORD101936,CUST1356,Portable SSD 1TB,6999.0,5,EAST,19/09/2024
ORD104944,CUST1395,Monitor 24-inch,8999.0,3,South,03-11-2024
ORD100377,CUST1376,Laptop Stand,1999.0,1,EAST,18/08/2024
ORD104028,CUST1028,Webcam 1080p,2499.0,-1,West,08/03/2024
ORD101949,CUST1327,Webcam 1080p,2499.0,-1,south,08/05/2024
ORD101436,CUST1160,Mechanical Keyboard,3499.0,5,North,2024-12-18
ORD100319,CUST1368,Portable SSD 1TB,6999.0,2,EAST,10/04/2024
ORD104554,CUST1492,Laptop Stand,1999.0,2,south,2024-02-08
ORD100590,CUST1296,Portable SSD 1TB,6999.0,2,north,19-01-2024
ORD104385,CUST1429,Webcam 1080p,2499.0,2,North,15/11/2024
ORD100650,CUST1381,Noise Cancelling Headphones,5999.0,5,EAST,03-07-2024
ORD102250,CUST1316,Webcam 1080p,2499.0,2,South,24-09-2024
ORD102183,CUST1377,Laptop Stand,1999.0,1,West,14-12-2024
ORD104387,CUST1256,USB-C Hub,1299.0,-1,North,28/11/2024
ORD101218,CUST1330,USB-C Hub,1299.0,0,EAST,2024-12-14
ORD102874,CUST1300,Webcam 1080p,2499.0,-1,West,14/05/2024
ORD103795,CUST1407,Portable SSD 1TB,6999.0,0,North,25-12-2024
ORD103997,CUST1026,Monitor 24-inch,8999.0,0,north,19/07/2024
ORD104149,CUST1208,Mechanical Keyboard,3499.0,5,south,25/04/2024
ORD103462,CUST1309,Mechanical Keyboard,3499.0,1,south,20-01-2024
ORD104424,CUST1072,Noise Cancelling Headphones,5999.0,5,north,20/05/2024
ORD100990,CUST1405,USB-C Hub,1299.0,-1,North,12-04-2024
ORD100762,CUST1403,USB-C Hub,1299.0,5,West,2024-01-19
ORD103080,CUST1413,Webcam 1080p,2499.0,2,South,2024-11-15
ORD100101,CUST1285,Portable SSD 1TB,6999.0,2,north,24/09/2024
ORD103344,CUST1311,Portable SSD 1TB,6999.0,-1,south,2024-10-08
ORD101370,CUST1039,Noise Cancelling Headphones,5999.0,5,north,2024-01-15
ORD101583,CUST1049,Laptop Stand,1999.0,0,EAST,2024-06-23
ORD100260,CUST1480,Noise Cancelling Headphones,5999.0,2,south,04-11-2024
ORD100447,CUST1066,Noise Cancelling Headphones,5999.0,2,,2024-06-14
ORD104122,CUST1499,Mechanical Keyboard,3499.0,5,south,10-02-2024
ORD104595,CUST1116,Mechanical Keyboard,3499.0,0,south,14-11-2024
ORD102407,CUST1444,Laptop Stand,1999.0,2,North,03-01-2024
ORD103190,CUST1455,USB-C Hub,1299.0,2,north,20/04/2024
ORD100483,CUST1191,Wireless Mouse,799.0,2,north,03/02/2024
ORD104234,CUST1491,Webcam 1080p,2499.0,5,South,2024-11-01
ORD102203,CUST1473,USB-C Hub,1299.0,,South,2024-09-27
ORD103838,CUST1358,Portable SSD 1TB,6999.0,3,West,11/09/2024
ORD104513,CUST1166,Noise Cancelling Headphones,5999.0,-1,north,03-05-2024
ORD102685,CUST1349,Laptop Stand,1999.0,2,south,2024-03-27
ORD104330,CUST1032,Webcam 1080p,2499.0,3,West,07-11-2024
ORD102656,CUST1115,Laptop Stand,1999.0,2,EAST,18-01-2024
ORD100749,CUST1330,Monitor 24-inch,8999.0,1,North,02-04-2024
ORD104309,CUST1242,USB-C Hub,1299.0,2,South,26-12-2024
ORD100541,CUST1267,Noise Cancelling Headphones,5999.0,1,South,2024-01-24
ORD101089,CUST1296,Monitor 24-inch,8999.0,5,North,24-07-2024
ORD103387,CUST1167,USB-C Hub,1299.0,3,South,21/05/2024
ORD101992,CUST1203,Laptop Stand,1999.0,1,south,17-11-2024
ORD102428,CUST1185,Portable SSD 1TB,6999.0,0,West,07/07/2024
ORD100102,CUST1440,Portable SSD 1TB,6999.0,1,EAST,08-11-2024
ORD103140,CUST1397,Webcam 1080p,2499.0,1,EAST,23/12/2024
ORD103085,CUST1205,Laptop Stand,1999.0,0,North,23/08/2024
ORD100405,CUST1392,Portable SSD 1TB,6999.0,-1,West,12-02-2024
ORD100583,CUST1128,Mechanical Keyboard,3499.0,0,south,18/06/2024
ORD102789,CUST1475,Portable SSD 1TB,6999.0,1,south,18-03-2024
ORD104688,CUST1443,Noise Cancelling Headphones,5999.0,3,,19-12-2024
ORD104533,CUST1029,USB-C Hub,1299.0,1,south,18-09-2024
ORD104578,CUST1163,Wireless Mouse,799.0,-1,south,07-03-2024
ORD104682,CUST1301,Webcam 1080p,2499.0,1,South,24-12-2024
ORD102638,CUST1202,Laptop Stand,1999.0,1,North,25-06-2024
ORD101582,CUST1194,Noise Cancelling Headphones,5999.0,2,West,17-09-2024
ORD101165,CUST1290,Wireless Mouse,799.0,2,south,18-06-2024
ORD104003,CUST1400,Monitor 24-inch,8999.0,0,North,13/08/2024
ORD101502,CUST1011,USB-C Hub,1299.0,2,south,28-03-2024
ORD104644,CUST1255,USB-C Hub,1299.0,,,26-10-2024
ORD102411,CUST1045,Mechanical Keyboard,3499.0,-1,North,2024-07-25
ORD103860,CUST1473,USB-C Hub,1299.0,1,south,20/11/2024
ORD104672,CUST1462,Monitor 24-inch,8999.0,0,south,2024-05-15
ORD102171,CUST1319,Wireless Mouse,799.0,5,South,05/05/2024
ORD102833,CUST1483,Noise Cancelling Headphones,5999.0,-1,south,24-10-2024
ORD104184,CUST1321,Portable SSD 1TB,6999.0,2,north,04-08-2024
ORD103735,CUST1273,Mechanical Keyboard,3499.0,-1,North,09/02/2024
ORD100507,CUST1219,Monitor 24-inch,8999.0,1,West,20-01-2024
ORD103198,CUST1077,Monitor 24-inch,8999.0,1,south,29-10-2024
ORD100703,CUST1392,Webcam 1080p,2499.0,0,,17/08/2024
ORD104920,CUST1399,Mechanical Keyboard,3499.0,0,South,10/10/2024
ORD104296,CUST1387,Portable SSD 1TB,6999.0,1,,2024-08-12
ORD104656,CUST1356,Laptop Stand,1999.0,3,West,19/05/2024
ORD102645,CUST1285,Noise Cancelling Headphones,5999.0,-1,West,2024-08-23
ORD100080,CUST1102,Wireless Mouse,799.0,2,north,2024-05-02
ORD103924,CUST1339,Mechanical Keyboard,3499.0,3,South,21-12-2024
ORD103093,CUST1032,Noise Cancelling Headphones,5999.0,2,,18/06/2024
ORD100000,CUST1327,Mechanical Keyboard,3499.0,3,North,2024-05-05
ORD104755,CUST1198,Mechanical Keyboard,3499.0,-1,south,08/09/2024
ORD102746,CUST1151,USB-C Hub,1299.0,-1,south,21-03-2024
ORD102158,CUST1082,Portable SSD 1TB,6999.0,2,south,2024-07-04
ORD103577,CUST1170,Laptop Stand,1999.0,2,EAST,10/05/2024
ORD104872,CUST1465,Noise Cancelling Headphones,5999.0,2,south,28-02-2024
ORD102475,CUST1495,Laptop Stand,1999.0,-1,EAST,29-09-2024
ORD100613,CUST1294,Mechanical Keyboard,3499.0,2,West,10/05/2024
ORD103929,CUST1176,Monitor 24-inch,8999.0,3,South,06/09/2024
ORD100706,CUST1079,Mechanical Keyboard,3499.0,0,North,2024-07-01
ORD102330,CUST1440,Wireless Mouse,799.0,1,EAST,11-07-2024
ORD104382,CUST1297,Webcam 1080p,2499.0,0,EAST,23-06-2024
ORD102220,CUST1461,USB-C Hub,1299.0,-1,West,2024-01-04
ORD103293,CUST1409,Laptop Stand,1999.0,-1,south,11/08/2024
ORD102553,CUST1432,Mechanical Keyboard,3499.0,0,north,2024-07-12
ORD104760,CUST1133,Webcam 1080p,2499.0,3,north,19/04/2024
ORD104059,CUST1410,Webcam 1080p,2499.0,2,south,21-10-2024
ORD103853,CUST1184,Webcam 1080p,2499.0,5,South,12/06/2024
ORD104827,CUST1377,Monitor 24-inch,8999.0,2,EAST,30/04/2024
ORD100885,CUST1406,Laptop Stand,1999.0,1,South,13/11/2024
ORD101828,CUST1450,Noise Cancelling Headphones,5999.0,1,EAST,14/07/2024
ORD104249,CUST1445,Webcam 1080p,2499.0,1,EAST,23/01/2024
ORD103449,CUST1279,Webcam 1080p,2499.0,1,North,06/02/2024
ORD104332,CUST1246,Webcam 1080p,2499.0,0,South,2024-04-02
ORD104735,CUST1265,Noise Cancelling Headphones,5999.0,1,South,2024-02-15
ORD104146,CUST1426,Portable SSD 1TB,6999.0,2,North,26/03/2024
ORD100722,CUST1156,Monitor 24-inch,8999.0,1,West,2024-06-18
ORD103700,CUST1350,Monitor 24-inch,8999.0,5,South,01-06-2024
ORD101540,CUST1399,Webcam 1080p,2499.0,2,South,26/09/2024
ORD101684,CUST1222,Mechanical Keyboard,3499.0,-1,EAST,2024-11-30
ORD103819,CUST1125,Noise Cancelling Headphones,5999.0,-1,South,2024-07-06
ORD100264,CUST1188,Noise Cancelling Headphones,5999.0,1,South,01-08-2024
ORD104172,CUST1243,Mechanical Keyboard,3499.0,-1,South,22-07-2024
ORD104194,CUST1475,Wireless Mouse,799.0,,south,2024-10-22
ORD102555,CUST1267,USB-C Hub,1299.0,,West,2024-06-03
ORD102734,CUST1309,Monitor 24-inch,8999.0,2,South,21-10-2024
ORD103855,CUST1498,USB-C Hub,1299.0,1,north,13/03/2024
ORD100076,CUST1273,Wireless Mouse,799.0,1,West,12-02-2024
ORD104571,CUST1424,Wireless Mouse,799.0,2,West,20/12/2024
ORD103227,CUST1121,Noise Cancelling Headphones,5999.0,-1,South,2024-03-08
ORD103989,CUST1198,Webcam 1080p,2499.0,3,south,15-06-2024
ORD102446,CUST1129,Wireless Mouse,799.0,3,North,2024-10-26
ORD102368,CUST1397,Portable SSD 1TB,6999.0,1,West,15-06-2024
ORD103194,CUST1097,Mechanical Keyboard,3499.0,2,,2024-07-25
ORD101860,CUST1459,Wireless Mouse,799.0,0,South,08-08-2024
ORD104386,CUST1067,Noise Cancelling Headphones,5999.0,1,south,20-08-2024
ORD100420,CUST1375,Laptop Stand,1999.0,1,south,2024-07-28
ORD100099,CUST1094,Wireless Mouse,799.0,0,EAST,2024-02-28
ORD103744,CUST1386,Wireless Mouse,799.0,1,EAST,04/05/2024
ORD103271,CUST1132,Wireless Mouse,799.0,2,south,2024-06-13
ORD104405,CUST1078,Mechanical Keyboard,3499.0,2,South,08/04/2024
ORD100188,CUST1389,Mechanical Keyboard,3499.0,0,south,25-08-2024
ORD103056,CUST1333,Monitor 24-inch,8999.0,1,West,2024-09-08
ORD102879,CUST1264,Webcam 1080p,2499.0,0,north,25/10/2024
ORD102586,CUST1171,Noise Cancelling Headphones,5999.0,5,North,2024-07-22
ORD101738,CUST1264,Portable SSD 1TB,6999.0,2,West,25-06-2024
ORD101442,CUST1145,USB-C Hub,1299.0,1,West,30-09-2024
ORD101362,CUST1039,Wireless Mouse,799.0,-1,north,2024-03-17
ORD104602,CUST1496,USB-C Hub,1299.0,1,north,2024-06-18
ORD103298,CUST1254,Webcam 1080p,2499.0,2,south,23/06/2024
ORD100656,CUST1399,Noise Cancelling Headphones,5999.0,0,South,2024-07-30
ORD102929,CUST1018,Laptop Stand,1999.0,-1,EAST,26/09/2024
ORD101128,CUST1317,Mechanical Keyboard,3499.0,1,EAST,20-08-2024
ORD102147,CUST1258,Webcam 1080p,2499.0,-1,north,27-09-2024
ORD101964,CUST1313,Mechanical Keyboard,3499.0,2,north,28/09/2024
ORD104732,CUST1189,Noise Cancelling Headphones,5999.0,0,South,13/10/2024
ORD102405,CUST1107,Mechanical Keyboard,3499.0,2,North,25-11-2024
ORD103921,CUST1027,Monitor 24-inch,8999.0,2,West,2024-06-01
ORD104215,CUST1097,Webcam 1080p,2499.0,2,South,23/11/2024
ORD100115,CUST1206,Wireless Mouse,799.0,0,South,2024-07-30
ORD104725,CUST1203,Noise Cancelling Headphones,5999.0,1,south,24/05/2024
ORD102884,CUST1468,Webcam 1080p,2499.0,1,EAST,2024-05-16
ORD103512,CUST1071,USB-C Hub,1299.0,3,North,14/02/2024
ORD103442,CUST1110,Portable SSD 1TB,6999.0,3,north,15-09-2024
ORD103715,CUST1228,Mechanical Keyboard,3499.0,-1,South,13/03/2024
ORD104285,CUST1383,Webcam 1080p,2499.0,0,south,28/01/2024
ORD100289,CUST1341,Mechanical Keyboard,3499.0,3,West,22/03/2024
ORD100221,CUST1425,Monitor 24-inch,8999.0,0,South,2024-11-19
ORD102140,CUST1098,Noise Cancelling Headphones,5999.0,1,North,17/01/2024
ORD102513,CUST1419,USB-C Hub,1299.0,3,EAST,2024-09-20
ORD102263,CUST1303,Mechanical Keyboard,3499.0,2,South,2024-09-09
ORD102129,CUST1431,Noise Cancelling Headphones,5999.0,5,South,07-12-2024
ORD102128,CUST1478,USB-C Hub,1299.0,1,North,2024-08-29
ORD100042,CUST1313,Wireless Mouse,799.0,3,South,2024-12-05
ORD104703,CUST1121,Wireless Mouse,799.0,3,EAST,28/09/2024
ORD103319,CUST1243,Monitor 24-inch,8999.0,0,north,10/03/2024
ORD101800,CUST1086,USB-C Hub,1299.0,1,North,2024-06-27
ORD101769,CUST1383,Mechanical Keyboard,3499.0,-1,EAST,2024-03-18
ORD100622,CUST1241,Portable SSD 1TB,6999.0,1,North,2024-05-14
ORD101768,CUST1327,Noise Cancelling Headphones,5999.0,5,EAST,12/08/2024
ORD103394,CUST1032,Laptop Stand,1999.0,3,EAST,15/12/2024
ORD102800,CUST1491,Portable SSD 1TB,6999.0,-1,South,24/05/2024
ORD104374,CUST1160,Webcam 1080p,2499.0,-1,south,2024-05-20
ORD101950,CUST1335,Webcam 1080p,2499.0,2,EAST,2024-02-03
ORD103295,CUST1360,Mechanical Keyboard,3499.0,1,South,17-06-2024
ORD100014,CUST1252,Mechanical Keyboard,3499.0,1,North,19-03-2024
ORD104911,CUST1038,Webcam 1080p,2499.0,1,North,2024-08-17
ORD102967,CUST1006,Mechanical Keyboard,3499.0,2,EAST,2024-06-14
ORD103393,CUST1023,Wireless Mouse,799.0,5,south,2024-01-02
ORD102708,CUST1499,USB-C Hub,1299.0,1,South,06-02-2024
ORD103554,CUST1028,Webcam 1080p,2499.0,1,EAST,21/07/2024
ORD103463,CUST1056,Portable SSD 1TB,6999.0,3,North,2024-03-27
ORD103837,CUST1258,Monitor 24-inch,8999.0,2,South,2024-07-01
ORD103742,CUST1356,USB-C Hub,1299.0,-1,North,23-04-2024
ORD101552,CUST1349,Webcam 1080p,2499.0,2,North,04/10/2024
ORD103183,CUST1447,Portable SSD 1TB,6999.0,3,South,18-09-2024
ORD103939,CUST1483,Noise Cancelling Headphones,5999.0,1,EAST,22-07-2024
ORD102380,CUST1088,Mechanical Keyboard,3499.0,2,South,2024-04-07
ORD100744,CUST1218,Portable SSD 1TB,6999.0,-1,North,09/06/2024
ORD103844,CUST1317,USB-C Hub,1299.0,2,south,19-02-2024
ORD103476,CUST1448,Wireless Mouse,799.0,-1,North,28-07-2024
ORD102648,CUST1156,Laptop Stand,1999.0,2,South,17/10/2024
ORD103677,CUST1060,Monitor 24-inch,8999.0,2,West,08-01-2024
ORD100309,CUST1329,Portable SSD 1TB,6999.0,5,north,22/12/2024
ORD104770,CUST1308,Mechanical Keyboard,3499.0,3,north,27/06/2024
ORD103433,CUST1240,Laptop Stand,1999.0,1,north,2024-07-31
ORD101038,CUST1216,Wireless Mouse,799.0,2,North,19-03-2024
ORD103864,CUST1103,USB-C Hub,1299.0,1,south,24-01-2024
ORD102253,CUST1042,Monitor 24-inch,8999.0,-1,North,29-05-2024
ORD103676,CUST1085,Portable SSD 1TB,6999.0,1,,29/03/2024
ORD100615,CUST1003,Mechanical Keyboard,3499.0,1,north,11-07-2024
ORD102120,CUST1481,Webcam 1080p,2499.0,-1,West,27-01-2024
ORD100864,CUST1271,Mechanical Keyboard,3499.0,5,north,03-10-2024
ORD103862,CUST1254,Mechanical Keyboard,3499.0,1,South,06/01/2024
ORD100279,CUST1244,Laptop Stand,1999.0,5,EAST,26-05-2024
ORD102783,CUST1259,Noise Cancelling Headphones,5999.0,5,North,07-04-2024
ORD102836,CUST1083,Portable SSD 1TB,6999.0,0,south,21/01/2024
ORD104863,CUST1329,Mechanical Keyboard,3499.0,3,South,22-03-2024
ORD102521,CUST1410,Mechanical Keyboard,3499.0,-1,north,2024-05-06
ORD101040,CUST1026,Noise Cancelling Headphones,5999.0,1,North,18-11-2024
ORD101947,CUST1498,Laptop Stand,1999.0,1,South,2024-12-25
ORD100966,CUST1290,Monitor 24-inch,8999.0,2,West,2024-06-26
ORD102274,CUST1214,Mechanical Keyboard,3499.0,3,North,19-01-2024
ORD102928,CUST1455,Laptop Stand,1999.0,-1,south,2024-02-21
ORD103454,CUST1394,Laptop Stand,1999.0,5,EAST,03-06-2024
ORD101285,CUST1470,Noise Cancelling Headphones,5999.0,2,South,13-12-2024
ORD102887,CUST1251,Mechanical Keyboard,3499.0,5,EAST,2024-10-22
ORD100109,CUST1252,Monitor 24-inch,8999.0,1,North,09-08-2024
ORD102420,CUST1397,Mechanical Keyboard,3499.0,0,south,2024-03-01
ORD102873,CUST1303,Portable SSD 1TB,6999.0,1,north,2024-06-07
ORD102096,CUST1365,Laptop Stand,1999.0,1,south,04/02/2024
ORD101910,CUST1153,USB-C Hub,1299.0,0,North,29-07-2024
ORD102048,CUST1245,Laptop Stand,1999.0,0,south,01/09/2024
ORD102689,CUST1235,Wireless Mouse,799.0,2,north,18-07-2024
ORD103387,CUST1167,USB-C Hub,1299.0,3,South,21/05/2024
ORD102516,CUST1239,Noise Cancelling Headphones,5999.0,2,South,2024-04-10
ORD100267,CUST1317,Portable SSD 1TB,6999.0,2,south,17-01-2024
ORD102239,CUST1147,Wireless Mouse,799.0,-1,EAST,2024-08-28
ORD102947,CUST1294,Mechanical Keyboard,3499.0,1,EAST,28/03/2024
ORD103885,CUST1461,Wireless Mouse,799.0,2,North,2024-03-19
ORD100130,CUST1446,Wireless Mouse,799.0,1,north,30-04-2024
ORD102641,CUST1045,Portable SSD 1TB,6999.0,1,South,28/08/2024
ORD101864,CUST1127,USB-C Hub,1299.0,1,south,28/11/2024
ORD102314,CUST1496,Laptop Stand,1999.0,2,south,2024-08-20
ORD104244,CUST1464,Noise Cancelling Headphones,5999.0,-1,South,2024-01-25
ORD103058,CUST1295,Laptop Stand,1999.0,5,North,2024-03-30
ORD103728,CUST1196,Noise Cancelling Headphones,5999.0,2,north,2024-05-23
ORD100946,CUST1392,Webcam 1080p,2499.0,-1,South,01/07/2024
ORD102880,CUST1448,Noise Cancelling Headphones,5999.0,5,West,21-11-2024
ORD103575,CUST1425,Portable SSD 1TB,6999.0,5,West,23-10-2024
ORD100152,CUST1208,Webcam 1080p,2499.0,5,North,21/04/2024
ORD104917,CUST1102,Mechanical Keyboard,3499.0,5,south,06/07/2024
ORD100078,CUST1450,Portable SSD 1TB,6999.0,-1,EAST,2024-05-09
ORD101378,CUST1082,Noise Cancelling Headphones,5999.0,2,West,22/06/2024
ORD101997,CUST1155,Noise Cancelling Headphones,5999.0,1,West,27-11-2024
ORD102878,CUST1463,Webcam 1080p,2499.0,3,south,18/07/2024
ORD104057,CUST1491,Noise Cancelling Headphones,5999.0,1,West,06-01-2024
ORD104691,CUST1378,Mechanical Keyboard,3499.0,0,West,22/09/2024
ORD100781,CUST1442,Mechanical Keyboard,3499.0,3,North,23-01-2024
ORD104842,CUST1439,Monitor 24-inch,8999.0,0,South,13-05-2024
ORD102922,CUST1137,Webcam 1080p,2499.0,1,North,29-01-2024
ORD100909,CUST1228,Mechanical Keyboard,3499.0,-1,north,09/04/2024
ORD101993,CUST1191,Portable SSD 1TB,6999.0,2,south,07/11/2024
ORD103651,CUST1033,Webcam 1080p,2499.0,-1,West,08-10-2024
ORD104646,CUST1429,Mechanical Keyboard,3499.0,0,EAST,24-04-2024
ORD104883,CUST1365,Monitor 24-inch,8999.0,3,south,2024-08-24
ORD101087,CUST1277,Wireless Mouse,799.0,2,north,31-08-2024
ORD102347,CUST1444,Noise Cancelling Headphones,5999.0,-1,West,13/11/2024
ORD104990,CUST1093,Laptop Stand,1999.0,2,north,11-06-2024
ORD103889,CUST1075,Mechanical Keyboard,3499.0,5,south,2024-11-21
ORD101501,CUST1430,Webcam 1080p,2499.0,0,north,02-12-2024
ORD101051,CUST1220,Mechanical Keyboard,3499.0,2,north,02-03-2024
ORD100542,CUST1380,Portable SSD 1TB,6999.0,3,North,2024-11-08
ORD102394,CUST1237,Monitor 24-inch,8999.0,,south,20/07/2024
ORD101907,CUST1383,Laptop Stand,1999.0,0,South,09/11/2024
ORD104707,CUST1263,USB-C Hub,1299.0,3,West,08-03-2024
ORD100993,CUST1409,Webcam 1080p,2499.0,1,south,31/07/2024
ORD102361,CUST1166,Webcam 1080p,2499.0,1,West,16/06/2024
ORD101781,CUST1009,Wireless Mouse,799.0,5,south,2024-08-06
ORD100976,CUST1160,Webcam 1080p,2499.0,-1,North,05-07-2024
ORD103380,CUST1147,Laptop Stand,1999.0,1,south,18/03/2024
ORD101155,CUST1226,Laptop Stand,1999.0,1,EAST,2024-07-02
ORD100465,CUST1041,Monitor 24-inch,8999.0,3,North,22/07/2024
ORD102778,CUST1438,Webcam 1080p,2499.0,2,south,27/02/2024
ORD102242,CUST1076,Webcam 1080p,2499.0,2,north,13/06/2024
ORD103445,CUST1053,Portable SSD 1TB,6999.0,2,,28-06-2024
ORD103424,CUST1433,Mechanical Keyboard,3499.0,0,EAST,2024-07-18
ORD103376,CUST1459,USB-C Hub,1299.0,1,North,26-07-2024
ORD101939,CUST1011,USB-C Hub,1299.0,2,North,2024-02-08
ORD104968,CUST1289,Portable SSD 1TB,6999.0,2,EAST,18/01/2024
ORD100533,CUST1423,Wireless Mouse,799.0,2,North,15/09/2024
ORD104568,CUST1429,Wireless Mouse,799.0,1,north,20-12-2024
ORD103560,CUST1378,Mechanical Keyboard,3499.0,2,South,2024-07-14
ORD101945,CUST1361,USB-C Hub,1299.0,3,West,12-12-2024
ORD103733,CUST1029,Noise Cancelling Headphones,5999.0,2,south,24/02/2024
ORD104451,CUST1150,USB-C Hub,1299.0,0,North,22-12-2024
ORD100077,CUST1093,Wireless Mouse,799.0,-1,EAST,2024-06-16
ORD102328,CUST1011,Monitor 24-inch,8999.0,-1,South,25-07-2024
ORD104021,CUST1453,Monitor 24-inch,8999.0,1,south,2024-05-08
ORD102934,CUST1049,Monitor 24-inch,8999.0,2,south,19-06-2024
ORD103122,CUST1091,Monitor 24-inch,8999.0,-1,West,24/09/2024
ORD101458,CUST1331,Mechanical Keyboard,3499.0,,south,24-02-2024
ORD101141,CUST1112,Webcam 1080p,2499.0,2,South,22-06-2024
ORD100779,CUST1256,USB-C Hub,1299.0,5,south,04-09-2024
ORD101415,CUST1199,USB-C Hub,1299.0,5,West,2024-09-21
ORD103104,CUST1299,USB-C Hub,1299.0,3,EAST,20-04-2024
ORD104060,CUST1492,Noise Cancelling Headphones,5999.0,-1,north,16/12/2024
ORD104268,CUST1047,USB-C Hub,1299.0,1,,02/08/2024
ORD102846,CUST1062,Wireless Mouse,799.0,3,south,31/05/2024
ORD103464,CUST1145,Wireless Mouse,799.0,2,North,12/02/2024
ORD102909,CUST1059,Laptop Stand,1999.0,5,north,2024-04-18
ORD103487,CUST1364,Noise Cancelling Headphones,5999.0,3,south,09-02-2024
ORD101060,CUST1487,Noise Cancelling Headphones,5999.0,0,North,2024-03-15
ORD102267,CUST1054,Noise Cancelling Headphones,5999.0,1,West,2024-10-08
ORD100392,CUST1084,Wireless Mouse,799.0,3,West,2024-12-24
ORD100035,CUST1277,Wireless Mouse,799.0,5,South,2024-01-30
ORD100025,CUST1301,Laptop Stand,1999.0,2,north,2024-01-04
ORD104383,CUST1499,Noise Cancelling Headphones,5999.0,5,North,14-06-2024
ORD104744,CUST1417,Portable SSD 1TB,6999.0,3,EAST,16/01/2024
ORD101376,CUST1012,Portable SSD 1TB,6999.0,1,West,2024-05-28
ORD101358,CUST1434,USB-C Hub,1299.0,0,EAST,14-03-2024
ORD102558,CUST1070,Monitor 24-inch,8999.0,-1,EAST,2024-11-04
ORD100154,CUST1097,Mechanical Keyboard,3499.0,1,West,2024-12-05
ORD100611,CUST1000,Portable SSD 1TB,6999.0,-1,north,2024-07-08
ORD100406,CUST1142,Mechanical Keyboard,3499.0,1,EAST,2024-09-18
ORD103123,CUST1470,Wireless Mouse,799.0,2,West,08-05-2024
ORD101202,CUST1020,Portable SSD 1TB,6999.0,3,South,2024-01-13
ORD104174,CUST1027,Wireless Mouse,799.0,1,North,26-02-2024
ORD101033,CUST1344,Mechanical Keyboard,3499.0,1,West,03/01/2024
ORD100177,CUST1139,Laptop Stand,1999.0,1,north,25/06/2024
ORD102999,CUST1256,USB-C Hub,1299.0,1,South,27-09-2024
ORD103752,CUST1162,Laptop Stand,1999.0,5,North,2024-07-18
ORD103664,CUST1356,Wireless Mouse,799.0,5,EAST,12-01-2024
ORD102464,CUST1391,Mechanical Keyboard,3499.0,0,south,11-12-2024
ORD102700,CUST1438,Webcam 1080p,2499.0,5,North,2024-03-17
ORD101688,CUST1005,Monitor 24-inch,8999.0,-1,South,2024-08-04
ORD101236,CUST1310,Monitor 24-inch,8999.0,1,West,27/06/2024
ORD104790,CUST1012,USB-C Hub,1299.0,1,South,2024-06-04
ORD103925,CUST1482,Noise Cancelling Headphones,5999.0,5,West,24/07/2024
ORD100689,CUST1232,Wireless Mouse,799.0,-1,South,2024-04-04
ORD103460,CUST1235,Webcam 1080p,2499.0,2,EAST,05-09-2024
ORD103461,CUST1109,Portable SSD 1TB,6999.0,5,West,08/09/2024
ORD103546,CUST1056,USB-C Hub,1299.0,1,South,2024-08-03
ORD101918,CUST1328,Portable SSD 1TB,6999.0,2,north,18/03/2024
ORD104304,CUST1239,Mechanical Keyboard,3499.0,1,South,29/08/2024
ORD104092,CUST1386,Portable SSD 1TB,6999.0,1,South,26-01-2024
ORD100296,CUST1067,Portable SSD 1TB,6999.0,1,West,13/10/2024
ORD104804,CUST1475,Noise Cancelling Headphones,5999.0,5,south,2024-10-19
ORD102400,CUST1280,Laptop Stand,1999.0,1,south,23/01/2024
ORD101299,CUST1101,Mechanical Keyboard,3499.0,,north,2024-07-29
ORD104319,CUST1264,Mechanical Keyboard,3499.0,3,EAST,28-10-2024
ORD103983,CUST1487,Monitor 24-inch,8999.0,1,north,22/04/2024
ORD101757,CUST1256,Webcam 1080p,2499.0,0,EAST,22-02-2024
ORD100575,CUST1344,Mechanical Keyboard,3499.0,1,north,24-11-2024
ORD101765,CUST1408,Laptop Stand,1999.0,0,north,2024-05-20
ORD102396,CUST1228,Monitor 24-inch,8999.0,2,North,2024-10-19
ORD102318,CUST1342,Noise Cancelling Headphones,5999.0,0,south,10-09-2024
ORD104190,CUST1350,Webcam 1080p,2499.0,-1,south,26-12-2024
ORD100160,CUST1398,Noise Cancelling Headphones,5999.0,1,north,19-08-2024
ORD100979,CUST1168,Portable SSD 1TB,6999.0,2,South,2024-08-04
ORD102749,CUST1379,Portable SSD 1TB,6999.0,1,north,17-01-2024
ORD104224,CUST1493,Portable SSD 1TB,6999.0,-1,north,20-02-2024
ORD101785,CUST1336,Laptop Stand,1999.0,3,south,24/03/2024
ORD103903,CUST1248,Mechanical Keyboard,3499.0,,EAST,13/05/2024
ORD102901,CUST1177,Mechanical Keyboard,3499.0,-1,North,2024-05-28
ORD103411,CUST1052,Noise Cancelling Headphones,5999.0,3,North,12-06-2024
ORD102438,CUST1058,Laptop Stand,1999.0,1,North,16/10/2024
ORD100752,CUST1407,USB-C Hub,1299.0,1,South,2024-02-16
ORD101650,CUST1311,Monitor 24-inch,8999.0,2,West,30-08-2024
ORD100451,CUST1475,Noise Cancelling Headphones,5999.0,2,south,12/07/2024
ORD102073,CUST1390,Laptop Stand,1999.0,-1,south,14-04-2024
ORD104588,CUST1060,Webcam 1080p,2499.0,-1,EAST,09/01/2024
ORD102046,CUST1153,USB-C Hub,1299.0,-1,South,06/01/2024
ORD101674,CUST1262,USB-C Hub,1299.0,2,EAST,2024-10-17
ORD101076,CUST1225,Monitor 24-inch,8999.0,-1,South,2024-03-24
ORD102633,CUST1383,Mechanical Keyboard,3499.0,-1,North,03-07-2024
ORD104168,CUST1198,USB-C Hub,1299.0,1,EAST,20-07-2024
ORD101239,CUST1447,Monitor 24-inch,8999.0,0,south,29/02/2024
ORD103779,CUST1317,USB-C Hub,1299.0,5,north,2024-06-24
ORD103348,CUST1079,Portable SSD 1TB,6999.0,1,South,2024-09-18
ORD104394,CUST1408,Mechanical Keyboard,3499.0,1,north,04-07-2024
ORD103874,CUST1314,Laptop Stand,1999.0,2,North,18-07-2024
ORD100573,CUST1037,Wireless Mouse,799.0,3,south,2024-10-12
ORD103791,CUST1454,USB-C Hub,1299.0,3,south,2024-12-21
ORD101764,CUST1191,Wireless Mouse,799.0,-1,EAST,14/07/2024
ORD101080,CUST1405,USB-C Hub,1299.0,-1,south,25/01/2024
ORD101471,CUST1298,Wireless Mouse,799.0,,West,2024-08-29
ORD102139,CUST1373,Webcam 1080p,2499.0,2,South,30-08-2024
ORD100877,CUST1242,Monitor 24-inch,8999.0,1,EAST,07-08-2024
ORD103026,CUST1275,Laptop Stand,1999.0,2,north,27-05-2024
ORD100825,CUST1026,USB-C Hub,1299.0,-1,West,31/08/2024
ORD100794,CUST1433,USB-C Hub,1299.0,5,EAST,05-11-2024
ORD102487,CUST1115,Noise Cancelling Headphones,5999.0,2,north,20-07-2024
ORD103337,CUST1334,Monitor 24-inch,8999.0,0,North,15-11-2024
ORD100237,CUST1044,Noise Cancelling Headphones,5999.0,5,South,2024-12-29
ORD100382,CUST1443,USB-C Hub,1299.0,2,south,30/12/2024
ORD102735,CUST1451,Webcam 1080p,2499.0,2,North,2024-03-21
ORD104159,CUST1290,Mechanical Keyboard,3499.0,1,West,18-04-2024
ORD101541,CUST1053,Wireless Mouse,799.0,-1,EAST,27-12-2024
ORD101286,CUST1224,Noise Cancelling Headphones,5999.0,3,West,21/05/2024
ORD104499,CUST1065,Noise Cancelling Headphones,5999.0,0,South,07-10-2024
ORD101346,CUST1115,Portable SSD 1TB,6999.0,1,South,2024-09-08
ORD102686,CUST1226,Laptop Stand,1999.0,,South,24-09-2024
ORD102910,CUST1022,Portable SSD 1TB,6999.0,-1,West,13-05-2024
ORD101525,CUST1312,Webcam 1080p,2499.0,1,West,06-10-2024
ORD103441,CUST1306,Mechanical Keyboard,3499.0,2,West,26-10-2024
ORD102640,CUST1275,Laptop Stand,1999.0,1,south,2024-12-16
ORD104849,CUST1465,Noise Cancelling Headphones,5999.0,-1,EAST,2024-03-24
ORD100341,CUST1285,Portable SSD 1TB,6999.0,1,North,15/02/2024
ORD100458,CUST1442,Laptop Stand,1999.0,0,south,2024-02-07
ORD102576,CUST1439,Portable SSD 1TB,6999.0,2,EAST,31/10/2024
ORD102172,CUST1019,Mechanical Keyboard,3499.0,3,North,2024-12-06
ORD103766,CUST1140,Wireless Mouse,799.0,3,north,22/02/2024
ORD101822,CUST1375,Mechanical Keyboard,3499.0,-1,North,2024-03-12
ORD103302,CUST1189,Portable SSD 1TB,6999.0,0,EAST,21-10-2024
ORD103657,CUST1111,Webcam 1080p,2499.0,2,EAST,08-08-2024
ORD101745,CUST1378,USB-C Hub,1299.0,2,South,26-04-2024
ORD102399,CUST1497,Mechanical Keyboard,3499.0,5,south,22-07-2024
ORD101681,CUST1373,Portable SSD 1TB,6999.0,-1,north,2024-09-30
ORD103839,CUST1496,Laptop Stand,1999.0,1,EAST,15-09-2024
ORD103586,CUST1418,Laptop Stand,1999.0,0,North,05-03-2024
ORD102790,CUST1358,Portable SSD 1TB,6999.0,-1,south,05/05/2024
ORD103979,CUST1098,Mechanical Keyboard,3499.0,-1,North,04/07/2024
ORD104125,CUST1283,Webcam 1080p,2499.0,0,EAST,21-11-2024
ORD104290,CUST1009,Portable SSD 1TB,6999.0,0,EAST,20-03-2024
ORD104492,CUST1252,Portable SSD 1TB,6999.0,2,south,2024-05-12
ORD104204,CUST1489,Laptop Stand,1999.0,2,North,2024-10-22
ORD100884,CUST1271,Wireless Mouse,799.0,-1,EAST,18-05-2024
ORD103988,CUST1285,Monitor 24-inch,8999.0,0,West,25-08-2024
ORD103321,CUST1162,Wireless Mouse,799.0,2,West,30/06/2024
ORD101474,CUST1234,Wireless Mouse,799.0,3,EAST,29/12/2024
ORD100191,CUST1019,Wireless Mouse,799.0,3,EAST,09-02-2024
ORD100463,CUST1281,Monitor 24-inch,8999.0,1,south,2024-07-03
ORD103288,CUST1474,Wireless Mouse,799.0,2,West,2024-01-08
ORD101500,CUST1200,Wireless Mouse,799.0,3,North,26/07/2024
ORD103175,CUST1195,USB-C Hub,1299.0,3,South,20-06-2024
ORD100486,CUST1325,Mechanical Keyboard,3499.0,1,South,03/05/2024
ORD102431,CUST1022,Wireless Mouse,799.0,1,,2024-01-20
ORD101577,CUST1085,Mechanical Keyboard,3499.0,-1,south,04/08/2024
ORD104399,CUST1351,Portable SSD 1TB,6999.0,2,South,24/08/2024
ORD103366,CUST1416,Wireless Mouse,799.0,-1,North,2024-04-21
ORD104838,CUST1096,Portable SSD 1TB,6999.0,5,north,18-08-2024
ORD103343,CUST1164,Monitor 24-inch,8999.0,1,north,12-10-2024
ORD104710,CUST1063,Portable SSD 1TB,6999.0,5,South,04/06/2024
ORD103777,CUST1269,Portable SSD 1TB,6999.0,3,West,20-01-2024
ORD102657,CUST1427,Noise Cancelling Headphones,5999.0,0,South,2024-07-26
ORD104002,CUST1305,USB-C Hub,1299.0,-1,South,2024-02-04
ORD100418,CUST1044,Monitor 24-inch,8999.0,5,North,12/04/2024
ORD104713,CUST1208,Webcam 1080p,2499.0,2,North,2024-06-19
ORD104001,CUST1270,Noise Cancelling Headphones,5999.0,-1,South,06/01/2024
ORD101049,CUST1212,Monitor 24-inch,8999.0,,EAST,17-04-2024
ORD103238,CUST1381,Mechanical Keyboard,3499.0,5,north,04-05-2024
ORD100786,CUST1411,Webcam 1080p,2499.0,2,north,2024-03-28
ORD100579,CUST1346,Noise Cancelling Headphones,5999.0,2,,2024-03-04
ORD101604,CUST1110,Portable SSD 1TB,6999.0,5,North,13-05-2024
ORD101425,CUST1005,USB-C Hub,1299.0,1,South,01/03/2024
ORD104074,CUST1150,Monitor 24-inch,8999.0,1,EAST,20-11-2024
ORD102729,CUST1152,Noise Cancelling Headphones,5999.0,3,EAST,23/04/2024
ORD102841,CUST1108,Wireless Mouse,799.0,5,South,18-07-2024
ORD103418,CUST1440,Portable SSD 1TB,6999.0,3,South,2024-06-19
ORD102297,CUST1145,Wireless Mouse,799.0,-1,EAST,2024-12-05
ORD100632,CUST1014,Monitor 24-inch,8999.0,3,North,04/02/2024
ORD102019,CUST1278,Wireless Mouse,799.0,1,north,2024-10-21
ORD103823,CUST1422,Portable SSD 1TB,6999.0,1,North,03-11-2024
ORD104395,CUST1244,Noise Cancelling Headphones,5999.0,1,north,2024-12-28
ORD103372,CUST1221,Portable SSD 1TB,6999.0,0,North,16/04/2024
ORD102154,CUST1392,Webcam 1080p,2499.0,1,north,11-09-2024
ORD104462,CUST1063,Laptop Stand,1999.0,2,North,31/07/2024
ORD100504,CUST1291,Monitor 24-inch,8999.0,5,south,2024-04-02
ORD103145,CUST1210,Monitor 24-inch,8999.0,3,,11-02-2024
ORD104886,CUST1284,Mechanical Keyboard,3499.0,2,north,18-09-2024
ORD101269,CUST1334,USB-C Hub,1299.0,3,North,2024-01-18
ORD101830,CUST1374,Noise Cancelling Headphones,5999.0,0,south,25/12/2024
ORD103660,CUST1026,Monitor 24-inch,8999.0,3,south,29-03-2024
ORD100343,CUST1461,Laptop Stand,1999.0,2,north,16/12/2024
ORD103495,CUST1294,Wireless Mouse,799.0,-1,West,17-10-2024
ORD104240,CUST1059,Laptop Stand,1999.0,-1,south,29-12-2024
ORD101173,CUST1141,Laptop Stand,1999.0,2,North,2024-08-16
ORD103668,CUST1444,USB-C Hub,1299.0,5,West,04/04/2024
ORD100997,CUST1367,Portable SSD 1TB,6999.0,0,West,2024-03-01
ORD104431,CUST1455,USB-C Hub,1299.0,0,north,03/09/2024
ORD102473,CUST1005,USB-C Hub,1299.0,5,north,22/02/2024
ORD102674,CUST1331,Wireless Mouse,799.0,-1,South,23-06-2024
ORD104606,CUST1370,USB-C Hub,1299.0,0,North,2024-06-09
ORD102362,CUST1088,Noise Cancelling Headphones,5999.0,2,north,02/08/2024
ORD101869,CUST1031,Wireless Mouse,799.0,5,,2024-02-18
ORD101348,CUST1470,Mechanical Keyboard,3499.0,2,North,01/04/2024
ORD102501,CUST1195,USB-C Hub,1299.0,2,South,02/08/2024
ORD102488,CUST1216,Laptop Stand,1999.0,-1,South,22-12-2024
ORD101213,CUST1371,Noise Cancelling Headphones,5999.0,-1,West,31/07/2024
ORD101956,CUST1497,Portable SSD 1TB,6999.0,0,West,2024-08-19
ORD100667,CUST1484,Monitor 24-inch,8999.0,1,EAST,08/08/2024
ORD101851,CUST1074,Wireless Mouse,799.0,2,EAST,11-01-2024
ORD104043,CUST1468,USB-C Hub,1299.0,0,EAST,01-05-2024
ORD101896,CUST1245,Mechanical Keyboard,3499.0,2,North,20/01/2024
ORD103225,CUST1273,Wireless Mouse,799.0,-1,south,2024-06-13
ORD103274,CUST1093,Wireless Mouse,799.0,1,north,08-05-2024
ORD104812,CUST1432,Monitor 24-inch,8999.0,0,West,2024-09-10
ORD102207,CUST1023,Noise Cancelling Headphones,5999.0,0,EAST,03-05-2024
ORD104748,CUST1196,Laptop Stand,1999.0,5,north,2024-05-07
ORD100896,CUST1032,Wireless Mouse,799.0,5,south,29-07-2024
ORD102016,CUST1070,Noise Cancelling Headphones,5999.0,0,EAST,18-08-2024
ORD104192,CUST1309,Wireless Mouse,799.0,0,EAST,2024-09-02
ORD101731,CUST1336,Noise Cancelling Headphones,5999.0,2,south,2024-09-04
ORD102344,CUST1468,Portable SSD 1TB,6999.0,0,north,2024-03-19
ORD104494,CUST1416,Laptop Stand,1999.0,2,West,05/04/2024
ORD101012,CUST1020,Monitor 24-inch,8999.0,0,EAST,22/08/2024
ORD102217,CUST1088,USB-C Hub,1299.0,1,south,2024-04-01
ORD102227,CUST1438,Mechanical Keyboard,3499.0,0,north,21-07-2024
ORD104671,CUST1136,Portable SSD 1TB,6999.0,1,West,2024-05-06
ORD103516,CUST1399,Noise Cancelling Headphones,5999.0,2,North,2024-03-18
ORD104837,CUST1460,Monitor 24-inch,8999.0,1,south,12/11/2024
ORD102505,CUST1391,Noise Cancelling Headphones,5999.0,1,north,2024-07-18
ORD104692,CUST1136,Webcam 1080p,2499.0,1,EAST,09-10-2024
ORD103974,CUST1200,Monitor 24-inch,8999.0,0,North,2024-05-21
ORD103812,CUST1332,Laptop Stand,1999.0,5,EAST,11-03-2024
ORD103689,CUST1328,Mechanical Keyboard,3499.0,1,EAST,2024-07-27
ORD103202,CUST1463,Portable SSD 1TB,6999.0,1,south,28/11/2024
ORD102001,CUST1000,Wireless Mouse,799.0,1,north,06/01/2024
ORD104049,CUST1114,Wireless Mouse,799.0,1,south,25/04/2024
ORD104073,CUST1106,Wireless Mouse,799.0,2,south,04/08/2024
ORD102131,CUST1420,Laptop Stand,1999.0,-1,south,2024-09-08
ORD102595,CUST1368,USB-C Hub,1299.0,3,EAST,13-08-2024
ORD104996,CUST1290,Laptop Stand,1999.0,0,North,2024-04-23
ORD100218,CUST1259,Wireless Mouse,799.0,0,West,23-01-2024
ORD104343,CUST1314,Webcam 1080p,2499.0,1,north,2024-06-10
ORD100821,CUST1089,USB-C Hub,1299.0,0,South,2024-07-08
ORD101181,CUST1175,Portable SSD 1TB,6999.0,-1,south,2024-01-20
ORD102713,CUST1491,Noise Cancelling Headphones,5999.0,0,South,28-11-2024
ORD103314,CUST1008,Laptop Stand,1999.0,,EAST,22-01-2024
ORD101628,CUST1087,Monitor 24-inch,8999.0,-1,south,2024-07-23
ORD103609,CUST1461,USB-C Hub,1299.0,0,South,2024-12-08
ORD102458,CUST1120,Noise Cancelling Headphones,5999.0,0,South,2024-03-16
ORD103815,CUST1239,Noise Cancelling Headphones,5999.0,3,North,01/11/2024
ORD104075,CUST1419,Monitor 24-inch,8999.0,1,south,2024-05-03
ORD102223,CUST1346,Noise Cancelling Headphones,5999.0,2,West,31-10-2024
ORD102196,CUST1451,Webcam 1080p,2499.0,,south,2024-05-23
ORD102600,CUST1142,Noise Cancelling Headphones,5999.0,1,south,19/04/2024
ORD100660,CUST1199,Webcam 1080p,2499.0,2,south,25/05/2024
ORD101928,CUST1290,Noise Cancelling Headphones,5999.0,1,EAST,2024-07-08
ORD102564,CUST1187,Monitor 24-inch,8999.0,1,North,2024-01-26
ORD104460,CUST1320,Laptop Stand,1999.0,5,EAST,17-03-2024
ORD100498,CUST1326,Monitor 24-inch,8999.0,5,South,16/09/2024
ORD101249,CUST1151,Laptop Stand,1999.0,0,West,16-03-2024
ORD100945,CUST1102,Portable SSD 1TB,6999.0,2,North,05-08-2024
ORD103471,CUST1186,Webcam 1080p,2499.0,2,south,17-08-2024
ORD103794,CUST1175,Webcam 1080p,2499.0,2,North,30-12-2024
ORD103412,CUST1048,Portable SSD 1TB,6999.0,2,West,15-04-2024
ORD102798,CUST1199,Webcam 1080p,2499.0,2,EAST,2024-12-10
ORD103379,CUST1147,Wireless Mouse,799.0,2,South,29-10-2024
ORD103279,CUST1035,Laptop Stand,1999.0,2,,2024-03-04
ORD103811,CUST1283,Monitor 24-inch,8999.0,3,West,10/09/2024
ORD102342,CUST1095,Wireless Mouse,799.0,0,north,20/05/2024
ORD103536,CUST1337,Portable SSD 1TB,6999.0,2,West,05/03/2024
ORD100235,CUST1134,Webcam 1080p,2499.0,0,South,19-04-2024
ORD102204,CUST1393,Portable SSD 1TB,6999.0,5,north,01/01/2024
ORD101211,CUST1156,Monitor 24-inch,8999.0,-1,EAST,14-10-2024
ORD103040,CUST1116,Wireless Mouse,799.0,0,south,2024-05-31
ORD102615,CUST1462,Mechanical Keyboard,3499.0,-1,North,20/07/2024
ORD103880,CUST1490,Noise Cancelling Headphones,5999.0,3,south,2024-08-13
ORD103456,CUST1343,Mechanical Keyboard,3499.0,1,West,15-04-2024
ORD100422,CUST1053,Laptop Stand,1999.0,2,north,02/08/2024
ORD100928,CUST1067,Wireless Mouse,799.0,5,West,08-06-2024
ORD104553,CUST1435,Noise Cancelling Headphones,5999.0,0,North,2024-12-25
ORD101221,CUST1154,Portable SSD 1TB,6999.0,3,north,29-07-2024
ORD103296,CUST1116,Webcam 1080p,2499.0,1,North,2024-12-24
ORD104614,CUST1014,Mechanical Keyboard,3499.0,1,North,15-04-2024
ORD101150,CUST1242,Webcam 1080p,2499.0,-1,north,22-11-2024
ORD100361,CUST1034,Webcam 1080p,2499.0,1,North,12/01/2024
ORD104535,CUST1183,Webcam 1080p,2499.0,-1,north,31/10/2024
ORD102403,CUST1031,Wireless Mouse,799.0,1,south,22/05/2024
ORD103130,CUST1389,USB-C Hub,1299.0,1,West,23-05-2024
ORD104759,CUST1172,Mechanical Keyboard,3499.0,2,South,21-07-2024
ORD100325,CUST1008,Webcam 1080p,2499.0,3,north,09-01-2024
ORD100995,CUST1045,Monitor 24-inch,8999.0,3,south,2024-12-25
ORD101215,CUST1477,USB-C Hub,1299.0,-1,south,10-05-2024
ORD100082,CUST1367,Mechanical Keyboard,3499.0,3,,25-02-2024
ORD101746,CUST1311,Webcam 1080p,2499.0,3,north,16-02-2024
ORD100865,CUST1337,Laptop Stand,1999.0,1,EAST,2024-04-09
ORD101322,CUST1367,Mechanical Keyboard,3499.0,1,West,04/09/2024
ORD102862,CUST1232,Webcam 1080p,2499.0,0,EAST,27/04/2024
ORD104751,CUST1489,Portable SSD 1TB,6999.0,-1,West,07-12-2024
ORD102124,CUST1078,Portable SSD 1TB,6999.0,1,West,19/06/2024
ORD100092,CUST1243,Monitor 24-inch,8999.0,1,West,17/02/2024
ORD104585,CUST1017,Wireless Mouse,799.0,5,north,24-09-2024
ORD100756,CUST1491,Laptop Stand,1999.0,3,North,07/01/2024
ORD101686,CUST1427,Mechanical Keyboard,3499.0,1,West,26-06-2024
ORD101782,CUST1345,Noise Cancelling Headphones,5999.0,0,north,30-11-2024
ORD102445,CUST1407,Mechanical Keyboard,3499.0,0,North,28/10/2024
ORD102751,CUST1025,USB-C Hub,1299.0,1,South,27-11-2024
ORD103241,CUST1378,Webcam 1080p,2499.0,2,North,10/07/2024
ORD100004,CUST1490,Noise Cancelling Headphones,5999.0,1,North,2024-07-13
ORD100625,CUST1099,Wireless Mouse,799.0,2,north,2024-11-10
ORD103010,CUST1186,Wireless Mouse,799.0,1,South,2024-02-09
ORD104949,CUST1417,Noise Cancelling Headphones,5999.0,1,North,26/03/2024
ORD103435,CUST1014,Laptop Stand,1999.0,0,North,16/04/2024
ORD102634,CUST1005,USB-C Hub,1299.0,1,South,2024-03-06
ORD103893,CUST1061,Mechanical Keyboard,3499.0,0,north,05/08/2024
ORD104972,CUST1287,Noise Cancelling Headphones,5999.0,3,,30/11/2024
ORD102534,CUST1052,USB-C Hub,1299.0,0,North,16/01/2024
ORD103911,CUST1310,Noise Cancelling Headphones,5999.0,0,West,24-11-2024
ORD103998,CUST1344,Noise Cancelling Headphones,5999.0,5,West,2024-08-24
ORD103638,CUST1225,Mechanical Keyboard,3499.0,1,South,06-06-2024
ORD103160,CUST1118,Webcam 1080p,2499.0,2,South,28-01-2024
ORD100481,CUST1068,Webcam 1080p,2499.0,0,South,13/06/2024
ORD100754,CUST1467,Noise Cancelling Headphones,5999.0,2,north,2024-03-24
ORD100657,CUST1372,Laptop Stand,1999.0,3,South,24-12-2024
ORD101084,CUST1166,Mechanical Keyboard,3499.0,-1,north,2024-07-17
ORD100253,CUST1081,Noise Cancelling Headphones,5999.0,5,north,2024-04-07
ORD101283,CUST1092,Noise Cancelling Headphones,5999.0,,South,01-09-2024
ORD103052,CUST1363,Noise Cancelling Headphones,5999.0,3,EAST,22/03/2024
ORD100933,CUST1386,Mechanical Keyboard,3499.0,2,North,2024-10-27
ORD101556,CUST1245,Laptop Stand,1999.0,1,West,2024-10-23
ORD104977,CUST1201,Wireless Mouse,799.0,2,south,2024-07-09
ORD104729,CUST1339,Laptop Stand,1999.0,5,south,02/12/2024
ORD100464,CUST1338,Monitor 24-inch,8999.0,1,south,2024-01-14
ORD103759,CUST1245,Laptop Stand,1999.0,3,South,06-01-2024
ORD101614,CUST1039,Mechanical Keyboard,3499.0,-1,north,2024-01-11
ORD102828,CUST1137,Monitor 24-inch,8999.0,-1,south,04-08-2024
ORD103706,CUST1326,Portable SSD 1TB,6999.0,-1,south,2024-01-05
ORD101147,CUST1027,Webcam 1080p,2499.0,0,south,17-04-2024
ORD104301,CUST1344,Webcam 1080p,2499.0,-1,North,2024-01-10
ORD104156,CUST1018,Webcam 1080p,2499.0,1,north,2024-03-28
ORD101469,CUST1170,Monitor 24-inch,8999.0,1,south,07/12/2024
ORD101489,CUST1102,Webcam 1080p,2499.0,1,EAST,01-06-2024
ORD101693,CUST1235,Noise Cancelling Headphones,5999.0,5,North,09/05/2024
ORD104185,CUST1312,Mechanical Keyboard,3499.0,0,,10/08/2024
ORD101994,CUST1133,Portable SSD 1TB,6999.0,3,North,2024-08-19
ORD104063,CUST1005,Wireless Mouse,799.0,2,South,14-03-2024
ORD104802,CUST1108,Portable SSD 1TB,6999.0,0,EAST,15-01-2024
ORD100997,CUST1367,Portable SSD 1TB,6999.0,0,West,2024-03-01
ORD103224,CUST1278,Portable SSD 1TB,6999.0,3,South,17-11-2024
ORD100751,CUST1364,Laptop Stand,1999.0,1,West,08/05/2024
ORD103254,CUST1351,Noise Cancelling Headphones,5999.0,1,south,09-09-2024
ORD101347,CUST1489,Webcam 1080p,2499.0,1,EAST,11/11/2024
ORD101567,CUST1390,Mechanical Keyboard,3499.0,2,North,16-10-2024
ORD103098,CUST1376,Wireless Mouse,799.0,0,EAST,2024-09-09
ORD104372,CUST1036,USB-C Hub,1299.0,5,EAST,29-06-2024
ORD100240,CUST1411,USB-C Hub,1299.0,1,north,03/02/2024
ORD104118,CUST1138,Portable SSD 1TB,6999.0,2,West,19-09-2024
ORD101848,CUST1197,Mechanical Keyboard,3499.0,3,South,10-11-2024
ORD103699,CUST1121,Wireless Mouse,799.0,1,EAST,05-11-2024
ORD104774,CUST1003,Monitor 24-inch,8999.0,5,West,2024-03-04
ORD100376,CUST1396,Noise Cancelling Headphones,5999.0,1,north,13-08-2024
ORD103068,CUST1388,Monitor 24-inch,8999.0,1,south,22-03-2024
ORD102746,CUST1151,USB-C Hub,1299.0,-1,south,21-03-2024
ORD103351,CUST1301,USB-C Hub,1299.0,2,West,24/04/2024
ORD102549,CUST1287,Laptop Stand,1999.0,-1,West,2024-10-07
ORD104583,CUST1478,Monitor 24-inch,8999.0,2,south,14-02-2024
ORD101633,CUST1359,Laptop Stand,1999.0,1,south,02/10/2024
ORD104483,CUST1141,Mechanical Keyboard,3499.0,2,north,2024-09-14
ORD100859,CUST1020,USB-C Hub,1299.0,-1,North,2024-03-21
ORD103572,CUST1079,Monitor 24-inch,8999.0,1,South,26-07-2024
ORD104561,CUST1067,Laptop Stand,1999.0,2,South,2024-04-10
ORD100679,CUST1372,Wireless Mouse,799.0,1,South,09/05/2024
ORD104608,CUST1363,USB-C Hub,1299.0,2,West,18-02-2024
ORD100540,CUST1388,Laptop Stand,1999.0,5,North,30-06-2024
ORD103076,CUST1467,Wireless Mouse,799.0,2,north,2024-03-29
ORD104690,CUST1443,Monitor 24-inch,8999.0,2,north,05/12/2024
ORD102317,CUST1083,Wireless Mouse,799.0,1,West,22/04/2024
ORD102972,CUST1017,Noise Cancelling Headphones,5999.0,1,north,11/09/2024
ORD100506,CUST1086,USB-C Hub,1299.0,1,West,07-03-2024
ORD100840,CUST1128,Monitor 24-inch,8999.0,0,North,17-03-2024
ORD103352,CUST1476,Portable SSD 1TB,6999.0,3,South,07/11/2024
ORD104951,CUST1138,Laptop Stand,1999.0,2,South,30/06/2024
ORD103094,CUST1107,USB-C Hub,1299.0,1,North,2024-06-02
ORD101305,CUST1166,Portable SSD 1TB,6999.0,-1,north,2024-03-08
ORD102520,CUST1194,USB-C Hub,1299.0,0,,30-06-2024
ORD100792,CUST1467,Noise Cancelling Headphones,5999.0,2,West,24-12-2024
ORD103024,CUST1002,Monitor 24-inch,8999.0,2,North,11/04/2024
ORD104035,CUST1175,Mechanical Keyboard,3499.0,0,north,2024-01-04
ORD104855,CUST1055,Portable SSD 1TB,6999.0,5,south,2024-03-09
ORD102347,CUST1444,Noise Cancelling Headphones,5999.0,-1,West,13/11/2024
ORD102375,CUST1174,Monitor 24-inch,8999.0,2,North,20-11-2024
ORD104738,CUST1347,Laptop Stand,1999.0,2,South,19/10/2024
ORD104546,CUST1448,Wireless Mouse,799.0,2,North,30/05/2024
ORD104811,CUST1069,Monitor 24-inch,8999.0,-1,South,2024-12-07
ORD102409,CUST1077,Mechanical Keyboard,3499.0,2,south,01-03-2024
ORD101790,CUST1162,Portable SSD 1TB,6999.0,2,south,16-02-2024
ORD100330,CUST1255,Portable SSD 1TB,6999.0,5,South,2024-10-16
ORD100970,CUST1186,Monitor 24-inch,8999.0,2,south,18-03-2024
ORD101891,CUST1193,Webcam 1080p,2499.0,0,,09-05-2024
ORD102296,CUST1332,Laptop Stand,1999.0,2,north,02-12-2024
ORD103341,CUST1405,Monitor 24-inch,8999.0,0,West,09/06/2024
ORD102608,CUST1297,Noise Cancelling Headphones,5999.0,1,south,02/01/2024
ORD103147,CUST1023,Portable SSD 1TB,6999.0,2,West,20/10/2024
ORD102416,CUST1011,Portable SSD 1TB,6999.0,2,South,2024-06-21
ORD101919,CUST1378,USB-C Hub,1299.0,5,West,08-11-2024
ORD103762,CUST1160,Webcam 1080p,2499.0,1,North,2024-10-05
ORD100224,CUST1097,Webcam 1080p,2499.0,1,EAST,01/12/2024
ORD100600,CUST1451,USB-C Hub,1299.0,2,West,2024-04-27
ORD102990,CUST1279,Monitor 24-inch,8999.0,3,north,15/11/2024
ORD104068,CUST1486,Noise Cancelling Headphones,5999.0,2,EAST,2024-11-14
ORD103909,CUST1332,Laptop Stand,1999.0,2,north,11-01-2024
ORD103067,CUST1179,Noise Cancelling Headphones,5999.0,2,North,2024-11-05
ORD102931,CUST1028,USB-C Hub,1299.0,1,North,31/10/2024
ORD102363,CUST1049,Laptop Stand,1999.0,0,,2024-06-11
ORD102554,CUST1011,Mechanical Keyboard,3499.0,-1,south,25/12/2024
ORD103470,CUST1321,Noise Cancelling Headphones,5999.0,0,West,27-06-2024
ORD104239,CUST1182,Monitor 24-inch,8999.0,1,North,27-06-2024
ORD103304,CUST1290,Portable SSD 1TB,6999.0,2,south,02-01-2024
ORD100043,CUST1059,Mechanical Keyboard,3499.0,2,South,19/05/2024
ORD101593,CUST1322,Mechanical Keyboard,3499.0,5,South,20/01/2024
ORD103434,CUST1484,Mechanical Keyboard,3499.0,-1,North,20-09-2024
ORD103359,CUST1260,Laptop Stand,1999.0,1,North,2024-06-08
ORD100192,CUST1314,Portable SSD 1TB,6999.0,1,West,18-08-2024
ORD103079,CUST1172,Webcam 1080p,2499.0,1,EAST,25/04/2024
ORD102202,CUST1123,Webcam 1080p,2499.0,2,EAST,08-12-2024
ORD104830,CUST1437,Laptop Stand,1999.0,5,EAST,03/03/2024
ORD100923,CUST1024,Webcam 1080p,2499.0,1,EAST,2024-09-20
ORD102776,CUST1391,Mechanical Keyboard,3499.0,1,West,2024-03-29
ORD104247,CUST1026,Wireless Mouse,799.0,1,South,2024-08-28
ORD104777,CUST1022,Webcam 1080p,2499.0,1,south,2024-11-08
ORD102987,CUST1387,Mechanical Keyboard,3499.0,2,South,22-08-2024
ORD100746,CUST1125,Portable SSD 1TB,6999.0,1,South,12/10/2024
ORD104398,CUST1373,Laptop Stand,1999.0,5,EAST,2024-08-30
ORD103105,CUST1041,Portable SSD 1TB,6999.0,,south,2024-03-29
ORD102660,CUST1122,Portable SSD 1TB,6999.0,0,EAST,18/05/2024
ORD104809,CUST1010,Mechanical Keyboard,3499.0,2,North,2024-08-11
ORD104094,CUST1336,Mechanical Keyboard,3499.0,2,West,11-10-2024
ORD102338,CUST1149,USB-C Hub,1299.0,5,EAST,08-11-2024
ORD104406,CUST1418,Laptop Stand,1999.0,0,North,2024-03-18
ORD100081,CUST1485,Laptop Stand,1999.0,3,West,2024-07-07
ORD103918,CUST1155,Webcam 1080p,2499.0,2,South,22/11/2024
ORD101205,CUST1251,Mechanical Keyboard,3499.0,1,south,2024-11-20
ORD100564,CUST1402,USB-C Hub,1299.0,-1,West,17/02/2024
ORD102636,CUST1476,USB-C Hub,1299.0,1,South,04/05/2024
ORD100948,CUST1321,USB-C Hub,1299.0,1,North,2024-01-28
ORD104453,CUST1495,Mechanical Keyboard,3499.0,0,South,14/04/2024
ORD101937,CUST1482,Noise Cancelling Headphones,5999.0,3,South,2024-10-09
ORD100413,CUST1085,Noise Cancelling Headphones,5999.0,3,south,22-02-2024
ORD102965,CUST1339,Noise Cancelling Headphones,5999.0,3,South,17-06-2024
ORD102632,CUST1045,Webcam 1080p,2499.0,0,EAST,22-05-2024
ORD104961,CUST1271,USB-C Hub,1299.0,5,South,31-01-2024
ORD102378,CUST1403,Monitor 24-inch,8999.0,,South,25/11/2024
ORD104151,CUST1448,Portable SSD 1TB,6999.0,3,South,17/09/2024
ORD104221,CUST1403,Noise Cancelling Headphones,5999.0,1,north,21/02/2024
ORD104281,CUST1351,Laptop Stand,1999.0,2,South,28-10-2024
ORD104980,CUST1371,Webcam 1080p,2499.0,3,EAST,05-11-2024
ORD103608,CUST1265,USB-C Hub,1299.0,-1,EAST,02/10/2024
ORD100172,CUST1314,Wireless Mouse,799.0,3,north,2024-01-15
ORD100190,CUST1155,Webcam 1080p,2499.0,1,north,29-06-2024
ORD103318,CUST1035,Laptop Stand,1999.0,1,EAST,25/10/2024
ORD104397,CUST1208,Wireless Mouse,799.0,1,North,2024-02-28
ORD104362,CUST1456,Portable SSD 1TB,6999.0,2,south,2024-11-28
ORD100958,CUST1182,Portable SSD 1TB,6999.0,1,EAST,2024-12-04
ORD101422,CUST1458,USB-C Hub,1299.0,1,North,10/09/2024
ORD103548,CUST1398,Laptop Stand,1999.0,3,EAST,2024-03-11
ORD104390,CUST1318,Webcam 1080p,2499.0,2,West,14-01-2024
ORD104292,CUST1240,Monitor 24-inch,8999.0,3,,08/01/2024
ORD103892,CUST1325,Webcam 1080p,2499.0,-1,north,2024-12-16
ORD104864,CUST1257,Mechanical Keyboard,3499.0,1,EAST,2024-05-25
ORD101641,CUST1389,Mechanical Keyboard,3499.0,-1,south,12/07/2024
ORD102752,CUST1146,Mechanical Keyboard,3499.0,3,West,2024-04-06
ORD101872,CUST1499,Noise Cancelling Headphones,5999.0,2,North,03/11/2024
ORD101591,CUST1134,Mechanical Keyboard,3499.0,3,south,2024-12-08
ORD102109,CUST1190,Wireless Mouse,799.0,-1,West,20-06-2024
ORD101929,CUST1346,Portable SSD 1TB,6999.0,1,south,2024-12-08
ORD101227,CUST1325,USB-C Hub,1299.0,3,North,13/02/2024
ORD103587,CUST1391,Laptop Stand,1999.0,2,north,04/09/2024
ORD104432,CUST1262,Webcam 1080p,2499.0,1,North,26-02-2024
ORD104551,CUST1338,Monitor 24-inch,8999.0,0,,04-01-2024
ORD103516,CUST1399,Noise Cancelling Headphones,5999.0,2,North,2024-03-18
ORD103906,CUST1105,Portable SSD 1TB,6999.0,3,South,15-11-2024
ORD103036,CUST1151,Webcam 1080p,2499.0,5,West,23/05/2024
ORD104814,CUST1288,Noise Cancelling Headphones,5999.0,-1,,05/06/2024
ORD101587,CUST1480,Webcam 1080p,2499.0,1,north,28-04-2024
ORD101544,CUST1058,Wireless Mouse,799.0,1,West,18/05/2024
ORD103349,CUST1423,Monitor 24-inch,8999.0,-1,North,17-07-2024
ORD101651,CUST1413,Mechanical Keyboard,3499.0,5,North,15-01-2024
ORD103804,CUST1110,Portable SSD 1TB,6999.0,-1,EAST,2024-03-16
ORD103117,CUST1365,Noise Cancelling Headphones,5999.0,1,North,20/10/2024
ORD104340,CUST1430,Webcam 1080p,2499.0,3,north,30/05/2024
ORD101943,CUST1367,Mechanical Keyboard,3499.0,-1,North,2024-12-17
ORD104919,CUST1305,Noise Cancelling Headphones,5999.0,0,West,07-03-2024
ORD104884,CUST1177,Webcam 1080p,2499.0,-1,North,07-12-2024
ORD103962,CUST1460,Mechanical Keyboard,3499.0,2,North,2024-08-14
ORD101133,CUST1188,Wireless Mouse,799.0,2,north,2024-01-30
ORD101326,CUST1094,Wireless Mouse,799.0,2,,30-10-2024
ORD103277,CUST1004,Monitor 24-inch,8999.0,5,EAST,13/02/2024
ORD104841,CUST1116,Webcam 1080p,2499.0,1,EAST,31-01-2024
ORD103054,CUST1383,USB-C Hub,1299.0,2,West,2024-04-02
ORD103377,CUST1482,Webcam 1080p,2499.0,2,North,02/06/2024
ORD100142,CUST1067,Mechanical Keyboard,3499.0,5,EAST,2024-07-31
ORD101071,CUST1173,Laptop Stand,1999.0,2,South,28/06/2024
ORD102278,CUST1453,Laptop Stand,1999.0,-1,EAST,22-07-2024
ORD100819,CUST1149,Wireless Mouse,799.0,0,EAST,2024-02-12
ORD100402,CUST1326,Mechanical Keyboard,3499.0,1,north,03/07/2024
ORD100875,CUST1453,Webcam 1080p,2499.0,2,north,22-11-2024
ORD104048,CUST1192,Noise Cancelling Headphones,5999.0,1,West,21/06/2024
ORD104866,CUST1437,USB-C Hub,1299.0,5,West,2024-03-19
ORD102487,CUST1115,Noise Cancelling Headphones,5999.0,2,north,20-07-2024
ORD103555,CUST1006,Portable SSD 1TB,6999.0,-1,south,2024-11-18
ORD104430,CUST1251,Mechanical Keyboard,3499.0,1,south,2024-07-23
ORD104617,CUST1066,Mechanical Keyboard,3499.0,2,EAST,12-09-2024
ORD101148,CUST1339,Mechanical Keyboard,3499.0,-1,south,26-11-2024
ORD101767,CUST1361,Monitor 24-inch,8999.0,3,south,06-11-2024
ORD103866,CUST1480,Mechanical Keyboard,3499.0,5,south,15/02/2024
ORD101825,CUST1378,USB-C Hub,1299.0,0,south,13-03-2024
ORD103137,CUST1067,Portable SSD 1TB,6999.0,-1,south,2024-10-10
ORD100764,CUST1355,Webcam 1080p,2499.0,-1,EAST,2024-09-25
ORD100903,CUST1229,USB-C Hub,1299.0,3,north,2024-03-03
ORD101518,CUST1049,Laptop Stand,1999.0,2,North,03/01/2024
ORD100672,CUST1096,Noise Cancelling Headphones,5999.0,2,,26-01-2024
ORD102584,CUST1116,Portable SSD 1TB,6999.0,3,South,2024-07-26
ORD103021,CUST1341,Monitor 24-inch,8999.0,-1,North,14-08-2024
ORD100280,CUST1333,Laptop Stand,1999.0,1,north,30/03/2024
ORD102113,CUST1112,Wireless Mouse,799.0,3,North,2024-01-07
ORD102726,CUST1368,Wireless Mouse,799.0,5,south,2024-06-28
ORD102715,CUST1195,Noise Cancelling Headphones,5999.0,2,EAST,16-01-2024
ORD103821,CUST1390,Wireless Mouse,799.0,3,North,2024-08-26
ORD102538,CUST1015,Monitor 24-inch,8999.0,-1,South,2024-03-03
ORD103230,CUST1496,Wireless Mouse,799.0,2,north,22-01-2024
ORD103291,CUST1111,Monitor 24-inch,8999.0,3,South,2024-11-02
ORD102506,CUST1363,Mechanical Keyboard,3499.0,5,North,14/09/2024
ORD100309,CUST1329,Portable SSD 1TB,6999.0,5,north,22/12/2024
ORD103443,CUST1092,Portable SSD 1TB,6999.0,-1,South,29-05-2024
ORD103334,CUST1336,Mechanical Keyboard,3499.0,1,EAST,2024-09-28
ORD101199,CUST1158,Laptop Stand,1999.0,-1,South,04-05-2024
ORD101389,CUST1328,Monitor 24-inch,8999.0,1,North,02-04-2024
ORD102495,CUST1003,Wireless Mouse,799.0,3,North,10/03/2024
ORD104171,CUST1184,Monitor 24-inch,8999.0,2,North,02-11-2024
ORD104833,CUST1428,Wireless Mouse,799.0,5,EAST,03-09-2024
ORD102080,CUST1357,Portable SSD 1TB,6999.0,-1,south,2024-04-16
ORD102123,CUST1083,Monitor 24-inch,8999.0,1,South,2024-06-09
ORD104053,CUST1207,Portable SSD 1TB,6999.0,2,South,05/03/2024
ORD102630,CUST1086,Monitor 24-inch,8999.0,1,south,2024-01-28
ORD102975,CUST1395,USB-C Hub,1299.0,5,north,24-02-2024
ORD104635,CUST1419,Noise Cancelling Headphones,5999.0,3,north,2024-03-26
ORD100893,CUST1490,Mechanical Keyboard,3499.0,2,North,2024-05-21
ORD100395,CUST1117,Portable SSD 1TB,6999.0,1,North,22/02/2024
ORD102234,CUST1370,Wireless Mouse,799.0,5,North,25-03-2024
ORD103949,CUST1396,Portable SSD 1TB,6999.0,2,EAST,2024-07-18
ORD104241,CUST1003,Laptop Stand,1999.0,0,EAST,09-08-2024
ORD102051,CUST1185,Laptop Stand,1999.0,-1,EAST,31/01/2024
ORD104219,CUST1000,Webcam 1080p,2499.0,3,EAST,2024-05-09
ORD100303,CUST1096,Mechanical Keyboard,3499.0,-1,North,2024-11-10
ORD104575,CUST1389,Webcam 1080p,2499.0,-1,West,18-07-2024
ORD102753,CUST1029,USB-C Hub,1299.0,5,south,2024-01-25
ORD102697,CUST1193,USB-C Hub,1299.0,5,north,18/04/2024
ORD102415,CUST1415,Webcam 1080p,2499.0,1,north,17/03/2024
ORD103875,CUST1065,USB-C Hub,1299.0,1,north,2024-02-15
ORD104757,CUST1197,Noise Cancelling Headphones,5999.0,0,South,05/12/2024
ORD100806,CUST1320,Noise Cancelling Headphones,5999.0,-1,South,26/07/2024
ORD100448,CUST1469,USB-C Hub,1299.0,5,North,07/02/2024
ORD103423,CUST1207,Mechanical Keyboard,3499.0,2,EAST,15/07/2024
ORD103166,CUST1228,Wireless Mouse,799.0,1,south,19-09-2024
ORD104807,CUST1230,Mechanical Keyboard,3499.0,2,north,2024-07-29
ORD104469,CUST1391,Noise Cancelling Headphones,5999.0,2,South,03/05/2024
ORD103358,CUST1378,Laptop Stand,1999.0,3,north,29/12/2024
ORD103887,CUST1253,Wireless Mouse,799.0,-1,north,22/05/2024
ORD101226,CUST1388,Laptop Stand,1999.0,-1,EAST,13-08-2024
ORD101995,CUST1343,Portable SSD 1TB,6999.0,2,south,2024-02-27
ORD104188,CUST1123,Monitor 24-inch,8999.0,3,north,05-11-2024
ORD100980,CUST1496,Webcam 1080p,2499.0,-1,West,10-05-2024
ORD103770,CUST1383,USB-C Hub,1299.0,2,North,03/05/2024
ORD102254,CUST1384,Noise Cancelling Headphones,5999.0,1,EAST,05/04/2024
ORD101380,CUST1490,USB-C Hub,1299.0,0,north,2024-02-19
ORD104702,CUST1196,USB-C Hub,1299.0,3,North,2024-09-27
ORD102720,CUST1205,Webcam 1080p,2499.0,0,north,30/10/2024
ORD102102,CUST1302,USB-C Hub,1299.0,3,South,2024-07-21
ORD102986,CUST1492,Portable SSD 1TB,6999.0,0,North,28-07-2024
ORD101408,CUST1053,Monitor 24-inch,8999.0,1,South,20/11/2024
ORD103245,CUST1005,Laptop Stand,1999.0,1,north,2024-10-30
ORD103565,CUST1328,Wireless Mouse,799.0,1,north,20-04-2024
ORD101081,CUST1419,Monitor 24-inch,8999.0,1,North,07/10/2024
ORD101867,CUST1255,Mechanical Keyboard,3499.0,3,south,2024-07-24
ORD103694,CUST1058,Wireless Mouse,799.0,2,EAST,16-10-2024
ORD100524,CUST1435,Wireless Mouse,799.0,2,North,05-12-2024
ORD103487,CUST1364,Noise Cancelling Headphones,5999.0,3,south,09-02-2024
ORD102413,CUST1224,Laptop Stand,1999.0,2,south,19/01/2024
ORD100060,CUST1383,USB-C Hub,1299.0,3,north,26-07-2024
ORD100020,CUST1470,Wireless Mouse,799.0,5,north,2024-09-07
ORD103044,CUST1456,Portable SSD 1TB,6999.0,2,South,14/03/2024
ORD103209,CUST1390,USB-C Hub,1299.0,2,North,21/12/2024
ORD102258,CUST1091,Webcam 1080p,2499.0,2,EAST,26-08-2024
ORD104334,CUST1459,USB-C Hub,1299.0,0,West,07-08-2024
ORD104459,CUST1138,Webcam 1080p,2499.0,3,north,16-02-2024
ORD100146,CUST1135,Mechanical Keyboard,3499.0,5,West,10-12-2024
ORD103670,CUST1114,Laptop Stand,1999.0,5,north,27/06/2024
ORD102681,CUST1470,Laptop Stand,1999.0,1,West,2024-09-10
ORD103446,CUST1367,Laptop Stand,1999.0,3,north,2024-10-26
ORD103310,CUST1228,Noise Cancelling Headphones,5999.0,-1,north,2024-09-28
ORD102872,CUST1142,Portable SSD 1TB,6999.0,1,West,02/09/2024
ORD103769,CUST1461,Mechanical Keyboard,3499.0,2,North,11/06/2024
ORD104640,CUST1396,Wireless Mouse,799.0,3,north,01/04/2024
ORD104909,CUST1120,Mechanical Keyboard,3499.0,1,north,04-05-2024
ORD102898,CUST1316,Wireless Mouse,799.0,1,South,16/11/2024
ORD100518,CUST1401,Mechanical Keyboard,3499.0,2,West,2024-11-07
ORD100989,CUST1416,Noise Cancelling Headphones,5999.0,1,West,27-01-2024
ORD100106,CUST1101,Portable SSD 1TB,6999.0,2,North,2024-11-27
ORD103517,CUST1024,Mechanical Keyboard,3499.0,2,north,2024-11-25
ORD100121,CUST1097,USB-C Hub,1299.0,3,North,31/07/2024
ORD100214,CUST1131,Laptop Stand,1999.0,-1,south,26/02/2024
ORD102068,CUST1250,Mechanical Keyboard,3499.0,-1,West,17/07/2024
ORD102480,CUST1457,Wireless Mouse,799.0,2,EAST,2024-05-07
ORD100955,CUST1243,USB-C Hub,1299.0,1,north,19/07/2024
ORD100432,CUST1281,Laptop Stand,1999.0,0,North,2024-02-22
ORD100256,CUST1344,Monitor 24-inch,8999.0,1,EAST,25/02/2024
ORD101140,CUST1148,Monitor 24-inch,8999.0,5,south,2024-01-23
ORD103544,CUST1061,Wireless Mouse,799.0,-1,EAST,2024-11-16
ORD103404,CUST1483,Wireless Mouse,799.0,1,West,07/10/2024
ORD103415,CUST1048,Wireless Mouse,799.0,1,North,16/04/2024
ORD101197,CUST1246,Mechanical Keyboard,3499.0,1,EAST,07-11-2024
ORD104098,CUST1370,Mechanical Keyboard,3499.0,3,South,2024-08-17
ORD102121,CUST1054,USB-C Hub,1299.0,2,north,2024-04-22
ORD102348,CUST1015,Mechanical Keyboard,3499.0,3,south,2024-10-04
ORD103154,CUST1165,Laptop Stand,1999.0,0,south,16/02/2024
ORD102353,CUST1167,USB-C Hub,1299.0,5,north,2024-09-04
ORD104160,CUST1000,Wireless Mouse,799.0,2,EAST,15-07-2024
ORD100557,CUST1350,Noise Cancelling Headphones,5999.0,1,north,07-01-2024
ORD104798,CUST1047,Monitor 24-inch,8999.0,5,South,13-07-2024
ORD100681,CUST1085,Webcam 1080p,2499.0,1,,2024-07-21
ORD102993,CUST1074,USB-C Hub,1299.0,5,south,2024-05-19
ORD100653,CUST1228,Mechanical Keyboard,3499.0,3,West,25-08-2024
ORD102149,CUST1208,Mechanical Keyboard,3499.0,-1,West,25-08-2024
ORD103287,CUST1400,Noise Cancelling Headphones,5999.0,2,north,07/08/2024
ORD103559,CUST1295,Portable SSD 1TB,6999.0,2,North,19-12-2024
ORD102397,CUST1169,Laptop Stand,1999.0,0,South,26/09/2024
ORD104069,CUST1294,Portable SSD 1TB,6999.0,1,north,21/05/2024
ORD103625,CUST1242,Portable SSD 1TB,6999.0,5,South,2024-11-27
ORD103338,CUST1077,USB-C Hub,1299.0,0,south,13-12-2024
ORD103003,CUST1159,Portable SSD 1TB,6999.0,2,North,2024-09-11
ORD103355,CUST1226,Laptop Stand,1999.0,1,South,28-03-2024
ORD100588,CUST1249,Mechanical Keyboard,3499.0,1,south,2024-05-23
ORD102045,CUST1336,USB-C Hub,1299.0,-1,north,29-02-2024
ORD102497,CUST1379,Portable SSD 1TB,6999.0,0,West,2024-07-29
ORD102248,CUST1450,Laptop Stand,1999.0,2,north,12-07-2024
ORD103525,CUST1100,Mechanical Keyboard,3499.0,0,North,12/09/2024
ORD103428,CUST1297,Portable SSD 1TB,6999.0,5,south,2024-05-07
ORD103642,CUST1374,USB-C Hub,1299.0,1,EAST,02-02-2024
ORD102712,CUST1394,USB-C Hub,1299.0,0,south,29/11/2024
ORD100391,CUST1140,Mechanical Keyboard,3499.0,5,South,2024-05-08
ORD104229,CUST1059,Noise Cancelling Headphones,5999.0,5,south,12-06-2024
ORD102676,CUST1096,Laptop Stand,1999.0,1,West,27/02/2024
ORD104333,CUST1093,Monitor 24-inch,8999.0,1,EAST,18/05/2024
ORD103701,CUST1074,Laptop Stand,1999.0,1,West,2024-01-23
ORD101551,CUST1133,USB-C Hub,1299.0,0,West,2024-05-01
ORD104081,CUST1481,Monitor 24-inch,8999.0,1,north,2024-10-27
ORD101780,CUST1270,Portable SSD 1TB,6999.0,-1,,21/10/2024
ORD100316,CUST1194,Monitor 24-inch,8999.0,5,north,06/06/2024
ORD103316,CUST1469,Laptop Stand,1999.0,-1,north,2024-02-01
ORD104567,CUST1397,Mechanical Keyboard,3499.0,1,South,09/05/2024
ORD101940,CUST1410,Laptop Stand,1999.0,1,,05-01-2024
ORD102643,CUST1379,Webcam 1080p,2499.0,-1,North,2024-07-19
ORD104623,CUST1440,Noise Cancelling Headphones,5999.0,1,West,02-01-2024
ORD102741,CUST1377,Noise Cancelling Headphones,5999.0,2,North,2024-02-28
ORD102103,CUST1462,Monitor 24-inch,8999.0,0,EAST,23/07/2024
ORD102142,CUST1362,Portable SSD 1TB,6999.0,5,South,17-10-2024
ORD101707,CUST1199,Monitor 24-inch,8999.0,1,north,24/06/2024
ORD100986,CUST1082,Monitor 24-inch,8999.0,5,South,25/11/2024
ORD101975,CUST1376,Laptop Stand,1999.0,3,north,07/05/2024
ORD101441,CUST1295,Wireless Mouse,799.0,1,EAST,25-11-2024
ORD101654,CUST1428,Noise Cancelling Headphones,5999.0,2,South,27-10-2024
ORD100096,CUST1268,Webcam 1080p,2499.0,2,North,2024-05-31
ORD100605,CUST1490,Portable SSD 1TB,6999.0,1,north,04/12/2024
ORD102959,CUST1313,Wireless Mouse,799.0,1,North,03/03/2024
ORD101035,CUST1316,Noise Cancelling Headphones,5999.0,,South,2024-06-03
ORD100471,CUST1257,USB-C Hub,1299.0,0,North,2024-03-29
ORD103785,CUST1108,Webcam 1080p,2499.0,-1,EAST,07/12/2024
ORD101987,CUST1116,Laptop Stand,1999.0,1,North,27-01-2024
ORD101797,CUST1092,Noise Cancelling Headphones,5999.0,2,North,16/01/2024
ORD101474,CUST1234,Wireless Mouse,799.0,3,EAST,29/12/2024
ORD103780,CUST1420,Wireless Mouse,799.0,5,north,24-03-2024
ORD102005,CUST1409,Laptop Stand,1999.0,1,,2024-08-31
ORD100996,CUST1307,Webcam 1080p,2499.0,1,south,2024-07-07
ORD103663,CUST1070,Noise Cancelling Headphones,5999.0,5,north,26/02/2024
ORD102182,CUST1291,Mechanical Keyboard,3499.0,1,South,2024-08-28
ORD101519,CUST1442,Mechanical Keyboard,3499.0,2,EAST,15-12-2024
ORD104984,CUST1201,USB-C Hub,1299.0,-1,West,22/02/2024
ORD104963,CUST1303,Laptop Stand,1999.0,1,EAST,2024-12-21
ORD104965,CUST1412,Monitor 24-inch,8999.0,1,EAST,11-09-2024
ORD103197,CUST1111,Webcam 1080p,2499.0,1,North,14-04-2024
ORD102095,CUST1311,Noise Cancelling Headphones,5999.0,3,north,2024-08-24
ORD104297,CUST1252,Mechanical Keyboard,3499.0,-1,South,18/01/2024
ORD100110,CUST1046,Laptop Stand,1999.0,1,South,10/12/2024
ORD103581,CUST1276,Webcam 1080p,2499.0,-1,West,07/10/2024
ORD100604,CUST1322,Wireless Mouse,799.0,2,north,2024-01-29
ORD103585,CUST1265,Noise Cancelling Headphones,5999.0,-1,,2024-02-24
ORD104295,CUST1031,USB-C Hub,1299.0,2,north,24-07-2024
ORD100129,CUST1041,Noise Cancelling Headphones,5999.0,-1,South,11-06-2024
ORD104199,CUST1250,Noise Cancelling Headphones,5999.0,1,EAST,15-10-2024
ORD101535,CUST1121,Laptop Stand,1999.0,1,North,26/04/2024
ORD100570,CUST1273,Wireless Mouse,799.0,1,South,17-04-2024
ORD100278,CUST1051,USB-C Hub,1299.0,2,North,27-07-2024
ORD104776,CUST1411,Laptop Stand,1999.0,1,West,24/05/2024
ORD100466,CUST1046,Portable SSD 1TB,6999.0,5,south,14/07/2024
ORD102116,CUST1473,Monitor 24-inch,8999.0,1,North,08/12/2024
ORD104119,CUST1051,Portable SSD 1TB,6999.0,2,south,2024-06-21
ORD103066,CUST1002,Laptop Stand,1999.0,1,north,22/07/2024
ORD101554,CUST1311,Wireless Mouse,799.0,3,North,18-10-2024
ORD103214,CUST1164,Mechanical Keyboard,3499.0,1,north,29-08-2024
ORD104433,CUST1040,Noise Cancelling Headphones,5999.0,2,West,2024-10-05
ORD104018,CUST1302,USB-C Hub,1299.0,1,south,2024-05-07
ORD100340,CUST1157,Monitor 24-inch,8999.0,3,EAST,2024-02-22
ORD103801,CUST1394,Mechanical Keyboard,3499.0,0,south,08-10-2024
ORD101243,CUST1354,Noise Cancelling Headphones,5999.0,1,south,25/11/2024
ORD104803,CUST1370,Webcam 1080p,2499.0,-1,North,28-06-2024
ORD104503,CUST1356,Laptop Stand,1999.0,2,West,10/08/2024
ORD104964,CUST1321,Noise Cancelling Headphones,5999.0,2,South,17-09-2024
ORD102390,CUST1489,Laptop Stand,1999.0,-1,South,2024-03-28
ORD103211,CUST1097,Webcam 1080p,2499.0,2,South,30/05/2024
ORD103703,CUST1124,Laptop Stand,1999.0,-1,EAST,2024-01-31
ORD103574,CUST1199,Portable SSD 1TB,6999.0,-1,north,2024-02-27
ORD104269,CUST1052,USB-C Hub,1299.0,2,south,04-10-2024
ORD104851,CUST1339,Laptop Stand,1999.0,3,north,03/01/2024
ORD103698,CUST1450,Wireless Mouse,799.0,5,south,14/09/2024
ORD103256,CUST1158,Portable SSD 1TB,6999.0,0,North,06/01/2024
ORD103281,CUST1320,USB-C Hub,1299.0,0,south,18/08/2024
ORD103926,CUST1331,Monitor 24-inch,8999.0,1,EAST,20-07-2024
ORD102482,CUST1489,Webcam 1080p,2499.0,0,EAST,15/03/2024
ORD102457,CUST1337,Wireless Mouse,799.0,3,South,18-02-2024
ORD101338,CUST1090,Portable SSD 1TB,6999.0,2,South,2024-02-05
ORD103833,CUST1034,Laptop Stand,1999.0,-1,North,2024-07-11
ORD101667,CUST1059,USB-C Hub,1299.0,2,West,27-08-2024
ORD100147,CUST1421,Noise Cancelling Headphones,5999.0,2,North,2024-08-29
ORD101124,CUST1320,Monitor 24-inch,8999.0,1,north,2024-02-13
ORD104226,CUST1068,Wireless Mouse,799.0,2,EAST,21-08-2024
ORD101039,CUST1241,Wireless Mouse,799.0,2,West,13/04/2024
ORD103995,CUST1148,USB-C Hub,1299.0,1,West,20-08-2024
ORD103599,CUST1343,Laptop Stand,1999.0,1,West,28/02/2024
ORD100011,CUST1205,Webcam 1080p,2499.0,2,North,17-10-2024
ORD100320,CUST1125,Monitor 24-inch,8999.0,5,north,11/05/2024
ORD100364,CUST1377,Laptop Stand,1999.0,-1,West,2024-07-18
ORD102650,CUST1222,Mechanical Keyboard,3499.0,3,North,16/03/2024
ORD104544,CUST1205,Wireless Mouse,799.0,,North,20/09/2024
ORD102425,CUST1218,Wireless Mouse,799.0,2,West,2024-03-07
ORD104236,CUST1045,Mechanical Keyboard,3499.0,2,South,17-08-2024
ORD104716,CUST1078,Monitor 24-inch,8999.0,5,West,02/06/2024
ORD104355,CUST1085,Monitor 24-inch,8999.0,,North,17-04-2024
ORD102299,CUST1278,USB-C Hub,1299.0,3,West,17-02-2024
ORD101637,CUST1143,USB-C Hub,1299.0,1,EAST,05-03-2024
ORD102981,CUST1463,Webcam 1080p,2499.0,5,north,06/01/2024
ORD102719,CUST1495,Monitor 24-inch,8999.0,3,West,07-06-2024
ORD100135,CUST1130,Monitor 24-inch,8999.0,1,EAST,26/08/2024
ORD103740,CUST1454,Wireless Mouse,799.0,2,West,2024-12-23
ORD101506,CUST1017,Monitor 24-inch,8999.0,5,North,12/03/2024
ORD103032,CUST1251,Portable SSD 1TB,6999.0,5,North,2024-08-29
ORD100730,CUST1154,Laptop Stand,1999.0,3,north,01-02-2024
ORD104437,CUST1179,Webcam 1080p,2499.0,-1,south,2024-09-13
ORD101557,CUST1160,Mechanical Keyboard,3499.0,2,West,12/05/2024
ORD102422,CUST1433,Wireless Mouse,799.0,1,EAST,2024-03-20
ORD102192,CUST1402,Mechanical Keyboard,3499.0,5,EAST,29/07/2024
ORD103266,CUST1321,Monitor 24-inch,8999.0,1,West,10-07-2024
ORD101843,CUST1327,Portable SSD 1TB,6999.0,0,EAST,2024-11-23
ORD101886,CUST1113,Noise Cancelling Headphones,5999.0,2,North,2024-09-10
ORD102777,CUST1198,Webcam 1080p,2499.0,2,south,12/10/2024
ORD104820,CUST1230,Webcam 1080p,2499.0,0,West,2024-11-06
ORD103753,CUST1004,Monitor 24-inch,8999.0,-1,north,23-09-2024
ORD100407,CUST1167,Portable SSD 1TB,6999.0,1,north,07-06-2024
ORD101345,CUST1000,Laptop Stand,1999.0,2,North,06/08/2024
ORD104289,CUST1451,Webcam 1080p,2499.0,-1,West,07-01-2024
ORD102441,CUST1397,Laptop Stand,1999.0,-1,north,21/03/2024
ORD102169,CUST1441,Monitor 24-inch,8999.0,2,North,19-02-2024
ORD104261,CUST1391,USB-C Hub,1299.0,-1,South,2024-06-10
ORD100517,CUST1138,USB-C Hub,1299.0,1,West,18-09-2024
ORD100193,CUST1243,USB-C Hub,1299.0,0,North,22/02/2024
ORD100910,CUST1483,Wireless Mouse,799.0,5,South,2024-07-22
ORD104922,CUST1404,Laptop Stand,1999.0,1,north,29-09-2024
ORD104510,CUST1253,Portable SSD 1TB,6999.0,1,West,01-06-2024
ORD104626,CUST1246,Webcam 1080p,2499.0,2,West,06/08/2024
ORD103595,CUST1193,Laptop Stand,1999.0,3,,2024-05-16
ORD104506,CUST1314,Monitor 24-inch,8999.0,2,South,2024-12-12
ORD102565,CUST1360,Noise Cancelling Headphones,5999.0,3,West,28/01/2024
ORD103820,CUST1102,USB-C Hub,1299.0,-1,West,17-01-2024
ORD102610,CUST1005,Mechanical Keyboard,3499.0,2,West,13/07/2024
ORD101354,CUST1355,Portable SSD 1TB,6999.0,5,north,11-03-2024
ORD103807,CUST1077,Laptop Stand,1999.0,5,south,13-08-2024
ORD100345,CUST1400,Mechanical Keyboard,3499.0,3,EAST,06-05-2024
ORD104040,CUST1274,Noise Cancelling Headphones,5999.0,1,EAST,09/02/2024
ORD102754,CUST1483,Webcam 1080p,2499.0,-1,West,2024-06-22
ORD102893,CUST1161,Noise Cancelling Headphones,5999.0,2,North,2024-08-06
ORD103772,CUST1196,Mechanical Keyboard,3499.0,3,north,2024-02-17
ORD104345,CUST1491,USB-C Hub,1299.0,0,South,04-02-2024
ORD102165,CUST1221,Mechanical Keyboard,3499.0,-1,north,2024-04-18
ORD103825,CUST1257,Laptop Stand,1999.0,0,South,21/05/2024
ORD102856,CUST1476,Mechanical Keyboard,3499.0,0,South,01-05-2024
ORD104024,CUST1241,Wireless Mouse,799.0,5,North,10-02-2024
ORD101315,CUST1164,Laptop Stand,1999.0,0,EAST,23-05-2024
ORD100138,CUST1151,Webcam 1080p,2499.0,-1,North,2024-05-20
ORD102499,CUST1275,Wireless Mouse,799.0,0,north,06/06/2024
ORD100156,CUST1283,Laptop Stand,1999.0,2,north,29/04/2024
ORD103969,CUST1168,Portable SSD 1TB,6999.0,-1,EAST,27/08/2024
ORD104954,CUST1303,Wireless Mouse,799.0,2,,15/01/2024
ORD104117,CUST1498,Webcam 1080p,2499.0,0,North,17-10-2024
ORD101837,CUST1293,Wireless Mouse,799.0,-1,West,2024-12-08
ORD101520,CUST1270,Monitor 24-inch,8999.0,2,south,19/10/2024
ORD100544,CUST1324,Mechanical Keyboard,3499.0,0,West,03-12-2024
ORD100709,CUST1359,Mechanical Keyboard,3499.0,3,north,20-01-2024
ORD100399,CUST1196,Noise Cancelling Headphones,5999.0,5,West,2024-03-12
ORD104056,CUST1058,Monitor 24-inch,8999.0,2,south,21/07/2024
ORD102581,CUST1391,Laptop Stand,1999.0,2,EAST,03-08-2024
ORD103144,CUST1418,Portable SSD 1TB,6999.0,1,West,2024-10-07
ORD102835,CUST1085,Portable SSD 1TB,6999.0,5,North,2024-03-28
ORD100313,CUST1193,Wireless Mouse,799.0,2,North,27-10-2024
ORD103294,CUST1113,Webcam 1080p,2499.0,1,West,2024-03-07
ORD103597,CUST1399,Monitor 24-inch,8999.0,2,north,2024-12-21
ORD104264,CUST1217,Noise Cancelling Headphones,5999.0,2,North,29/12/2024
ORD102852,CUST1155,Webcam 1080p,2499.0,5,South,09-07-2024
ORD104997,CUST1185,Wireless Mouse,799.0,2,West,29/04/2024
ORD100881,CUST1183,Webcam 1080p,2499.0,1,south,09/01/2024
ORD102174,CUST1378,Webcam 1080p,2499.0,1,West,14/01/2024
ORD103087,CUST1461,Monitor 24-inch,8999.0,1,EAST,2024-10-27
ORD104183,CUST1499,Laptop Stand,1999.0,2,North,07/04/2024
ORD100452,CUST1090,Wireless Mouse,799.0,-1,South,2024-10-17
ORD100963,CUST1173,USB-C Hub,1299.0,3,north,05/07/2024
ORD100654,CUST1327,Noise Cancelling Headphones,5999.0,-1,West,2024-02-06
ORD103120,CUST1132,Webcam 1080p,2499.0,1,South,10/08/2024
ORD101897,CUST1412,Mechanical Keyboard,3499.0,-1,south,11/11/2024
ORD104959,CUST1391,Webcam 1080p,2499.0,2,EAST,30-07-2024
ORD103716,CUST1054,USB-C Hub,1299.0,-1,South,14/07/2024
ORD101283,CUST1092,Noise Cancelling Headphones,5999.0,,South,01-09-2024
ORD104409,CUST1047,Mechanical Keyboard,3499.0,0,north,2024-05-28
ORD103038,CUST1256,Monitor 24-inch,8999.0,5,North,15/07/2024
ORD104088,CUST1223,Mechanical Keyboard,3499.0,1,EAST,2024-05-28
ORD101808,CUST1007,USB-C Hub,1299.0,,South,2024-05-01
ORD103432,CUST1126,Wireless Mouse,799.0,1,West,20-07-2024
ORD104052,CUST1357,Noise Cancelling Headphones,5999.0,2,West,01/09/2024
ORD103012,CUST1346,Monitor 24-inch,8999.0,1,north,2024-08-29
ORD101680,CUST1198,USB-C Hub,1299.0,2,EAST,23/07/2024
ORD103920,CUST1089,USB-C Hub,1299.0,1,South,25/10/2024
ORD104287,CUST1338,Wireless Mouse,799.0,2,North,03-08-2024
ORD101685,CUST1198,Monitor 24-inch,8999.0,3,North,2024-08-03
ORD103195,CUST1148,Webcam 1080p,2499.0,0,North,2024-07-23
ORD101278,CUST1126,Mechanical Keyboard,3499.0,1,EAST,2024-09-29
ORD102463,CUST1424,USB-C Hub,1299.0,-1,south,2024-10-15
ORD102547,CUST1482,Laptop Stand,1999.0,1,EAST,16-08-2024
ORD103702,CUST1340,USB-C Hub,1299.0,2,West,2024-02-06
ORD103354,CUST1265,Laptop Stand,1999.0,5,south,30-06-2024
ORD103955,CUST1322,Webcam 1080p,2499.0,5,West,2024-12-24
ORD104475,CUST1184,Monitor 24-inch,8999.0,-1,North,06/06/2024
ORD103356,CUST1165,Noise Cancelling Headphones,5999.0,1,EAST,14/12/2024
ORD104044,CUST1177,Mechanical Keyboard,3499.0,2,north,2024-12-20
ORD100905,CUST1331,Webcam 1080p,2499.0,3,West,20-10-2024
ORD100212,CUST1050,Noise Cancelling Headphones,5999.0,2,south,20/01/2024
ORD103984,CUST1232,Mechanical Keyboard,3499.0,0,West,11/02/2024
ORD103484,CUST1303,USB-C Hub,1299.0,-1,North,2024-05-28
ORD101210,CUST1437,Mechanical Keyboard,3499.0,2,EAST,10-10-2024
ORD100857,CUST1493,Laptop Stand,1999.0,2,North,2024-06-20
ORD100606,CUST1310,Monitor 24-inch,8999.0,2,West,22/04/2024
ORD103726,CUST1349,Laptop Stand,1999.0,2,West,2024-12-19
ORD104610,CUST1412,Portable SSD 1TB,6999.0,3,North,26/05/2024
ORD100374,CUST1042,Wireless Mouse,799.0,3,south,17/01/2024
ORD102894,CUST1167,Mechanical Keyboard,3499.0,1,north,22/01/2024
ORD102925,CUST1472,USB-C Hub,1299.0,3,,05/10/2024
ORD102548,CUST1418,Webcam 1080p,2499.0,0,north,22-01-2024
ORD104888,CUST1470,Wireless Mouse,799.0,2,EAST,2024-11-29
ORD103141,CUST1197,Wireless Mouse,799.0,2,EAST,05/07/2024
ORD102653,CUST1476,Portable SSD 1TB,6999.0,2,south,08-06-2024
ORD100849,CUST1199,Mechanical Keyboard,3499.0,3,north,12-09-2024
ORD101585,CUST1021,Laptop Stand,1999.0,3,West,21-10-2024
ORD101497,CUST1069,Laptop Stand,1999.0,2,South,03-06-2024
ORD100783,CUST1388,Webcam 1080p,2499.0,2,South,2024-06-13
ORD100074,CUST1152,Portable SSD 1TB,6999.0,2,West,2024-09-06
ORD100163,CUST1064,Webcam 1080p,2499.0,5,north,14-07-2024
ORD104971,CUST1186,Laptop Stand,1999.0,0,West,2024-10-30
ORD103074,CUST1366,Mechanical Keyboard,3499.0,2,north,2024-10-31
ORD102424,CUST1142,Wireless Mouse,799.0,1,south,14-08-2024
ORD102881,CUST1064,Mechanical Keyboard,3499.0,1,north,2024-04-01
ORD102389,CUST1226,Laptop Stand,1999.0,2,north,15/01/2024
ORD101298,CUST1054,Wireless Mouse,799.0,2,,24/07/2024
ORD102799,CUST1291,Monitor 24-inch,8999.0,0,West,05/05/2024
ORD103738,CUST1052,Portable SSD 1TB,6999.0,3,north,07/11/2024
ORD102222,CUST1222,Laptop Stand,1999.0,2,South,16-05-2024
ORD103187,CUST1248,USB-C Hub,1299.0,1,south,2024-05-11
ORD100720,CUST1473,Laptop Stand,1999.0,5,south,20-03-2024
ORD101177,CUST1291,Mechanical Keyboard,3499.0,1,West,2024-05-02
ORD102740,CUST1195,Mechanical Keyboard,3499.0,2,south,2024-10-17
ORD101865,CUST1048,Portable SSD 1TB,6999.0,-1,north,27/07/2024
ORD100774,CUST1161,Wireless Mouse,799.0,5,south,2024-06-30
ORD104874,CUST1449,USB-C Hub,1299.0,3,south,03-04-2024
ORD101260,CUST1028,Mechanical Keyboard,3499.0,0,EAST,2024-04-01
ORD103458,CUST1361,Mechanical Keyboard,3499.0,3,north,2024-01-09
ORD100678,CUST1340,Laptop Stand,1999.0,-1,West,14/12/2024
ORD102731,CUST1385,Laptop Stand,1999.0,3,South,21-05-2024
ORD104175,CUST1418,Noise Cancelling Headphones,5999.0,1,West,2024-07-31
ORD100005,CUST1135,Wireless Mouse,799.0,0,South,2024-10-01
ORD103156,CUST1105,Laptop Stand,1999.0,2,North,16/06/2024
ORD100594,CUST1485,USB-C Hub,1299.0,0,South,2024-07-02
ORD102252,CUST1066,Noise Cancelling Headphones,5999.0,-1,South,2024-04-19
ORD100626,CUST1335,Wireless Mouse,799.0,1,south,21/05/2024
ORD101989,CUST1387,Portable SSD 1TB,6999.0,3,North,2024-09-09
ORD101714,CUST1091,USB-C Hub,1299.0,-1,South,08/10/2024
ORD103746,CUST1495,Laptop Stand,1999.0,1,South,19/03/2024
ORD100561,CUST1299,Webcam 1080p,2499.0,5,North,26-08-2024
ORD101073,CUST1298,Laptop Stand,1999.0,0,EAST,2024-02-20
ORD100294,CUST1462,Laptop Stand,1999.0,2,north,25/03/2024
ORD102866,CUST1403,Mechanical Keyboard,3499.0,2,South,02-05-2024
ORD102035,CUST1289,Portable SSD 1TB,6999.0,1,north,09-05-2024
ORD103914,CUST1293,Webcam 1080p,2499.0,1,EAST,06-06-2024
ORD104869,CUST1266,Portable SSD 1TB,6999.0,5,West,15/11/2024
ORD101574,CUST1060,Mechanical Keyboard,3499.0,-1,West,2024-09-15
ORD100481,CUST1068,Webcam 1080p,2499.0,0,South,13/06/2024
ORD100843,CUST1276,Laptop Stand,1999.0,-1,North,18/12/2024
ORD100795,CUST1418,Mechanical Keyboard,3499.0,1,EAST,03-06-2024
ORD103287,CUST1400,Noise Cancelling Headphones,5999.0,2,north,07/08/2024
ORD102946,CUST1354,Noise Cancelling Headphones,5999.0,5,north,27/02/2024
ORD101460,CUST1060,Mechanical Keyboard,3499.0,-1,EAST,2024-04-18
ORD102435,CUST1498,Noise Cancelling Headphones,5999.0,1,South,2024-08-25
ORD103364,CUST1398,Webcam 1080p,2499.0,-1,EAST,19/09/2024
ORD100468,CUST1341,Mechanical Keyboard,3499.0,5,North,04/10/2024
ORD103309,CUST1088,Webcam 1080p,2499.0,-1,,2024-05-20
ORD101909,CUST1374,USB-C Hub,1299.0,3,West,23/03/2024
ORD102612,CUST1095,USB-C Hub,1299.0,2,south,06/06/2024
ORD103626,CUST1415,Monitor 24-inch,8999.0,0,West,2024-12-19
ORD104315,CUST1459,Laptop Stand,1999.0,0,south,2024-11-09
ORD102382,CUST1453,Mechanical Keyboard,3499.0,2,north,31/07/2024
ORD101747,CUST1032,USB-C Hub,1299.0,3,north,2024-02-01
ORD104974,CUST1500,Noise Cancelling Headphones,5999.0,2,South,04/11/2024
ORD100490,CUST1010,Wireless Mouse,799.0,,West,2024-11-27
ORD101652,CUST1376,USB-C Hub,1299.0,1,south,2024-08-02
ORD100887,CUST1187,USB-C Hub,1299.0,1,South,14-10-2024
ORD103596,CUST1077,USB-C Hub,1299.0,2,EAST,11/12/2024
ORD101293,CUST1462,Laptop Stand,1999.0,1,south,2024-07-06
ORD103353,CUST1161,Wireless Mouse,799.0,0,West,16/06/2024
ORD104468,CUST1088,Webcam 1080p,2499.0,2,West,09-12-2024
ORD103771,CUST1298,Portable SSD 1TB,6999.0,2,north,26-03-2024
ORD103901,CUST1140,Wireless Mouse,799.0,2,,02-06-2024
ORD101960,CUST1437,Webcam 1080p,2499.0,2,south,06-09-2024
ORD101815,CUST1481,Mechanical Keyboard,3499.0,2,north,22-07-2024
ORD102813,CUST1439,Laptop Stand,1999.0,2,south,13-09-2024
ORD100581,CUST1262,USB-C Hub,1299.0,2,south,23-04-2024
ORD103127,CUST1395,Webcam 1080p,2499.0,0,North,2024-03-27
ORD101690,CUST1432,Noise Cancelling Headphones,5999.0,2,North,05-08-2024
ORD102447,CUST1034,Webcam 1080p,2499.0,1,north,2024-06-10
ORD102054,CUST1147,Monitor 24-inch,8999.0,-1,North,2024-11-03
ORD101246,CUST1488,Portable SSD 1TB,6999.0,1,north,2024-06-08
ORD100638,CUST1489,Monitor 24-inch,8999.0,1,north,2024-10-04
ORD104796,CUST1049,Monitor 24-inch,8999.0,3,North,2024-08-13
ORD104479,CUST1430,Wireless Mouse,799.0,2,north,19-05-2024
ORD101435,CUST1095,Noise Cancelling Headphones,5999.0,1,south,20-04-2024
ORD102276,CUST1121,Monitor 24-inch,8999.0,-1,West,10-08-2024
ORD104634,CUST1042,Portable SSD 1TB,6999.0,5,South,23/10/2024
ORD100029,CUST1334,Mechanical Keyboard,3499.0,-1,North,2024-06-22
ORD104299,CUST1241,Noise Cancelling Headphones,5999.0,1,South,14/03/2024
ORD101052,CUST1174,Noise Cancelling Headphones,5999.0,3,North,18-03-2024
ORD103869,CUST1425,USB-C Hub,1299.0,1,EAST,02/08/2024
ORD101827,CUST1118,Monitor 24-inch,8999.0,1,EAST,04-10-2024
ORD100807,CUST1088,Monitor 24-inch,8999.0,2,south,11/10/2024
ORD101524,CUST1446,USB-C Hub,1299.0,1,EAST,30-09-2024
ORD100322,CUST1469,Wireless Mouse,799.0,,north,08-02-2024
ORD103567,CUST1123,Mechanical Keyboard,3499.0,-1,EAST,16-07-2024
ORD102098,CUST1238,Noise Cancelling Headphones,5999.0,-1,north,08-05-2024
ORD100085,CUST1189,Mechanical Keyboard,3499.0,5,north,07/01/2024
ORD104985,CUST1363,Wireless Mouse,799.0,3,South,21/01/2024
ORD100601,CUST1076,USB-C Hub,1299.0,5,south,04-11-2024
ORD101134,CUST1439,Wireless Mouse,799.0,5,West,2024-04-10
ORD101744,CUST1275,Mechanical Keyboard,3499.0,0,North,17-10-2024
ORD100033,CUST1401,Monitor 24-inch,8999.0,-1,EAST,22-12-2024
ORD100499,CUST1448,USB-C Hub,1299.0,1,EAST,2024-08-29
ORD104587,CUST1320,Noise Cancelling Headphones,5999.0,2,South,2024-06-18
ORD100812,CUST1255,Laptop Stand,1999.0,3,South,29-07-2024
ORD104090,CUST1449,Mechanical Keyboard,3499.0,2,EAST,2024-12-17
ORD102298,CUST1289,Portable SSD 1TB,6999.0,1,EAST,2024-10-08
ORD103849,CUST1463,Laptop Stand,1999.0,1,EAST,14/02/2024
ORD100437,CUST1465,USB-C Hub,1299.0,3,EAST,2024-08-16
ORD101360,CUST1193,Wireless Mouse,799.0,-1,South,2024-07-09
ORD103013,CUST1028,Laptop Stand,1999.0,1,West,2024-07-31
ORD100956,CUST1315,Noise Cancelling Headphones,5999.0,5,EAST,2024-02-01
ORD100809,CUST1369,Monitor 24-inch,8999.0,-1,South,2024-03-10
ORD100353,CUST1078,Portable SSD 1TB,6999.0,1,West,17-08-2024
ORD104108,CUST1246,Laptop Stand,1999.0,2,North,20/02/2024
ORD101333,CUST1336,Mechanical Keyboard,3499.0,-1,South,30/11/2024
ORD101620,CUST1394,Laptop Stand,1999.0,5,West,01-09-2024
ORD101224,CUST1147,Portable SSD 1TB,6999.0,2,south,2024-07-10
ORD101066,CUST1357,Noise Cancelling Headphones,5999.0,-1,South,11/04/2024
ORD103301,CUST1198,Wireless Mouse,799.0,1,West,12-04-2024
ORD100899,CUST1024,USB-C Hub,1299.0,3,EAST,2024-08-21
ORD104968,CUST1289,Portable SSD 1TB,6999.0,2,EAST,18/01/2024
ORD104999,CUST1264,Noise Cancelling Headphones,5999.0,2,North,16-12-2024
ORD103320,CUST1137,Mechanical Keyboard,3499.0,,south,18-07-2024
ORD104471,CUST1454,Mechanical Keyboard,3499.0,2,South,2024-06-23
ORD100617,CUST1274,Portable SSD 1TB,6999.0,5,north,09/11/2024
ORD104679,CUST1371,Portable SSD 1TB,6999.0,0,north,20/06/2024
ORD102208,CUST1490,Wireless Mouse,799.0,1,South,22-02-2024
ORD100358,CUST1256,USB-C Hub,1299.0,1,EAST,2024-09-04
ORD103188,CUST1084,Portable SSD 1TB,6999.0,2,north,06/01/2024
ORD104508,CUST1185,Mechanical Keyboard,3499.0,1,,06/03/2024
ORD101687,CUST1207,Wireless Mouse,799.0,5,south,06-03-2024
ORD104789,CUST1135,Portable SSD 1TB,6999.0,5,South,17-11-2024
ORD102461,CUST1119,Monitor 24-inch,8999.0,5,north,2024-08-12
ORD104780,CUST1390,USB-C Hub,1299.0,0,EAST,15/06/2024
ORD103919,CUST1274,Monitor 24-inch,8999.0,0,South,22/02/2024
ORD103990,CUST1409,Monitor 24-inch,8999.0,2,South,10-02-2024
ORD102289,CUST1388,Monitor 24-inch,8999.0,3,North,15-03-2024
ORD100610,CUST1449,Mechanical Keyboard,3499.0,0,North,2024-12-03
ORD100430,CUST1438,Noise Cancelling Headphones,5999.0,1,south,2024-12-30
ORD104530,CUST1044,Laptop Stand,1999.0,3,West,18/08/2024
ORD102141,CUST1237,Portable SSD 1TB,6999.0,5,South,2024-08-18
ORD100790,CUST1343,Mechanical Keyboard,3499.0,2,West,17-02-2024
ORD100642,CUST1061,Monitor 24-inch,8999.0,1,EAST,07-01-2024
ORD104678,CUST1484,Noise Cancelling Headphones,5999.0,2,South,2024-07-28
ORD102958,CUST1280,Portable SSD 1TB,6999.0,3,south,31/12/2024
ORD100835,CUST1338,Mechanical Keyboard,3499.0,0,South,21/05/2024
ORD102185,CUST1098,Webcam 1080p,2499.0,2,EAST,26-07-2024
ORD102679,CUST1065,Mechanical Keyboard,3499.0,2,EAST,12/06/2024
ORD100353,CUST1078,Portable SSD 1TB,6999.0,1,West,17-08-2024
ORD103363,CUST1316,Monitor 24-inch,8999.0,1,north,2024-03-13
ORD103182,CUST1256,Mechanical Keyboard,3499.0,0,South,07/07/2024
ORD103692,CUST1027,Monitor 24-inch,8999.0,2,south,2024-03-21
ORD104524,CUST1143,Mechanical Keyboard,3499.0,-1,West,30-01-2024
ORD101625,CUST1164,Monitor 24-inch,8999.0,0,South,20-09-2024
ORD101513,CUST1375,Laptop Stand,1999.0,2,North,15/07/2024
ORD102451,CUST1052,Portable SSD 1TB,6999.0,1,West,2024-03-17
ORD103034,CUST1119,Noise Cancelling Headphones,5999.0,0,north,2024-09-16
ORD104736,CUST1282,Laptop Stand,1999.0,1,north,2024-02-17
ORD100189,CUST1473,Noise Cancelling Headphones,5999.0,5,South,18/03/2024
ORD102197,CUST1402,Mechanical Keyboard,3499.0,0,north,27/06/2024
ORD101339,CUST1465,Portable SSD 1TB,6999.0,2,North,07-01-2024
ORD104351,CUST1090,Noise Cancelling Headphones,5999.0,1,south,28-03-2024
ORD101022,CUST1385,USB-C Hub,1299.0,3,North,08/09/2024
ORD102526,CUST1489,Noise Cancelling Headphones,5999.0,3,EAST,2024-08-06
ORD101031,CUST1213,Webcam 1080p,2499.0,0,EAST,09/12/2024
ORD101624,CUST1137,Laptop Stand,1999.0,0,north,06/10/2024
ORD102157,CUST1010,Mechanical Keyboard,3499.0,3,south,27-03-2024
ORD103991,CUST1022,Laptop Stand,1999.0,2,south,15-05-2024
ORD104559,CUST1198,Noise Cancelling Headphones,5999.0,-1,North,11/06/2024
ORD103110,CUST1000,Webcam 1080p,2499.0,1,EAST,24/10/2024
ORD100737,CUST1015,Noise Cancelling Headphones,5999.0,-1,West,04/06/2024
ORD103802,CUST1495,Laptop Stand,1999.0,3,North,25-11-2024
ORD102306,CUST1171,Wireless Mouse,799.0,1,North,11-07-2024
ORD104859,CUST1184,Wireless Mouse,799.0,5,south,2024-11-01
ORD103092,CUST1450,Webcam 1080p,2499.0,2,EAST,2024-05-18
ORD104775,CUST1304,USB-C Hub,1299.0,1,south,24-07-2024
ORD101186,CUST1017,Laptop Stand,1999.0,1,West,21-11-2024
ORD103312,CUST1131,Webcam 1080p,2499.0,1,EAST,19-09-2024
ORD104668,CUST1197,Laptop Stand,1999.0,3,south,16/01/2024
ORD102281,CUST1281,USB-C Hub,1299.0,1,West,05-09-2024
ORD101254,CUST1011,Portable SSD 1TB,6999.0,-1,EAST,13/12/2024
ORD101783,CUST1473,Noise Cancelling Headphones,5999.0,2,South,2024-04-06
ORD100620,CUST1400,USB-C Hub,1299.0,2,North,17/09/2024
ORD102914,CUST1100,Wireless Mouse,799.0,-1,South,10-10-2024
ORD100668,CUST1280,Noise Cancelling Headphones,5999.0,-1,south,14/10/2024
ORD100390,CUST1219,Laptop Stand,1999.0,2,South,28/11/2024
ORD100972,CUST1146,USB-C Hub,1299.0,2,EAST,2024-07-26
ORD100882,CUST1235,Wireless Mouse,799.0,0,West,11-03-2024
ORD104135,CUST1148,Mechanical Keyboard,3499.0,2,North,2024-05-14
ORD101034,CUST1244,Monitor 24-inch,8999.0,-1,South,02-12-2024
ORD100324,CUST1316,Monitor 24-inch,8999.0,0,South,2024-01-09
ORD104440,CUST1210,Portable SSD 1TB,6999.0,1,North,2024-04-28
ORD102198,CUST1352,Webcam 1080p,2499.0,-1,West,2024-05-18
ORD100415,CUST1076,USB-C Hub,1299.0,-1,North,24/04/2024
ORD103159,CUST1097,Wireless Mouse,799.0,3,EAST,06-11-2024
ORD102136,CUST1076,USB-C Hub,1299.0,1,North,31-01-2024
ORD102286,CUST1310,Wireless Mouse,799.0,5,north,16-10-2024
ORD103162,CUST1197,Portable SSD 1TB,6999.0,3,South,2024-12-05
ORD100475,CUST1214,Mechanical Keyboard,3499.0,2,West,16-03-2024
ORD104589,CUST1117,Webcam 1080p,2499.0,2,South,2024-05-04
ORD102320,CUST1303,Wireless Mouse,799.0,2,South,23/10/2024
ORD102644,CUST1444,Laptop Stand,1999.0,-1,North,2024-09-06
ORD102433,CUST1046,Monitor 24-inch,8999.0,-1,south,2024-09-21
ORD103636,CUST1481,Webcam 1080p,2499.0,0,North,25/02/2024
ORD104666,CUST1307,Portable SSD 1TB,6999.0,1,EAST,22/12/2024
ORD102764,CUST1026,Noise Cancelling Headphones,5999.0,0,North,30/07/2024
ORD103093,CUST1032,Noise Cancelling Headphones,5999.0,2,,18/06/2024
ORD104921,CUST1224,Noise Cancelling Headphones,5999.0,2,North,13/09/2024
ORD104366,CUST1130,Wireless Mouse,799.0,2,South,18/06/2024
ORD103655,CUST1123,USB-C Hub,1299.0,,North,30/08/2024
ORD103121,CUST1050,Portable SSD 1TB,6999.0,3,EAST,2024-05-27
ORD102609,CUST1434,USB-C Hub,1299.0,5,EAST,2024-01-05
ORD104227,CUST1179,Webcam 1080p,2499.0,1,South,24-12-2024
ORD103004,CUST1446,Portable SSD 1TB,6999.0,1,North,2024-04-13
ORD104025,CUST1159,Noise Cancelling Headphones,5999.0,1,South,2024-03-17
ORD103419,CUST1204,Webcam 1080p,2499.0,0,EAST,2024-08-07
ORD101727,CUST1443,Monitor 24-inch,8999.0,1,West,01/08/2024
ORD103681,CUST1088,Laptop Stand,1999.0,2,EAST,28-09-2024
ORD100569,CUST1459,Laptop Stand,1999.0,1,EAST,2024-02-19
ORD100753,CUST1043,Portable SSD 1TB,6999.0,2,South,12-07-2024
ORD100699,CUST1285,Portable SSD 1TB,6999.0,1,South,22-11-2024
ORD100562,CUST1475,Noise Cancelling Headphones,5999.0,1,north,16-11-2024
ORD104998,CUST1116,Mechanical Keyboard,3499.0,0,south,08/04/2024
ORD103553,CUST1485,USB-C Hub,1299.0,2,south,15-08-2024
ORD104273,CUST1255,Monitor 24-inch,8999.0,3,north,2024-04-20
ORD102542,CUST1209,Noise Cancelling Headphones,5999.0,1,South,2024-01-18
ORD101499,CUST1061,Mechanical Keyboard,3499.0,2,,23/02/2024
ORD103333,CUST1227,Laptop Stand,1999.0,1,South,15/07/2024
ORD100513,CUST1011,USB-C Hub,1299.0,5,North,30-12-2024
ORD101187,CUST1459,Mechanical Keyboard,3499.0,3,West,2024-08-15
ORD104076,CUST1037,Portable SSD 1TB,6999.0,2,North,2024-05-07
ORD100492,CUST1111,Monitor 24-inch,8999.0,-1,,2024-10-26
ORD102631,CUST1274,USB-C Hub,1299.0,2,South,10-03-2024
ORD100379,CUST1323,Portable SSD 1TB,6999.0,2,south,2024-04-15
ORD100802,CUST1228,Laptop Stand,1999.0,5,south,02-06-2024
ORD101751,CUST1453,Monitor 24-inch,8999.0,2,South,28-10-2024
ORD101565,CUST1476,USB-C Hub,1299.0,1,north,24-02-2024
ORD102522,CUST1099,Wireless Mouse,799.0,2,West,15-06-2024
ORD101775,CUST1262,Noise Cancelling Headphones,5999.0,-1,North,17-01-2024
ORD100001,CUST1379,Mechanical Keyboard,3499.0,-1,north,2024-01-17
ORD104810,CUST1142,Wireless Mouse,799.0,1,north,30/11/2024
ORD103936,CUST1236,Wireless Mouse,799.0,-1,south,2024-02-21
ORD101045,CUST1176,Monitor 24-inch,8999.0,2,south,27-10-2024
ORD100285,CUST1172,Webcam 1080p,2499.0,2,north,30-03-2024
ORD100456,CUST1055,Wireless Mouse,799.0,-1,North,12-08-2024
ORD101437,CUST1290,Noise Cancelling Headphones,5999.0,1,south,16/07/2024
ORD102515,CUST1137,Wireless Mouse,799.0,-1,North,10/05/2024
ORD102596,CUST1224,Webcam 1080p,2499.0,0,North,21/02/2024
ORD102823,CUST1214,Laptop Stand,1999.0,3,north,28-06-2024
ORD101972,CUST1073,Noise Cancelling Headphones,5999.0,0,North,2024-05-06
ORD102148,CUST1222,Wireless Mouse,799.0,3,West,02/10/2024
ORD101626,CUST1041,Mechanical Keyboard,3499.0,1,West,2024-07-11
ORD103496,CUST1457,USB-C Hub,1299.0,-1,north,08/01/2024
ORD102870,CUST1354,Webcam 1080p,2499.0,5,West,2024-12-04
ORD103551,CUST1070,Noise Cancelling Headphones,5999.0,3,North,23-12-2024
ORD103413,CUST1436,USB-C Hub,1299.0,1,EAST,17/01/2024
ORD103422,CUST1443,Laptop Stand,1999.0,5,EAST,31-03-2024
ORD104580,CUST1393,Laptop Stand,1999.0,2,EAST,18/05/2024
ORD103932,CUST1326,Webcam 1080p,2499.0,1,West,2024-06-02
ORD103492,CUST1074,Mechanical Keyboard,3499.0,0,south,2024-05-08
ORD103843,CUST1087,Portable SSD 1TB,6999.0,5,EAST,2024-09-22
ORD103705,CUST1378,Laptop Stand,1999.0,1,South,10/12/2024
ORD100251,CUST1287,Mechanical Keyboard,3499.0,2,EAST,2024-08-26
ORD104277,CUST1227,Noise Cancelling Headphones,5999.0,1,EAST,2024-07-24
ORD102346,CUST1349,Laptop Stand,1999.0,1,EAST,22/12/2024
ORD104193,CUST1178,Wireless Mouse,799.0,-1,South,2024-12-23
ORD102885,CUST1081,Portable SSD 1TB,6999.0,1,north,2024-02-12
ORD101168,CUST1283,USB-C Hub,1299.0,0,North,2024-01-14
ORD104364,CUST1182,Monitor 24-inch,8999.0,1,south,05/03/2024
ORD104875,CUST1006,USB-C Hub,1299.0,3,south,2024-07-21
ORD104543,CUST1113,Laptop Stand,1999.0,5,south,08-03-2024
ORD100759,CUST1419,Laptop Stand,1999.0,2,North,2024-03-16
ORD102188,CUST1328,Mechanical Keyboard,3499.0,2,South,08-03-2024
ORD101923,CUST1148,Webcam 1080p,2499.0,2,North,2024-03-18
ORD102778,CUST1438,Webcam 1080p,2499.0,2,south,27/02/2024
ORD101411,CUST1401,Portable SSD 1TB,6999.0,5,North,24-04-2024
ORD104227,CUST1179,Webcam 1080p,2499.0,1,South,24-12-2024
ORD100100,CUST1322,Wireless Mouse,799.0,2,south,15/10/2024
ORD101922,CUST1430,Mechanical Keyboard,3499.0,5,EAST,25/10/2024
ORD100883,CUST1189,Monitor 24-inch,8999.0,1,South,2024-11-17
ORD100736,CUST1080,Noise Cancelling Headphones,5999.0,1,North,04/04/2024
ORD101711,CUST1319,USB-C Hub,1299.0,5,north,16/10/2024
ORD102819,CUST1270,Monitor 24-inch,8999.0,1,EAST,26/07/2024
ORD102552,CUST1248,Mechanical Keyboard,3499.0,1,EAST,08-07-2024
ORD101895,CUST1202,Laptop Stand,1999.0,0,North,2024-04-12
ORD104576,CUST1176,Laptop Stand,1999.0,1,North,19/07/2024
ORD102349,CUST1191,Webcam 1080p,2499.0,2,EAST,25/09/2024
ORD104235,CUST1180,Portable SSD 1TB,6999.0,5,West,15/08/2024
ORD100450,CUST1223,Monitor 24-inch,8999.0,5,South,30-03-2024
ORD103046,CUST1183,USB-C Hub,1299.0,-1,south,15/09/2024
ORD103954,CUST1290,USB-C Hub,1299.0,3,EAST,20/07/2024
ORD101900,CUST1028,Portable SSD 1TB,6999.0,2,West,29-05-2024
ORD102739,CUST1019,Laptop Stand,1999.0,1,North,03/06/2024
ORD101103,CUST1221,Laptop Stand,1999.0,5,north,15/12/2024
ORD102268,CUST1006,Laptop Stand,1999.0,-1,South,19/06/2024
ORD100829,CUST1171,Webcam 1080p,2499.0,1,EAST,10-05-2024
ORD100030,CUST1229,USB-C Hub,1299.0,2,West,22/05/2024
ORD104224,CUST1493,Portable SSD 1TB,6999.0,-1,north,20-02-2024
ORD101648,CUST1257,Wireless Mouse,799.0,3,north,18-01-2024
ORD103330,CUST1412,Webcam 1080p,2499.0,-1,North,2024-03-22
ORD103576,CUST1101,USB-C Hub,1299.0,1,West,2024-08-31
ORD101381,CUST1280,Mechanical Keyboard,3499.0,1,West,20/08/2024
ORD101297,CUST1237,Monitor 24-inch,8999.0,5,North,04-01-2024
ORD100315,CUST1386,Monitor 24-inch,8999.0,2,south,2024-07-22
ORD101388,CUST1204,Mechanical Keyboard,3499.0,-1,south,24-08-2024
ORD102952,CUST1290,USB-C Hub,1299.0,-1,North,2024-06-02
ORD103842,CUST1175,Wireless Mouse,799.0,3,north,27-12-2024
ORD101314,CUST1214,Laptop Stand,1999.0,1,,2024-04-03
ORD101142,CUST1090,Webcam 1080p,2499.0,1,North,2024-12-12
ORD100566,CUST1421,Wireless Mouse,799.0,5,North,2024-08-16
ORD104609,CUST1151,Mechanical Keyboard,3499.0,3,EAST,2024-04-22
ORD101231,CUST1455,Noise Cancelling Headphones,5999.0,2,EAST,03-07-2024
ORD103305,CUST1103,Portable SSD 1TB,6999.0,1,North,2024-10-05
ORD100617,CUST1274,Portable SSD 1TB,6999.0,5,north,09/11/2024
ORD100846,CUST1103,USB-C Hub,1299.0,1,north,15-07-2024
ORD103656,CUST1260,Webcam 1080p,2499.0,2,south,29/11/2024
ORD100830,CUST1345,Laptop Stand,1999.0,2,South,23/09/2024
ORD104507,CUST1121,USB-C Hub,1299.0,5,North,24-10-2024
ORD104956,CUST1038,Webcam 1080p,2499.0,2,EAST,27/11/2024
ORD103640,CUST1326,USB-C Hub,1299.0,0,north,14/10/2024
ORD101018,CUST1002,Noise Cancelling Headphones,5999.0,0,North,15-06-2024
ORD102331,CUST1087,USB-C Hub,1299.0,5,south,16-06-2024
ORD101754,CUST1287,Webcam 1080p,2499.0,0,South,2024-02-27
ORD102085,CUST1245,USB-C Hub,1299.0,2,south,26-10-2024
ORD102524,CUST1358,Mechanical Keyboard,3499.0,1,north,21/07/2024
ORD101986,CUST1079,Mechanical Keyboard,3499.0,0,south,2024-03-22
ORD102817,CUST1102,Laptop Stand,1999.0,2,South,20-02-2024
ORD100247,CUST1023,Webcam 1080p,2499.0,2,South,19/10/2024
ORD103773,CUST1386,Laptop Stand,1999.0,1,north,2024-11-14
ORD101777,CUST1498,Mechanical Keyboard,3499.0,2,north,2024-09-19
ORD101061,CUST1035,Mechanical Keyboard,3499.0,5,EAST,2024-07-24
ORD102209,CUST1443,Wireless Mouse,799.0,0,south,30-07-2024
ORD103938,CUST1235,Webcam 1080p,2499.0,1,north,07-09-2024
ORD102315,CUST1476,Noise Cancelling Headphones,5999.0,2,EAST,13/04/2024
ORD102064,CUST1093,Monitor 24-inch,8999.0,2,EAST,19/07/2024
ORD103097,CUST1120,Webcam 1080p,2499.0,5,South,24-12-2024
ORD100037,CUST1120,Portable SSD 1TB,6999.0,2,North,23-10-2024
ORD102504,CUST1408,Monitor 24-inch,8999.0,0,West,21-12-2024
ORD104936,CUST1071,Wireless Mouse,799.0,1,EAST,12/11/2024
ORD103731,CUST1228,Portable SSD 1TB,6999.0,1,South,02/09/2024
ORD103497,CUST1169,Portable SSD 1TB,6999.0,2,West,29/04/2024
ORD102025,CUST1417,Laptop Stand,1999.0,1,North,16/01/2024
ORD100040,CUST1051,Mechanical Keyboard,3499.0,2,north,16/09/2024
ORD102238,CUST1342,Monitor 24-inch,8999.0,0,EAST,2024-09-24
ORD101752,CUST1000,Webcam 1080p,2499.0,3,West,09-09-2024
ORD101883,CUST1460,USB-C Hub,1299.0,5,,25-01-2024
ORD103982,CUST1413,Mechanical Keyboard,3499.0,2,south,2024-04-06
ORD102750,CUST1333,Noise Cancelling Headphones,5999.0,2,South,18/10/2024
ORD101410,CUST1438,Monitor 24-inch,8999.0,5,North,25/08/2024
ORD104029,CUST1399,Mechanical Keyboard,3499.0,2,EAST,26-07-2024
ORD102541,CUST1402,Monitor 24-inch,8999.0,-1,EAST,08-10-2024
ORD101951,CUST1375,Wireless Mouse,799.0,-1,north,10-02-2024
ORD101772,CUST1378,Noise Cancelling Headphones,5999.0,0,EAST,2024-04-19
ORD101288,CUST1324,Mechanical Keyboard,3499.0,2,North,2024-02-17
ORD100459,CUST1487,Mechanical Keyboard,3499.0,5,North,28/03/2024
ORD102843,CUST1133,Laptop Stand,1999.0,3,West,09/08/2024
ORD100426,CUST1410,Portable SSD 1TB,6999.0,5,South,11/06/2024
ORD103946,CUST1472,Laptop Stand,1999.0,0,EAST,30-12-2024
ORD104377,CUST1255,Mechanical Keyboard,3499.0,2,West,2024-10-05
ORD100460,CUST1482,Mechanical Keyboard,3499.0,0,EAST,2024-12-26
ORD100198,CUST1179,Webcam 1080p,2499.0,-1,South,07-03-2024
ORD103229,CUST1430,Portable SSD 1TB,6999.0,1,West,15-09-2024
ORD102260,CUST1122,Laptop Stand,1999.0,2,south,2024-06-30
ORD103602,CUST1286,Laptop Stand,1999.0,3,South,27/08/2024
ORD100598,CUST1193,Noise Cancelling Headphones,5999.0,1,north,21/09/2024
ORD102122,CUST1050,Noise Cancelling Headphones,5999.0,-1,West,02-08-2024
ORD104388,CUST1322,USB-C Hub,1299.0,3,North,10/07/2024
ORD102775,CUST1317,Webcam 1080p,2499.0,5,South,01-04-2024
ORD103126,CUST1153,USB-C Hub,1299.0,2,North,26-05-2024
ORD101455,CUST1389,Noise Cancelling Headphones,5999.0,0,EAST,2024-12-01
ORD104549,CUST1018,Noise Cancelling Headphones,5999.0,1,EAST,2024-10-21
ORD101459,CUST1235,USB-C Hub,1299.0,1,EAST,31-08-2024
ORD101853,CUST1461,Portable SSD 1TB,6999.0,3,South,27/12/2024
ORD102941,CUST1331,Portable SSD 1TB,6999.0,2,North,2024-06-24
ORD102340,CUST1384,Wireless Mouse,799.0,0,South,16/02/2024
ORD101266,CUST1365,USB-C Hub,1299.0,1,West,20-07-2024
ORD100388,CUST1172,USB-C Hub,1299.0,0,north,24-06-2024
ORD101488,CUST1223,Noise Cancelling Headphones,5999.0,2,north,2024-12-15
ORD101059,CUST1385,Portable SSD 1TB,6999.0,2,south,07/08/2024
ORD102827,CUST1325,Wireless Mouse,799.0,3,West,10-03-2024
ORD102577,CUST1059,Portable SSD 1TB,6999.0,1,South,15-11-2024
ORD104870,CUST1075,Monitor 24-inch,8999.0,1,south,06-05-2024
ORD101658,CUST1238,Mechanical Keyboard,3499.0,0,north,2024-02-15
ORD100775,CUST1015,Noise Cancelling Headphones,5999.0,2,West,19-10-2024
ORD102602,CUST1489,Laptop Stand,1999.0,5,South,11-11-2024
ORD103564,CUST1149,Portable SSD 1TB,6999.0,0,North,25-06-2024
ORD102364,CUST1487,USB-C Hub,1299.0,1,South,2024-05-25
ORD102818,CUST1497,Laptop Stand,1999.0,2,EAST,24-08-2024
ORD102295,CUST1370,Laptop Stand,1999.0,2,north,15-06-2024
ORD100716,CUST1101,Monitor 24-inch,8999.0,2,West,14-10-2024
ORD101933,CUST1229,Portable SSD 1TB,6999.0,1,EAST,19-05-2024
ORD103489,CUST1147,USB-C Hub,1299.0,1,north,2024-03-30
ORD104697,CUST1084,Laptop Stand,1999.0,-1,EAST,29/06/2024
ORD104781,CUST1481,USB-C Hub,1299.0,2,North,26-07-2024
ORD103157,CUST1354,Wireless Mouse,799.0,3,North,02-07-2024
ORD104651,CUST1185,Monitor 24-inch,8999.0,2,north,21/03/2024
ORD104657,CUST1076,Monitor 24-inch,8999.0,0,West,02/12/2024
ORD102240,CUST1022,Wireless Mouse,799.0,3,North,05/05/2024
ORD104663,CUST1449,Wireless Mouse,799.0,0,south,27/06/2024
ORD102322,CUST1104,Webcam 1080p,2499.0,-1,North,28-08-2024
ORD101710,CUST1106,Noise Cancelling Headphones,5999.0,3,EAST,10/06/2024
ORD102592,CUST1161,Webcam 1080p,2499.0,1,South,2024-12-15
ORD103457,CUST1403,Monitor 24-inch,8999.0,1,North,2024-09-10
ORD104470,CUST1496,Webcam 1080p,2499.0,0,north,2024-08-22
ORD100760,CUST1437,Wireless Mouse,799.0,3,South,2024-06-18
ORD102853,CUST1087,Mechanical Keyboard,3499.0,2,south,2024-06-09
ORD104162,CUST1053,Monitor 24-inch,8999.0,3,south,06-08-2024
ORD103641,CUST1025,Laptop Stand,1999.0,1,South,13-03-2024
ORD102840,CUST1212,Laptop Stand,1999.0,2,North,16/08/2024
ORD103488,CUST1402,Mechanical Keyboard,3499.0,3,South,27/05/2024
ORD104071,CUST1171,Monitor 24-inch,8999.0,2,south,2024-09-18
ORD104352,CUST1221,Wireless Mouse,799.0,3,EAST,18-07-2024
ORD102927,CUST1191,Mechanical Keyboard,3499.0,3,West,2024-03-14
ORD102888,CUST1407,USB-C Hub,1299.0,0,North,27-08-2024
ORD103184,CUST1367,Monitor 24-inch,8999.0,2,West,22/09/2024
ORD100932,CUST1406,Wireless Mouse,799.0,1,West,2024-05-09
ORD100136,CUST1226,Noise Cancelling Headphones,5999.0,3,north,23/11/2024
ORD100552,CUST1298,Portable SSD 1TB,6999.0,3,South,2024-08-04
ORD102345,CUST1252,Wireless Mouse,799.0,5,,14-12-2024
ORD104706,CUST1053,Noise Cancelling Headphones,5999.0,2,North,2024-09-05
ORD102020,CUST1482,USB-C Hub,1299.0,2,South,16-12-2024
ORD101852,CUST1284,Laptop Stand,1999.0,2,West,22-09-2024
ORD101662,CUST1102,USB-C Hub,1299.0,3,EAST,23/12/2024
ORD101839,CUST1129,Noise Cancelling Headphones,5999.0,5,South,2024-06-29
ORD102653,CUST1476,Portable SSD 1TB,6999.0,2,south,08-06-2024
ORD104102,CUST1236,Mechanical Keyboard,3499.0,-1,EAST,03/09/2024
ORD103896,CUST1289,Laptop Stand,1999.0,2,EAST,2024-02-01
ORD103172,CUST1241,Portable SSD 1TB,6999.0,2,West,08-01-2024
ORD104590,CUST1063,Wireless Mouse,799.0,1,north,16-03-2024
ORD104263,CUST1027,Laptop Stand,1999.0,2,south,05/05/2024
ORD104935,CUST1269,USB-C Hub,1299.0,2,South,2024-02-24
ORD103661,CUST1356,Monitor 24-inch,8999.0,2,West,2024-09-07
ORD100914,CUST1155,Monitor 24-inch,8999.0,5,north,03-02-2024
ORD103239,CUST1248,Portable SSD 1TB,6999.0,2,West,2024-07-27
ORD103673,CUST1016,Portable SSD 1TB,6999.0,0,south,05-04-2024
ORD101334,CUST1282,Laptop Stand,1999.0,2,West,15/06/2024
ORD104476,CUST1068,Mechanical Keyboard,3499.0,1,South,2024-01-08
ORD103223,CUST1107,Portable SSD 1TB,6999.0,2,West,2024-01-21
ORD102661,CUST1397,Portable SSD 1TB,6999.0,-1,North,16/04/2024
ORD100501,CUST1446,Webcam 1080p,2499.0,5,West,09/07/2024
ORD101932,CUST1012,Monitor 24-inch,8999.0,2,EAST,27-01-2024
ORD103600,CUST1058,Mechanical Keyboard,3499.0,1,EAST,2024-12-25
ORD104124,CUST1220,Wireless Mouse,799.0,1,South,2024-04-02
ORD104030,CUST1141,USB-C Hub,1299.0,2,North,2024-07-22
ORD103944,CUST1313,Wireless Mouse,799.0,3,North,2024-04-07
ORD101564,CUST1333,Noise Cancelling Headphones,5999.0,3,West,2024-11-14
ORD102977,CUST1456,Portable SSD 1TB,6999.0,1,North,01/02/2024
ORD100738,CUST1326,Webcam 1080p,2499.0,2,south,2024-02-24
ORD103593,CUST1347,Monitor 24-inch,8999.0,-1,North,05-07-2024
ORD104852,CUST1227,Laptop Stand,1999.0,3,South,27/04/2024
ORD103381,CUST1496,Wireless Mouse,799.0,-1,north,2024-12-28
ORD104906,CUST1216,Laptop Stand,1999.0,2,West,2024-02-06
ORD102786,CUST1163,USB-C Hub,1299.0,5,,2024-10-17
ORD101370,CUST1039,Noise Cancelling Headphones,5999.0,5,north,2024-01-15
ORD103557,CUST1422,USB-C Hub,1299.0,1,North,12-12-2024
ORD102091,CUST1100,Mechanical Keyboard,3499.0,1,North,2024-05-17
ORD100409,CUST1158,USB-C Hub,1299.0,1,North,2024-12-28
ORD102162,CUST1182,Mechanical Keyboard,3499.0,2,EAST,2024-07-17
ORD100087,CUST1494,Webcam 1080p,2499.0,0,north,26/08/2024
ORD103717,CUST1190,Noise Cancelling Headphones,5999.0,2,West,2024-08-22
ORD101188,CUST1193,Laptop Stand,1999.0,5,south,2024-05-02
ORD103107,CUST1096,Webcam 1080p,2499.0,1,south,2024-02-16
ORD101888,CUST1468,Noise Cancelling Headphones,5999.0,-1,south,26/04/2024
ORD102502,CUST1203,Noise Cancelling Headphones,5999.0,5,,2024-04-27
ORD102635,CUST1141,USB-C Hub,1299.0,2,south,07-03-2024
ORD102659,CUST1407,Monitor 24-inch,8999.0,3,West,21/11/2024
ORD100870,CUST1382,Noise Cancelling Headphones,5999.0,1,south,2024-06-15
ORD104897,CUST1313,Mechanical Keyboard,3499.0,3,EAST,19-02-2024
ORD102849,CUST1064,Mechanical Keyboard,3499.0,5,EAST,08-11-2024
ORD103250,CUST1131,Webcam 1080p,2499.0,2,South,23/01/2024
ORD102100,CUST1152,Mechanical Keyboard,3499.0,-1,north,14/07/2024
ORD103878,CUST1389,Webcam 1080p,2499.0,5,north,05-05-2024
ORD104258,CUST1013,Wireless Mouse,799.0,2,West,17-07-2024
ORD100677,CUST1226,Laptop Stand,1999.0,1,South,11/04/2024
ORD103615,CUST1269,Laptop Stand,1999.0,0,North,2024-09-23
ORD102262,CUST1232,Monitor 24-inch,8999.0,1,South,2024-10-05
ORD104581,CUST1323,Portable SSD 1TB,6999.0,1,West,04/03/2024
ORD103522,CUST1000,Webcam 1080p,2499.0,2,EAST,10-03-2024
ORD102791,CUST1330,Portable SSD 1TB,6999.0,3,south,2024-12-06
ORD101715,CUST1461,Webcam 1080p,2499.0,5,EAST,2024-11-18
ORD101833,CUST1299,Monitor 24-inch,8999.0,-1,south,06/12/2024
ORD102465,CUST1343,Portable SSD 1TB,6999.0,2,north,25-08-2024
ORD101011,CUST1133,USB-C Hub,1299.0,0,South,2024-08-11
ORD100571,CUST1350,Portable SSD 1TB,6999.0,2,North,02-10-2024
ORD104163,CUST1253,USB-C Hub,1299.0,5,south,26/09/2024
ORD104213,CUST1106,Wireless Mouse,799.0,2,North,2024-08-02
ORD101836,CUST1184,Portable SSD 1TB,6999.0,1,West,26-06-2024
ORD104617,CUST1066,Mechanical Keyboard,3499.0,2,EAST,12-09-2024
ORD100743,CUST1474,Monitor 24-inch,8999.0,0,north,18/12/2024
ORD103992,CUST1369,Monitor 24-inch,8999.0,,EAST,15/05/2024
ORD101157,CUST1102,Noise Cancelling Headphones,5999.0,5,south,08/05/2024
ORD104815,CUST1103,Noise Cancelling Headphones,5999.0,5,north,18-07-2024
ORD104585,CUST1017,Wireless Mouse,799.0,5,north,24-09-2024
ORD103831,CUST1092,USB-C Hub,1299.0,-1,West,2024-05-26
ORD102920,CUST1178,Webcam 1080p,2499.0,1,south,2024-05-14
ORD103826,CUST1156,Monitor 24-inch,8999.0,-1,West,17-02-2024
ORD104592,CUST1441,Wireless Mouse,799.0,0,north,2024-09-19
ORD100171,CUST1058,Webcam 1080p,2499.0,2,north,07-08-2024
ORD100354,CUST1259,Portable SSD 1TB,6999.0,1,north,03-07-2024
ORD100424,CUST1234,Mechanical Keyboard,3499.0,1,north,2024-09-15
ORD103177,CUST1476,USB-C Hub,1299.0,2,EAST,02/12/2024
ORD103253,CUST1453,Webcam 1080p,2499.0,-1,EAST,2024-07-26
ORD103075,CUST1462,Noise Cancelling Headphones,5999.0,2,EAST,2024-11-13
ORD101036,CUST1057,Wireless Mouse,799.0,2,South,2024-01-14
ORD102218,CUST1151,Monitor 24-inch,8999.0,0,North,25-04-2024
ORD102826,CUST1157,USB-C Hub,1299.0,5,EAST,24-04-2024
ORD104584,CUST1140,USB-C Hub,1299.0,5,south,18/03/2024
ORD101434,CUST1309,Noise Cancelling Headphones,5999.0,1,West,2024-02-28
ORD103528,CUST1244,Wireless Mouse,799.0,1,West,2024-11-15
ORD102569,CUST1037,Portable SSD 1TB,6999.0,5,north,04/01/2024
ORD100447,CUST1066,Noise Cancelling Headphones,5999.0,2,,2024-06-14
ORD103173,CUST1008,Laptop Stand,1999.0,1,north,2024-08-21
ORD102760,CUST1416,Noise Cancelling Headphones,5999.0,1,south,29/03/2024
ORD102144,CUST1122,Monitor 24-inch,8999.0,,EAST,02/04/2024
ORD103405,CUST1207,Noise Cancelling Headphones,5999.0,3,West,06/03/2024
ORD102039,CUST1298,Monitor 24-inch,8999.0,0,south,2024-12-24
ORD101619,CUST1487,Noise Cancelling Headphones,5999.0,1,north,2024-08-19
ORD101458,CUST1331,Mechanical Keyboard,3499.0,,south,24-02-2024
ORD102426,CUST1483,Mechanical Keyboard,3499.0,5,EAST,2024-05-13
ORD100322,CUST1469,Wireless Mouse,799.0,,north,08-02-2024
ORD100862,CUST1480,USB-C Hub,1299.0,1,north,2024-11-01
ORD100428,CUST1208,Mechanical Keyboard,3499.0,5,north,16/04/2024
ORD102907,CUST1342,Wireless Mouse,799.0,0,south,2024-04-19
ORD102271,CUST1413,Mechanical Keyboard,3499.0,3,north,25-02-2024
ORD102844,CUST1245,Wireless Mouse,799.0,1,South,28/09/2024
ORD100950,CUST1039,Monitor 24-inch,8999.0,2,West,30-05-2024
ORD101646,CUST1471,Laptop Stand,1999.0,5,West,01-04-2024
ORD104478,CUST1323,Portable SSD 1TB,6999.0,-1,South,2024-10-23
ORD101159,CUST1421,Noise Cancelling Headphones,5999.0,-1,,23-10-2024
ORD102032,CUST1366,Mechanical Keyboard,3499.0,-1,West,2024-06-21
ORD101265,CUST1092,Portable SSD 1TB,6999.0,-1,West,01-06-2024
ORD100949,CUST1091,Portable SSD 1TB,6999.0,5,north,19/03/2024
ORD104914,CUST1143,Laptop Stand,1999.0,3,South,06/12/2024
ORD102367,CUST1269,Noise Cancelling Headphones,5999.0,2,West,11/03/2024
ORD101055,CUST1105,Noise Cancelling Headphones,5999.0,3,south,28/12/2024
ORD104448,CUST1446,Monitor 24-inch,8999.0,1,West,08-01-2024
ORD102074,CUST1046,Webcam 1080p,2499.0,1,West,2024-02-18
ORD102126,CUST1312,USB-C Hub,1299.0,2,EAST,02/11/2024
ORD100858,CUST1212,USB-C Hub,1299.0,5,South,2024-10-10
ORD101846,CUST1286,Webcam 1080p,2499.0,2,north,22-07-2024
ORD100143,CUST1448,Noise Cancelling Headphones,5999.0,3,north,25/03/2024
ORD104252,CUST1132,Laptop Stand,1999.0,2,EAST,08-11-2024
ORD104145,CUST1382,Webcam 1080p,2499.0,2,North,18/11/2024
ORD103331,CUST1497,Portable SSD 1TB,6999.0,5,North,07/10/2024
ORD100167,CUST1351,Monitor 24-inch,8999.0,1,North,2024-02-13
ORD100053,CUST1114,Wireless Mouse,799.0,2,South,23/07/2024
ORD102507,CUST1198,Wireless Mouse,799.0,1,North,25/02/2024
ORD104880,CUST1497,Monitor 24-inch,8999.0,2,West,2024-02-08
ORD100500,CUST1286,USB-C Hub,1299.0,5,South,2024-12-01
ORD101581,CUST1479,Mechanical Keyboard,3499.0,1,south,30-10-2024
ORD101203,CUST1124,Laptop Stand,1999.0,1,north,2024-12-06
ORD100371,CUST1088,USB-C Hub,1299.0,3,West,2024-03-12
ORD102769,CUST1352,Noise Cancelling Headphones,5999.0,-1,West,30/09/2024
ORD104043,CUST1468,USB-C Hub,1299.0,0,EAST,01-05-2024
ORD100211,CUST1202,Noise Cancelling Headphones,5999.0,-1,south,11/02/2024
ORD102112,CUST1325,Webcam 1080p,2499.0,2,south,2024-04-10
ORD104358,CUST1398,Noise Cancelling Headphones,5999.0,0,south,14-03-2024
ORD104375,CUST1284,Noise Cancelling Headphones,5999.0,1,south,2024-02-13
ORD100133,CUST1074,Laptop Stand,1999.0,-1,north,16-10-2024
ORD104182,CUST1269,Portable SSD 1TB,6999.0,1,EAST,03/09/2024
ORD102082,CUST1288,Laptop Stand,1999.0,1,South,19-08-2024
ORD104579,CUST1043,Mechanical Keyboard,3499.0,-1,West,11-03-2024
ORD101114,CUST1289,USB-C Hub,1299.0,2,North,2024-02-03
ORD101295,CUST1425,Mechanical Keyboard,3499.0,,EAST,04/09/2024
ORD100523,CUST1447,Wireless Mouse,799.0,5,EAST,12/12/2024
ORD103083,CUST1385,Webcam 1080p,2499.0,2,North,2024-10-23
ORD102985,CUST1380,Laptop Stand,1999.0,3,South,2024-09-08
ORD100721,CUST1027,Laptop Stand,1999.0,2,north,2024-05-27
ORD104768,CUST1437,Monitor 24-inch,8999.0,1,South,2024-05-22
ORD103868,CUST1204,Wireless Mouse,799.0,1,,27-05-2024
ORD100869,CUST1263,Mechanical Keyboard,3499.0,2,North,15-08-2024
ORD104669,CUST1450,USB-C Hub,1299.0,5,West,2024-09-21
ORD102933,CUST1278,Wireless Mouse,799.0,5,North,26/08/2024
ORD103332,CUST1084,Monitor 24-inch,8999.0,0,West,29-05-2024
ORD100510,CUST1033,Wireless Mouse,799.0,3,EAST,21-08-2024
ORD103768,CUST1153,Noise Cancelling Headphones,5999.0,1,North,2024-09-17
ORD101756,CUST1048,Monitor 24-inch,8999.0,2,EAST,2024-04-09
ORD102598,CUST1424,Mechanical Keyboard,3499.0,1,North,20/07/2024
ORD104702,CUST1196,USB-C Hub,1299.0,3,North,2024-09-27
ORD103403,CUST1033,Webcam 1080p,2499.0,-1,south,03-09-2024
ORD100205,CUST1312,Webcam 1080p,2499.0,0,South,29-04-2024
ORD104485,CUST1067,USB-C Hub,1299.0,2,North,2024-08-11
ORD102842,CUST1445,Noise Cancelling Headphones,5999.0,2,South,09/01/2024
ORD104600,CUST1272,USB-C Hub,1299.0,0,south,2024-11-16
ORD102251,CUST1157,Portable SSD 1TB,6999.0,2,EAST,2024-01-11
ORD103527,CUST1034,USB-C Hub,1299.0,2,North,2024-10-10
ORD101108,CUST1416,Portable SSD 1TB,6999.0,5,north,2024-07-17
ORD104096,CUST1018,Portable SSD 1TB,6999.0,-1,EAST,12-10-2024
ORD100023,CUST1135,Portable SSD 1TB,6999.0,2,south,31/12/2024
ORD102900,CUST1333,Noise Cancelling Headphones,5999.0,-1,West,02-05-2024
ORD101607,CUST1105,Mechanical Keyboard,3499.0,5,north,07-03-2024
ORD100310,CUST1094,Monitor 24-inch,8999.0,2,south,02-06-2024
ORD100999,CUST1110,Webcam 1080p,2499.0,2,South,2024-08-02
ORD102809,CUST1082,Noise Cancelling Headphones,5999.0,-1,,2024-04-06
ORD104618,CUST1500,Laptop Stand,1999.0,2,north,08/09/2024
ORD103451,CUST1335,Mechanical Keyboard,3499.0,1,North,08-06-2024
ORD101067,CUST1199,USB-C Hub,1299.0,3,north,2024-04-19
ORD104325,CUST1261,Noise Cancelling Headphones,5999.0,2,north,2024-03-25
ORD102459,CUST1011,Webcam 1080p,2499.0,1,South,06-02-2024
ORD103545,CUST1296,USB-C Hub,1299.0,-1,north,16/06/2024
ORD102003,CUST1379,Noise Cancelling Headphones,5999.0,3,,01-08-2024
ORD104832,CUST1171,Wireless Mouse,799.0,3,south,17-12-2024
ORD100793,CUST1166,Monitor 24-inch,8999.0,1,West,03/02/2024
ORD101175,CUST1147,Monitor 24-inch,8999.0,3,EAST,19-07-2024
ORD102655,CUST1068,Webcam 1080p,2499.0,2,West,06-07-2024
ORD101335,CUST1439,Portable SSD 1TB,6999.0,0,south,28-04-2024
ORD104903,CUST1057,USB-C Hub,1299.0,1,north,2024-08-13
ORD103368,CUST1231,USB-C Hub,1299.0,2,north,05/12/2024
ORD104070,CUST1343,USB-C Hub,1299.0,5,South,30-03-2024
ORD102440,CUST1104,Mechanical Keyboard,3499.0,1,north,2024-06-19
ORD104363,CUST1231,Monitor 24-inch,8999.0,1,South,29/01/2024
ORD101884,CUST1197,Laptop Stand,1999.0,1,EAST,16/12/2024
ORD103185,CUST1210,USB-C Hub,1299.0,2,south,28/04/2024
ORD104636,CUST1386,Laptop Stand,1999.0,2,North,2024-07-28
ORD102775,CUST1317,Webcam 1080p,2499.0,5,South,01-04-2024
ORD101481,CUST1177,Webcam 1080p,2499.0,1,North,12-09-2024
ORD101537,CUST1144,Wireless Mouse,799.0,5,EAST,04-11-2024
ORD104569,CUST1019,Laptop Stand,1999.0,-1,EAST,15/10/2024
ORD104818,CUST1217,Monitor 24-inch,8999.0,3,South,25/09/2024
ORD103789,CUST1183,Portable SSD 1TB,6999.0,5,West,01-01-2024
ORD103444,CUST1231,Wireless Mouse,799.0,2,West,21/04/2024
ORD102417,CUST1068,USB-C Hub,1299.0,3,,2024-07-11
ORD101817,CUST1271,Wireless Mouse,799.0,5,north,2024-10-03
ORD100816,CUST1005,Monitor 24-inch,8999.0,0,West,20-10-2024
ORD102988,CUST1001,Portable SSD 1TB,6999.0,-1,West,28-06-2024
ORD104534,CUST1199,Webcam 1080p,2499.0,2,West,2024-05-15
ORD101814,CUST1424,Mechanical Keyboard,3499.0,3,North,05/03/2024
ORD100900,CUST1274,Webcam 1080p,2499.0,2,south,28-12-2024
ORD101755,CUST1498,Monitor 24-inch,8999.0,2,West,2024-04-01
ORD103374,CUST1278,Webcam 1080p,2499.0,1,South,17/11/2024
ORD101622,CUST1206,Monitor 24-inch,8999.0,2,north,31/01/2024
ORD101748,CUST1297,Monitor 24-inch,8999.0,1,West,2024-10-01
ORD102366,CUST1309,USB-C Hub,1299.0,1,West,19/05/2024
ORD104298,CUST1277,Wireless Mouse,799.0,1,south,19-12-2024
ORD103218,CUST1040,Mechanical Keyboard,3499.0,0,EAST,13/05/2024
ORD103327,CUST1146,Portable SSD 1TB,6999.0,5,West,08/11/2024
ORD100410,CUST1487,Noise Cancelling Headphones,5999.0,3,north,26/03/2024
ORD102249,CUST1032,Portable SSD 1TB,6999.0,2,EAST,20-03-2024
ORD102255,CUST1188,Noise Cancelling Headphones,5999.0,2,north,2024-05-30
ORD100879,CUST1240,Wireless Mouse,799.0,-1,West,02-09-2024
ORD103247,CUST1173,USB-C Hub,1299.0,2,South,23/08/2024
ORD101584,CUST1296,Portable SSD 1TB,6999.0,5,EAST,15/07/2024
ORD103922,CUST1237,Monitor 24-inch,8999.0,1,North,2024-12-05
ORD100002,CUST1308,Wireless Mouse,799.0,2,north,28-11-2024
ORD103056,CUST1333,Monitor 24-inch,8999.0,1,West,2024-09-08
ORD101795,CUST1390,Wireless Mouse,799.0,2,North,04/12/2024
ORD100170,CUST1295,Laptop Stand,1999.0,0,south,2024-04-24
ORD102190,CUST1491,Mechanical Keyboard,3499.0,1,north,2024-11-29
ORD102018,CUST1081,USB-C Hub,1299.0,-1,south,11/02/2024
ORD104422,CUST1451,Laptop Stand,1999.0,2,north,04/05/2024
ORD100140,CUST1325,Laptop Stand,1999.0,3,north,13-12-2024
ORD103324,CUST1367,Webcam 1080p,2499.0,2,EAST,2024-11-29
ORD103339,CUST1407,Portable SSD 1TB,6999.0,3,EAST,31-12-2024
ORD102949,CUST1465,Portable SSD 1TB,6999.0,2,south,25/08/2024
ORD102478,CUST1153,Mechanical Keyboard,3499.0,1,south,27-10-2024
ORD103240,CUST1295,Portable SSD 1TB,6999.0,5,North,2024-04-28
ORD101568,CUST1375,Portable SSD 1TB,6999.0,1,north,2024-09-27
ORD101700,CUST1011,USB-C Hub,1299.0,3,South,30-11-2024
ORD100125,CUST1022,Noise Cancelling Headphones,5999.0,0,South,27/12/2024
ORD104414,CUST1382,Laptop Stand,1999.0,-1,North,2024-01-14
ORD104731,CUST1411,Mechanical Keyboard,3499.0,-1,North,27/01/2024
ORD103303,CUST1138,Portable SSD 1TB,6999.0,5,North,20/09/2024
ORD101166,CUST1311,Portable SSD 1TB,6999.0,2,West,2024-07-19
ORD102372,CUST1415,Portable SSD 1TB,6999.0,1,EAST,2024-03-10
ORD104178,CUST1293,Wireless Mouse,799.0,-1,South,2024-09-01
ORD100062,CUST1242,USB-C Hub,1299.0,1,South,25-05-2024
ORD101571,CUST1227,Portable SSD 1TB,6999.0,1,EAST,29-06-2024
ORD100771,CUST1315,Wireless Mouse,799.0,2,south,18/06/2024
ORD102421,CUST1183,Noise Cancelling Headphones,5999.0,5,north,17/07/2024
ORD104435,CUST1197,Wireless Mouse,799.0,-1,south,2024-02-08
ORD103171,CUST1001,Portable SSD 1TB,6999.0,1,north,03/11/2024
ORD100853,CUST1316,Wireless Mouse,799.0,2,south,2024-01-08
ORD100580,CUST1275,Mechanical Keyboard,3499.0,2,EAST,2024-06-25
ORD104705,CUST1269,USB-C Hub,1299.0,5,EAST,22-11-2024
ORD104767,CUST1426,USB-C Hub,1299.0,0,South,04/08/2024
ORD103367,CUST1388,Monitor 24-inch,8999.0,2,north,01/03/2024
ORD101639,CUST1110,Mechanical Keyboard,3499.0,,north,2024-03-14
ORD102871,CUST1247,Wireless Mouse,799.0,1,North,01/07/2024
ORD102434,CUST1415,Noise Cancelling Headphones,5999.0,1,West,16-03-2024
ORD104473,CUST1292,Wireless Mouse,799.0,,north,06/12/2024
ORD102998,CUST1342,Portable SSD 1TB,6999.0,3,south,25/04/2024
ORD102611,CUST1094,Webcam 1080p,2499.0,0,North,02/10/2024
ORD100139,CUST1381,Wireless Mouse,799.0,0,north,2024-05-26
ORD100067,CUST1127,Mechanical Keyboard,3499.0,2,West,25-08-2024
ORD103374,CUST1278,Webcam 1080p,2499.0,1,South,17/11/2024
ORD104712,CUST1453,Noise Cancelling Headphones,5999.0,1,South,18-09-2024
ORD102951,CUST1420,Mechanical Keyboard,3499.0,1,north,2024-10-19
ORD102195,CUST1237,USB-C Hub,1299.0,1,North,22-08-2024
ORD103910,CUST1163,USB-C Hub,1299.0,2,North,2024-07-16
ORD103633,CUST1274,Mechanical Keyboard,3499.0,5,south,23-06-2024
ORD103890,CUST1459,Noise Cancelling Headphones,5999.0,5,South,03-11-2024
ORD103438,CUST1067,Mechanical Keyboard,3499.0,-1,EAST,10-04-2024
ORD101676,CUST1000,USB-C Hub,1299.0,2,south,03/06/2024
ORD103928,CUST1494,Noise Cancelling Headphones,5999.0,1,EAST,11-12-2024
ORD101876,CUST1480,Monitor 24-inch,8999.0,-1,South,2024-08-17
ORD103477,CUST1497,Mechanical Keyboard,3499.0,2,,2024-10-01
ORD101048,CUST1341,Monitor 24-inch,8999.0,2,south,2024-04-12
ORD100777,CUST1449,Laptop Stand,1999.0,0,EAST,2024-06-03
ORD101214,CUST1250,Webcam 1080p,2499.0,1,South,2024-07-28
ORD104753,CUST1451,USB-C Hub,1299.0,-1,EAST,13/10/2024
ORD103131,CUST1222,Webcam 1080p,2499.0,1,North,02-01-2024
ORD102301,CUST1425,USB-C Hub,1299.0,5,south,19/10/2024
ORD101248,CUST1113,Mechanical Keyboard,3499.0,1,West,02/10/2024
ORD104654,CUST1274,Portable SSD 1TB,6999.0,1,North,25/09/2024
ORD104365,CUST1422,USB-C Hub,1299.0,5,south,2024-08-17
ORD104041,CUST1330,Monitor 24-inch,8999.0,3,North,2024-11-03
ORD102308,CUST1441,Laptop Stand,1999.0,0,north,24/11/2024
ORD101101,CUST1179,Laptop Stand,1999.0,3,north,2024-01-24
ORD103206,CUST1083,Noise Cancelling Headphones,5999.0,1,south,2024-12-02
ORD102736,CUST1389,Monitor 24-inch,8999.0,1,south,2024-12-19
ORD100444,CUST1412,Noise Cancelling Headphones,5999.0,1,north,26-12-2024
ORD101584,CUST1296,Portable SSD 1TB,6999.0,5,EAST,15/07/2024
ORD100548,CUST1140,Portable SSD 1TB,6999.0,3,EAST,2024-08-19
ORD103648,CUST1357,Noise Cancelling Headphones,5999.0,1,West,24/11/2024
ORD102795,CUST1400,Mechanical Keyboard,3499.0,3,EAST,18-09-2024
ORD104631,CUST1287,Mechanical Keyboard,3499.0,3,North,09/08/2024
ORD104967,CUST1143,Monitor 24-inch,8999.0,0,West,04/09/2024
ORD101695,CUST1166,Webcam 1080p,2499.0,1,South,2024-11-01
ORD104138,CUST1001,Webcam 1080p,2499.0,,EAST,20-01-2024
ORD101441,CUST1295,Wireless Mouse,799.0,1,EAST,25-11-2024
ORD102721,CUST1045,Portable SSD 1TB,6999.0,-1,south,26/06/2024
ORD104924,CUST1059,Webcam 1080p,2499.0,5,EAST,13/09/2024
ORD101638,CUST1169,Webcam 1080p,2499.0,0,,2024-04-17
ORD103133,CUST1164,Wireless Mouse,799.0,2,North,01-09-2024
ORD100365,CUST1385,Mechanical Keyboard,3499.0,1,north,2024-10-01
ORD102352,CUST1478,Mechanical Keyboard,3499.0,-1,EAST,25/03/2024
ORD102821,CUST1275,Mechanical Keyboard,3499.0,3,South,2024-05-06
ORD102834,CUST1194,Webcam 1080p,2499.0,1,north,15/05/2024
ORD102034,CUST1065,Wireless Mouse,799.0,0,north,05-02-2024
ORD104019,CUST1460,Mechanical Keyboard,3499.0,5,north,13/10/2024
ORD104150,CUST1010,Wireless Mouse,799.0,0,EAST,28-05-2024
ORD102758,CUST1225,Mechanical Keyboard,3499.0,1,South,09/12/2024
ORD104207,CUST1180,Webcam 1080p,2499.0,5,,2024-03-17
ORD100494,CUST1141,Noise Cancelling Headphones,5999.0,3,EAST,01-12-2024
ORD104140,CUST1234,Laptop Stand,1999.0,1,North,2024-04-11
ORD100302,CUST1368,Portable SSD 1TB,6999.0,-1,north,2024-04-27
ORD100016,CUST1440,Wireless Mouse,799.0,1,South,15-12-2024
ORD100693,CUST1054,Monitor 24-inch,8999.0,1,south,17-01-2024
ORD104655,CUST1482,Noise Cancelling Headphones,5999.0,-1,north,02-09-2024
ORD103109,CUST1335,Portable SSD 1TB,6999.0,2,West,21/12/2024
ORD100974,CUST1103,USB-C Hub,1299.0,2,EAST,15/01/2024
ORD103429,CUST1362,Portable SSD 1TB,6999.0,2,West,2024-06-01
ORD104276,CUST1419,USB-C Hub,1299.0,1,West,04-04-2024
ORD100655,CUST1162,Webcam 1080p,2499.0,3,South,05-11-2024
ORD104607,CUST1110,Portable SSD 1TB,6999.0,5,north,2024-11-05
ORD104769,CUST1000,Portable SSD 1TB,6999.0,1,North,2024-09-08
ORD100295,CUST1348,Laptop Stand,1999.0,0,South,16-02-2024
ORD102472,CUST1313,Portable SSD 1TB,6999.0,3,North,19-08-2024
ORD102219,CUST1467,Laptop Stand,1999.0,3,EAST,17/12/2024
ORD101196,CUST1347,USB-C Hub,1299.0,2,EAST,21-11-2024
ORD101163,CUST1447,USB-C Hub,1299.0,1,EAST,12-09-2024
ORD100621,CUST1314,Wireless Mouse,799.0,-1,south,2024-11-21
ORD101350,CUST1469,Monitor 24-inch,8999.0,5,South,15-05-2024
ORD101630,CUST1148,Laptop Stand,1999.0,5,north,22-09-2024
ORD100515,CUST1010,Wireless Mouse,799.0,1,South,01/08/2024
ORD102606,CUST1224,Monitor 24-inch,8999.0,1,EAST,2024-12-22
ORD103047,CUST1343,Wireless Mouse,799.0,-1,EAST,29-10-2024
ORD103425,CUST1327,Wireless Mouse,799.0,-1,north,01/08/2024
ORD103816,CUST1038,Noise Cancelling Headphones,5999.0,2,West,2024-11-29
ORD104280,CUST1457,USB-C Hub,1299.0,-1,North,03-04-2024
ORD104973,CUST1062,Wireless Mouse,799.0,1,EAST,2024-08-27
ORD101649,CUST1022,Webcam 1080p,2499.0,1,EAST,2024-10-19
ORD102430,CUST1126,Webcam 1080p,2499.0,,West,11/03/2024
ORD104487,CUST1087,Noise Cancelling Headphones,5999.0,2,West,2024-05-03
ORD101022,CUST1385,USB-C Hub,1299.0,3,North,08/09/2024
ORD104746,CUST1167,Mechanical Keyboard,3499.0,0,South,15/08/2024
ORD103179,CUST1465,Webcam 1080p,2499.0,0,north,26-07-2024
ORD104452,CUST1066,Monitor 24-inch,8999.0,2,EAST,2024-09-13
ORD100401,CUST1096,Portable SSD 1TB,6999.0,1,EAST,02/05/2024
ORD102865,CUST1250,Wireless Mouse,799.0,2,south,04-03-2024
ORD102782,CUST1138,Monitor 24-inch,8999.0,2,North,06/01/2024
ORD101351,CUST1441,USB-C Hub,1299.0,2,South,2024-06-12
ORD101835,CUST1021,Mechanical Keyboard,3499.0,1,north,2024-10-21
ORD100516,CUST1242,USB-C Hub,1299.0,1,south,03/06/2024
ORD101404,CUST1358,Monitor 24-inch,8999.0,0,South,30/07/2024
ORD104873,CUST1050,Laptop Stand,1999.0,5,North,2024-03-11
ORD100636,CUST1484,Laptop Stand,1999.0,2,West,30-04-2024
ORD100822,CUST1248,USB-C Hub,1299.0,1,north,2024-06-24
ORD103482,CUST1116,Noise Cancelling Headphones,5999.0,1,North,06/05/2024
ORD100810,CUST1440,Monitor 24-inch,8999.0,-1,South,2024-11-15
ORD101413,CUST1404,Noise Cancelling Headphones,5999.0,5,north,2024-06-20
ORD103634,CUST1222,Noise Cancelling Headphones,5999.0,0,,13/07/2024
ORD104912,CUST1216,Mechanical Keyboard,3499.0,0,West,29/09/2024
ORD102009,CUST1491,Webcam 1080p,2499.0,3,South,2024-09-02
ORD100921,CUST1008,Webcam 1080p,2499.0,1,south,15/03/2024
ORD100126,CUST1420,USB-C Hub,1299.0,1,West,05-03-2024
ORD103420,CUST1220,Portable SSD 1TB,6999.0,3,south,30-03-2024
ORD102462,CUST1013,Webcam 1080p,2499.0,1,north,02/08/2024
ORD100708,CUST1111,Mechanical Keyboard,3499.0,5,South,2024-09-04
ORD103014,CUST1262,Mechanical Keyboard,3499.0,0,north,2024-03-20
ORD104380,CUST1066,Monitor 24-inch,8999.0,2,West,18/09/2024
ORD102012,CUST1186,Mechanical Keyboard,3499.0,5,north,21/08/2024
ORD100823,CUST1420,USB-C Hub,1299.0,-1,West,2024-07-15
ORD104641,CUST1098,Laptop Stand,1999.0,1,north,13/12/2024
ORD100041,CUST1035,Laptop Stand,1999.0,3,EAST,21/03/2024
ORD102995,CUST1221,Webcam 1080p,2499.0,5,north,24/03/2024
ORD101146,CUST1325,Laptop Stand,1999.0,2,North,01/10/2024
ORD102111,CUST1341,Mechanical Keyboard,3499.0,-1,south,18-06-2024
ORD103485,CUST1184,Monitor 24-inch,8999.0,1,north,02/11/2024
ORD101336,CUST1461,Monitor 24-inch,8999.0,0,North,02/04/2024
ORD101696,CUST1378,Portable SSD 1TB,6999.0,2,south,13-02-2024
ORD103065,CUST1413,Monitor 24-inch,8999.0,3,south,15/08/2024
ORD101008,CUST1382,Noise Cancelling Headphones,5999.0,3,West,14-05-2024
ORD100301,CUST1201,USB-C Hub,1299.0,2,South,2024-01-02
ORD102939,CUST1085,Mechanical Keyboard,3499.0,1,West,20/08/2024
ORD104540,CUST1336,Mechanical Keyboard,3499.0,1,West,2024-04-05
ORD103571,CUST1417,Monitor 24-inch,8999.0,3,north,2024-01-19
ORD104238,CUST1392,Mechanical Keyboard,3499.0,-1,North,01-01-2024
ORD103196,CUST1483,Mechanical Keyboard,3499.0,2,EAST,18/01/2024
ORD104279,CUST1106,Laptop Stand,1999.0,3,EAST,2024-11-09
ORD100936,CUST1366,Laptop Stand,1999.0,2,EAST,2024-10-02
ORD101610,CUST1148,USB-C Hub,1299.0,5,EAST,2024-07-30
ORD104314,CUST1178,Laptop Stand,1999.0,3,West,21-01-2024
ORD101736,CUST1380,USB-C Hub,1299.0,3,south,15/07/2024
ORD102797,CUST1004,Mechanical Keyboard,3499.0,1,north,28/09/2024
ORD103204,CUST1209,Portable SSD 1TB,6999.0,-1,North,19/10/2024
ORD103787,CUST1437,Wireless Mouse,799.0,1,West,13/02/2024
ORD104741,CUST1266,Mechanical Keyboard,3499.0,0,West,09/08/2024
ORD101984,CUST1120,Mechanical Keyboard,3499.0,5,EAST,2024-06-22
ORD102677,CUST1023,Noise Cancelling Headphones,5999.0,0,,2024-10-01
ORD102701,CUST1396,Portable SSD 1TB,6999.0,-1,south,2024-12-04
ORD102058,CUST1264,Mechanical Keyboard,3499.0,3,EAST,18/05/2024
ORD102386,CUST1079,Wireless Mouse,799.0,2,EAST,2024-11-12
ORD104516,CUST1188,Laptop Stand,1999.0,0,North,30-01-2024
ORD100421,CUST1429,Wireless Mouse,799.0,1,EAST,02/12/2024
ORD100262,CUST1263,USB-C Hub,1299.0,5,EAST,24/03/2024
ORD100818,CUST1372,Webcam 1080p,2499.0,0,North,2024-10-23
ORD104129,CUST1120,Monitor 24-inch,8999.0,3,North,2024-07-06
ORD102302,CUST1128,Laptop Stand,1999.0,-1,EAST,2024-10-04
ORD100274,CUST1458,Portable SSD 1TB,6999.0,2,EAST,2024-05-28
ORD104756,CUST1493,Noise Cancelling Headphones,5999.0,2,West,27/01/2024
ORD104062,CUST1393,USB-C Hub,1299.0,3,South,26-08-2024
ORD102070,CUST1401,Mechanical Keyboard,3499.0,-1,South,2024-04-14
ORD101349,CUST1347,Portable SSD 1TB,6999.0,3,south,15/11/2024
ORD102386,CUST1079,Wireless Mouse,799.0,2,EAST,2024-11-12
ORD104154,CUST1464,Webcam 1080p,2499.0,2,north,2024-04-13
ORD100013,CUST1382,Portable SSD 1TB,6999.0,-1,north,2024-07-04
ORD102212,CUST1457,Laptop Stand,1999.0,5,North,01-05-2024
ORD104518,CUST1349,USB-C Hub,1299.0,-1,EAST,02/12/2024
ORD100052,CUST1240,Laptop Stand,1999.0,0,south,28/06/2024
ORD100619,CUST1157,Noise Cancelling Headphones,5999.0,-1,South,11-03-2024
ORD102108,CUST1005,Mechanical Keyboard,3499.0,3,south,2024-01-31
ORD102280,CUST1487,USB-C Hub,1299.0,3,south,23/06/2024
ORD100474,CUST1438,Webcam 1080p,2499.0,0,north,07-01-2024
ORD102784,CUST1359,USB-C Hub,1299.0,-1,West,20-11-2024
ORD102663,CUST1469,Webcam 1080p,2499.0,1,north,2024-06-23
ORD101398,CUST1199,Wireless Mouse,799.0,2,north,09-02-2024
ORD100939,CUST1160,Mechanical Keyboard,3499.0,1,West,2024-09-23
ORD100521,CUST1427,Monitor 24-inch,8999.0,1,south,2024-09-18
ORD101330,CUST1107,Mechanical Keyboard,3499.0,5,North,19-11-2024
ORD100847,CUST1458,Mechanical Keyboard,3499.0,5,South,2024-09-06
ORD101560,CUST1365,Webcam 1080p,2499.0,1,EAST,13/12/2024
ORD101247,CUST1198,Portable SSD 1TB,6999.0,5,EAST,2024-12-13
ORD101820,CUST1205,Webcam 1080p,2499.0,-1,West,31/08/2024
ORD102955,CUST1494,Portable SSD 1TB,6999.0,3,EAST,2024-08-09
ORD102145,CUST1184,Noise Cancelling Headphones,5999.0,5,north,2024-06-21
ORD103538,CUST1451,Noise Cancelling Headphones,5999.0,2,south,2024-01-22
ORD104177,CUST1344,USB-C Hub,1299.0,2,South,28/09/2024
ORD100892,CUST1354,Mechanical Keyboard,3499.0,0,south,2024-02-14
ORD100075,CUST1199,Noise Cancelling Headphones,5999.0,-1,South,25/03/2024
ORD100832,CUST1350,Monitor 24-inch,8999.0,2,EAST,25/05/2024
ORD101920,CUST1018,Mechanical Keyboard,3499.0,1,North,2024-01-11
ORD100652,CUST1294,USB-C Hub,1299.0,5,EAST,15-06-2024
ORD104570,CUST1180,Wireless Mouse,799.0,1,West,29-10-2024
ORD100144,CUST1495,Webcam 1080p,2499.0,5,South,28/02/2024
ORD100034,CUST1367,Monitor 24-inch,8999.0,2,south,2024-05-31
ORD103008,CUST1053,Portable SSD 1TB,6999.0,5,south,16-12-2024
ORD100007,CUST1116,Webcam 1080p,2499.0,2,North,21/02/2024
ORD100265,CUST1446,Wireless Mouse,799.0,0,north,15-05-2024
ORD104450,CUST1488,Noise Cancelling Headphones,5999.0,3,EAST,09-11-2024
ORD102133,CUST1080,Mechanical Keyboard,3499.0,2,West,18/12/2024
ORD102490,CUST1160,Wireless Mouse,799.0,1,North,2024-11-10
ORD104210,CUST1107,Portable SSD 1TB,6999.0,1,EAST,21-03-2024
ORD101185,CUST1390,Wireless Mouse,799.0,3,South,19/03/2024
ORD104916,CUST1412,Wireless Mouse,799.0,-1,,2024-01-01
ORD101603,CUST1451,Monitor 24-inch,8999.0,-1,,2024-12-17
ORD102009,CUST1491,Webcam 1080p,2499.0,3,South,2024-09-02
ORD101862,CUST1119,Portable SSD 1TB,6999.0,5,south,04-01-2024
ORD102008,CUST1221,Monitor 24-inch,8999.0,2,West,07-01-2024
ORD101445,CUST1434,Mechanical Keyboard,3499.0,,EAST,2024-01-15
ORD102738,CUST1401,Portable SSD 1TB,6999.0,5,EAST,29-08-2024
ORD102937,CUST1021,Monitor 24-inch,8999.0,-1,North,2024-09-10
ORD101926,CUST1195,Monitor 24-inch,8999.0,0,West,2024-03-28
ORD103149,CUST1343,Webcam 1080p,2499.0,2,north,2024-03-12
ORD104197,CUST1037,Wireless Mouse,799.0,5,south,25-06-2024
ORD104246,CUST1262,Mechanical Keyboard,3499.0,3,north,30-04-2024
ORD102763,CUST1409,Wireless Mouse,799.0,0,North,2024-03-24
ORD100049,CUST1286,Portable SSD 1TB,6999.0,2,north,2024-05-01
ORD100789,CUST1322,Monitor 24-inch,8999.0,5,north,08/06/2024
ORD103618,CUST1361,Laptop Stand,1999.0,0,South,01/08/2024
ORD100614,CUST1042,Webcam 1080p,2499.0,-1,,2024-05-11
ORD103799,CUST1331,Webcam 1080p,2499.0,2,north,27-07-2024
ORD104701,CUST1102,Mechanical Keyboard,3499.0,2,South,2024-12-24
ORD101590,CUST1064,Monitor 24-inch,8999.0,1,EAST,2024-12-27
ORD100926,CUST1398,Monitor 24-inch,8999.0,5,West,2024-03-24
ORD101416,CUST1410,USB-C Hub,1299.0,1,north,19-11-2024
ORD101486,CUST1041,Webcam 1080p,2499.0,1,south,30/08/2024
ORD103818,CUST1190,Portable SSD 1TB,6999.0,2,EAST,03-05-2024
ORD100069,CUST1243,Monitor 24-inch,8999.0,2,EAST,22/11/2024
ORD102668,CUST1154,Noise Cancelling Headphones,5999.0,2,EAST,29/01/2024
ORD103858,CUST1194,Mechanical Keyboard,3499.0,1,North,25-12-2024
ORD104857,CUST1204,Mechanical Keyboard,3499.0,1,West,06/11/2024
ORD104198,CUST1250,Monitor 24-inch,8999.0,0,south,2024-10-19
ORD104542,CUST1209,Mechanical Keyboard,3499.0,1,South,22/01/2024
ORD102706,CUST1295,Portable SSD 1TB,6999.0,2,north,29/10/2024
ORD100370,CUST1196,Portable SSD 1TB,6999.0,0,south,21-11-2024
ORD102481,CUST1261,Mechanical Keyboard,3499.0,5,West,2024-12-24
ORD104324,CUST1265,Noise Cancelling Headphones,5999.0,1,South,30/09/2024
ORD100834,CUST1044,USB-C Hub,1299.0,2,West,26-02-2024
ORD104955,CUST1377,Portable SSD 1TB,6999.0,2,South,2024-01-28
ORD102816,CUST1494,Mechanical Keyboard,3499.0,1,North,2024-04-07
ORD104915,CUST1157,Webcam 1080p,2499.0,1,south,23/01/2024
ORD104865,CUST1262,Noise Cancelling Headphones,5999.0,-1,South,22-10-2024
ORD102401,CUST1415,Monitor 24-inch,8999.0,0,north,27-06-2024
ORD103960,CUST1459,Webcam 1080p,2499.0,1,West,13/05/2024
ORD104765,CUST1177,Wireless Mouse,799.0,-1,EAST,10-07-2024
ORD101977,CUST1390,Portable SSD 1TB,6999.0,5,North,2024-08-26
ORD104981,CUST1319,Noise Cancelling Headphones,5999.0,1,West,29/03/2024
ORD103907,CUST1078,Noise Cancelling Headphones,5999.0,0,West,16-11-2024
ORD103848,CUST1390,Wireless Mouse,799.0,1,north,2024-03-29
ORD103015,CUST1450,Portable SSD 1TB,6999.0,0,EAST,2024-09-08
ORD103708,CUST1383,Webcam 1080p,2499.0,0,South,07/08/2024
ORD103754,CUST1318,Wireless Mouse,799.0,-1,South,22-12-2024
ORD101728,CUST1366,Wireless Mouse,799.0,0,West,31/01/2024
ORD101197,CUST1246,Mechanical Keyboard,3499.0,1,EAST,07-11-2024
ORD102307,CUST1041,Webcam 1080p,2499.0,1,South,2024-06-13
ORD102714,CUST1326,Laptop Stand,1999.0,3,South,2024-04-13
ORD100739,CUST1313,Webcam 1080p,2499.0,2,north,2024-11-01
ORD102373,CUST1410,Webcam 1080p,2499.0,2,EAST,27-10-2024
ORD102337,CUST1354,Laptop Stand,1999.0,-1,South,02-11-2024
ORD101592,CUST1381,Laptop Stand,1999.0,1,South,2024-06-16
ORD100839,CUST1314,Mechanical Keyboard,3499.0,3,West,2024-02-22
ORD101064,CUST1380,Noise Cancelling Headphones,5999.0,1,EAST,23-05-2024
ORD100208,CUST1128,Wireless Mouse,799.0,0,South,09-07-2024
ORD103793,CUST1330,Noise Cancelling Headphones,5999.0,-1,West,28-12-2024
ORD102026,CUST1397,Mechanical Keyboard,3499.0,3,North,2024-08-19
ORD103205,CUST1391,Webcam 1080p,2499.0,3,North,06/05/2024
ORD102793,CUST1104,Mechanical Keyboard,3499.0,1,south,23/01/2024
ORD100239,CUST1405,USB-C Hub,1299.0,0,south,14/01/2024
ORD100919,CUST1125,Wireless Mouse,799.0,3,North,2024-09-09
ORD104369,CUST1146,Portable SSD 1TB,6999.0,0,South,29-04-2024
ORD102341,CUST1278,Portable SSD 1TB,6999.0,-1,West,2024-09-01
ORD100349,CUST1493,Portable SSD 1TB,6999.0,3,EAST,21-12-2024
ORD100811,CUST1419,Monitor 24-inch,8999.0,,West,2024-04-25
ORD101672,CUST1172,Monitor 24-inch,8999.0,-1,South,2024-06-02
ORD103774,CUST1143,USB-C Hub,1299.0,1,EAST,12/07/2024
ORD102570,CUST1482,Wireless Mouse,799.0,1,North,21/10/2024
ORD102078,CUST1105,Monitor 24-inch,8999.0,5,West,2024-06-13
ORD102339,CUST1043,Webcam 1080p,2499.0,0,EAST,16-11-2024
ORD104313,CUST1347,Webcam 1080p,2499.0,2,South,29/01/2024
ORD103437,CUST1490,Wireless Mouse,799.0,2,north,16-07-2024
ORD101245,CUST1057,Mechanical Keyboard,3499.0,2,EAST,29-02-2024
ORD104367,CUST1266,Laptop Stand,1999.0,0,north,22-08-2024
ORD103308,CUST1484,Portable SSD 1TB,6999.0,5,EAST,02/07/2024
ORD102374,CUST1121,USB-C Hub,1299.0,,South,15/06/2024
ORD101588,CUST1282,USB-C Hub,1299.0,,North,03-10-2024
ORD104498,CUST1454,Laptop Stand,1999.0,3,north,06/07/2024
ORD103357,CUST1183,USB-C Hub,1299.0,1,South,25/09/2024
ORD101847,CUST1046,Portable SSD 1TB,6999.0,2,EAST,23-06-2024
ORD101234,CUST1127,Noise Cancelling Headphones,5999.0,,West,20/09/2024
ORD101759,CUST1312,USB-C Hub,1299.0,0,EAST,30-11-2024
ORD104463,CUST1486,Monitor 24-inch,8999.0,1,North,23-06-2024
ORD104187,CUST1460,USB-C Hub,1299.0,-1,South,2024-08-20
ORD104778,CUST1044,USB-C Hub,1299.0,-1,West,29/07/2024
ORD100526,CUST1492,Monitor 24-inch,8999.0,-1,EAST,19/12/2024
ORD104464,CUST1373,Mechanical Keyboard,3499.0,0,north,20-01-2024
ORD104772,CUST1067,Monitor 24-inch,8999.0,2,North,28-06-2024
ORD104165,CUST1040,Laptop Stand,1999.0,2,EAST,04/03/2024
ORD103729,CUST1193,USB-C Hub,1299.0,1,north,11-02-2024
ORD101617,CUST1295,Monitor 24-inch,8999.0,3,West,2024-08-07
ORD101528,CUST1467,Wireless Mouse,799.0,0,south,07-02-2024
ORD100608,CUST1305,Mechanical Keyboard,3499.0,-1,south,2024-07-16
ORD102092,CUST1283,Noise Cancelling Headphones,5999.0,2,South,19-03-2024
ORD103629,CUST1082,Monitor 24-inch,8999.0,2,West,2024-10-30
ORD103017,CUST1003,USB-C Hub,1299.0,1,EAST,10-12-2024
ORD104415,CUST1257,Mechanical Keyboard,3499.0,1,North,10-06-2024
ORD100539,CUST1432,Monitor 24-inch,8999.0,0,EAST,02/12/2024
ORD104008,CUST1123,Wireless Mouse,799.0,2,south,11-11-2024
ORD100769,CUST1286,Laptop Stand,1999.0,2,North,19/12/2024
ORD103059,CUST1004,Laptop Stand,1999.0,2,north,2024-04-05
ORD101368,CUST1421,Mechanical Keyboard,3499.0,0,South,01/09/2024
ORD102404,CUST1041,Noise Cancelling Headphones,5999.0,0,North,04/02/2024
ORD100848,CUST1097,USB-C Hub,1299.0,2,North,13-01-2024
ORD100274,CUST1458,Portable SSD 1TB,6999.0,2,EAST,2024-05-28
ORD100293,CUST1041,Monitor 24-inch,8999.0,5,north,09-02-2024
ORD104416,CUST1497,Wireless Mouse,799.0,-1,south,2024-04-15
ORD103055,CUST1329,USB-C Hub,1299.0,1,West,2024-02-24
ORD100489,CUST1494,Laptop Stand,1999.0,2,south,2024-12-12
ORD102906,CUST1446,Webcam 1080p,2499.0,3,West,22/01/2024
ORD102891,CUST1202,Wireless Mouse,799.0,1,South,03-03-2024
ORD103570,CUST1472,Portable SSD 1TB,6999.0,5,north,14/07/2024
ORD101399,CUST1165,Noise Cancelling Headphones,5999.0,2,North,2024-08-22
ORD104115,CUST1127,Laptop Stand,1999.0,1,South,2024-01-15
ORD104512,CUST1270,Noise Cancelling Headphones,5999.0,3,south,16/03/2024
ORD101668,CUST1337,Wireless Mouse,799.0,,EAST,18/11/2024
ORD101027,CUST1244,Webcam 1080p,2499.0,2,south,16/12/2024
ORD104834,CUST1399,Mechanical Keyboard,3499.0,3,West,2024-04-14
ORD100978,CUST1340,Webcam 1080p,2499.0,1,West,01-05-2024
ORD104536,CUST1419,Mechanical Keyboard,3499.0,5,South,2024-07-18
ORD100981,CUST1358,Mechanical Keyboard,3499.0,-1,EAST,31-08-2024
ORD102316,CUST1239,Mechanical Keyboard,3499.0,1,West,2024-04-14
ORD100176,CUST1345,Mechanical Keyboard,3499.0,0,EAST,04/12/2024
ORD101235,CUST1326,Noise Cancelling Headphones,5999.0,5,North,24-01-2024
ORD104230,CUST1237,Monitor 24-inch,8999.0,2,South,2024-07-24
ORD102292,CUST1413,Laptop Stand,1999.0,2,EAST,08/08/2024
ORD101698,CUST1422,Monitor 24-inch,8999.0,1,North,16/06/2024
ORD101725,CUST1090,Monitor 24-inch,8999.0,1,north,05/11/2024
ORD103645,CUST1060,Wireless Mouse,799.0,2,West,2024-01-22
ORD103904,CUST1125,USB-C Hub,1299.0,1,West,10/11/2024
ORD103095,CUST1435,Monitor 24-inch,8999.0,0,West,2024-11-22
ORD101703,CUST1095,Webcam 1080p,2499.0,1,north,05/11/2024
ORD101494,CUST1236,Monitor 24-inch,8999.0,1,North,29/01/2024
ORD101331,CUST1484,Webcam 1080p,2499.0,2,South,28-07-2024
ORD103631,CUST1418,Noise Cancelling Headphones,5999.0,2,south,08-10-2024
ORD102863,CUST1072,Webcam 1080p,2499.0,3,West,27/02/2024
ORD104599,CUST1397,Noise Cancelling Headphones,5999.0,-1,south,19-04-2024
ORD101423,CUST1051,Monitor 24-inch,8999.0,-1,North,07/02/2024
ORD100287,CUST1071,Monitor 24-inch,8999.0,2,EAST,04/01/2024
ORD102081,CUST1127,Webcam 1080p,2499.0,-1,south,03/11/2024
ORD103908,CUST1377,Wireless Mouse,799.0,1,south,01/07/2024
ORD101602,CUST1237,Noise Cancelling Headphones,5999.0,1,South,26-06-2024
ORD101732,CUST1355,Mechanical Keyboard,3499.0,0,West,05/05/2024
ORD100213,CUST1425,USB-C Hub,1299.0,0,,17-08-2024
ORD102785,CUST1306,Noise Cancelling Headphones,5999.0,2,West,2024-05-17
ORD101454,CUST1110,Monitor 24-inch,8999.0,2,West,2024-09-06
ORD104410,CUST1057,Laptop Stand,1999.0,2,South,2024-03-22
ORD104107,CUST1427,Noise Cancelling Headphones,5999.0,5,West,2024-04-19
ORD102877,CUST1174,USB-C Hub,1299.0,1,North,03-10-2024
ORD103383,CUST1211,Portable SSD 1TB,6999.0,1,North,12/03/2024
ORD104786,CUST1356,Laptop Stand,1999.0,5,North,19-05-2024
ORD102300,CUST1208,Mechanical Keyboard,3499.0,1,south,14/10/2024
ORD100514,CUST1327,Webcam 1080p,2499.0,1,north,2024-10-31
ORD100824,CUST1085,Laptop Stand,1999.0,5,north,28-01-2024
ORD102944,CUST1328,Noise Cancelling Headphones,5999.0,1,EAST,2024-04-25
ORD104311,CUST1331,Monitor 24-inch,8999.0,5,South,2024-11-23
ORD104556,CUST1109,Monitor 24-inch,8999.0,1,South,29/08/2024
ORD102652,CUST1435,Wireless Mouse,799.0,0,north,31-10-2024
ORD101182,CUST1069,Noise Cancelling Headphones,5999.0,0,South,05/09/2024
ORD104905,CUST1163,USB-C Hub,1299.0,1,North,23/03/2024
ORD101998,CUST1431,Webcam 1080p,2499.0,1,south,2024-06-07
ORD104892,CUST1003,Webcam 1080p,2499.0,3,north,03-12-2024
ORD103390,CUST1196,Laptop Stand,1999.0,2,West,2024-07-13
ORD101971,CUST1456,Webcam 1080p,2499.0,0,North,2024-07-18
ORD103486,CUST1474,Wireless Mouse,799.0,1,North,2024-06-02
ORD101098,CUST1325,Laptop Stand,1999.0,5,south,2024-10-03
ORD101578,CUST1123,Webcam 1080p,2499.0,5,North,21-06-2024
ORD100359,CUST1043,Mechanical Keyboard,3499.0,2,South,27/06/2024
ORD102806,CUST1313,Webcam 1080p,2499.0,1,north,2024-11-29
ORD100522,CUST1131,Laptop Stand,1999.0,3,West,15/05/2024
ORD103978,CUST1431,Laptop Stand,1999.0,5,south,2024-10-06
ORD102406,CUST1482,Noise Cancelling Headphones,5999.0,1,South,17/02/2024
ORD101996,CUST1477,Laptop Stand,1999.0,3,south,19-12-2024
ORD100051,CUST1415,Laptop Stand,1999.0,2,EAST,2024-12-25
ORD101220,CUST1361,Mechanical Keyboard,3499.0,2,north,2024-08-04
ORD102718,CUST1327,Monitor 24-inch,8999.0,0,EAST,04-01-2024
ORD104970,CUST1199,Webcam 1080p,2499.0,-1,north,05-03-2024
ORD100400,CUST1283,Webcam 1080p,2499.0,1,South,03/12/2024
ORD101694,CUST1419,Wireless Mouse,799.0,,north,01/04/2024
ORD100433,CUST1399,Laptop Stand,1999.0,2,south,24/07/2024
ORD101016,CUST1348,Mechanical Keyboard,3499.0,5,West,2024-10-29
ORD102756,CUST1119,Wireless Mouse,799.0,1,south,09/03/2024
ORD104821,CUST1475,Noise Cancelling Headphones,5999.0,3,South,20-04-2024
ORD102860,CUST1059,Noise Cancelling Headphones,5999.0,5,West,2024-11-10
ORD101105,CUST1306,Noise Cancelling Headphones,5999.0,,North,2024-11-26
ORD100988,CUST1051,USB-C Hub,1299.0,3,South,2024-09-16
ORD104270,CUST1013,Noise Cancelling Headphones,5999.0,3,West,25/05/2024
ORD102601,CUST1497,Webcam 1080p,2499.0,1,North,04/10/2024
ORD104966,CUST1351,Monitor 24-inch,8999.0,5,south,12/05/2024
ORD104828,CUST1353,USB-C Hub,1299.0,2,North,02-11-2024
ORD101890,CUST1348,Webcam 1080p,2499.0,3,,28-07-2024
ORD100314,CUST1106,Noise Cancelling Headphones,5999.0,1,EAST,2024-04-18
ORD104111,CUST1418,Webcam 1080p,2499.0,5,EAST,13-01-2024
ORD101268,CUST1306,USB-C Hub,1299.0,0,North,2024-06-09
ORD102831,CUST1292,Webcam 1080p,2499.0,3,West,08-02-2024
ORD100234,CUST1127,Mechanical Keyboard,3499.0,2,North,12-09-2024
ORD100114,CUST1416,Wireless Mouse,799.0,1,West,10/06/2024
ORD102062,CUST1283,Noise Cancelling Headphones,5999.0,0,south,24-10-2024
ORD100525,CUST1224,Webcam 1080p,2499.0,1,South,09/07/2024
ORD100182,CUST1441,Noise Cancelling Headphones,5999.0,-1,north,20/10/2024
ORD101407,CUST1359,Mechanical Keyboard,3499.0,1,,15-02-2024
ORD103414,CUST1066,USB-C Hub,1299.0,2,South,25/01/2024
ORD102991,CUST1339,USB-C Hub,1299.0,1,north,2024-11-23
ORD104323,CUST1302,Mechanical Keyboard,3499.0,1,North,16-02-2024
ORD104497,CUST1136,Laptop Stand,1999.0,2,south,10-04-2024
ORD100935,CUST1399,Laptop Stand,1999.0,1,north,20-02-2024
ORD104604,CUST1225,Portable SSD 1TB,6999.0,-1,West,13/07/2024
ORD102523,CUST1136,Laptop Stand,1999.0,2,EAST,2024-06-05
ORD100178,CUST1303,Monitor 24-inch,8999.0,3,north,2024-01-24
ORD101849,CUST1115,Monitor 24-inch,8999.0,2,North,2024-10-07
ORD104726,CUST1103,Webcam 1080p,2499.0,0,North,2024-11-22
ORD101233,CUST1427,USB-C Hub,1299.0,1,North,28/09/2024
ORD102805,CUST1057,Mechanical Keyboard,3499.0,0,West,19/03/2024
ORD100511,CUST1222,USB-C Hub,1299.0,0,EAST,2024-07-02
ORD100184,CUST1185,Mechanical Keyboard,3499.0,1,West,04/05/2024
ORD101419,CUST1232,Noise Cancelling Headphones,5999.0,2,south,2024-11-30
ORD101238,CUST1266,Wireless Mouse,799.0,0,south,14/02/2024
ORD103395,CUST1072,USB-C Hub,1299.0,2,north,2024-10-20
ORD101999,CUST1170,Laptop Stand,1999.0,-1,West,16/06/2024
ORD103251,CUST1309,Webcam 1080p,2499.0,3,South,2024-06-17
ORD104031,CUST1174,Webcam 1080p,2499.0,2,South,2024-04-13
ORD104179,CUST1037,Wireless Mouse,799.0,3,EAST,2024-09-27
ORD103162,CUST1197,Portable SSD 1TB,6999.0,3,South,2024-12-05
ORD100038,CUST1336,Noise Cancelling Headphones,5999.0,2,EAST,08-12-2024
ORD101648,CUST1257,Wireless Mouse,799.0,3,north,18-01-2024
ORD103989,CUST1198,Webcam 1080p,2499.0,3,south,15-06-2024
ORD104434,CUST1359,Portable SSD 1TB,6999.0,1,North,31-07-2024
ORD101496,CUST1299,Wireless Mouse,799.0,2,South,2024-09-21
ORD102205,CUST1156,Portable SSD 1TB,6999.0,3,EAST,2024-10-27
ORD104257,CUST1238,Monitor 24-inch,8999.0,1,West,17-12-2024
ORD101538,CUST1066,Portable SSD 1TB,6999.0,1,West,2024-12-02
ORD102155,CUST1147,Mechanical Keyboard,3499.0,-1,south,14-10-2024
ORD100639,CUST1161,Monitor 24-inch,8999.0,3,north,2024-09-08
ORD101241,CUST1475,Noise Cancelling Headphones,5999.0,3,West,22-04-2024
ORD103219,CUST1342,Noise Cancelling Headphones,5999.0,1,south,2024-07-22
ORD101517,CUST1379,USB-C Hub,1299.0,2,,14-02-2024
ORD100297,CUST1011,Portable SSD 1TB,6999.0,1,EAST,21-04-2024
ORD104758,CUST1404,Noise Cancelling Headphones,5999.0,-1,,14-10-2024
ORD100123,CUST1076,Monitor 24-inch,8999.0,0,north,25/06/2024
ORD100024,CUST1191,Monitor 24-inch,8999.0,0,north,2024-03-02
ORD102392,CUST1085,Noise Cancelling Headphones,5999.0,5,South,2024-12-25
ORD100975,CUST1281,USB-C Hub,1299.0,1,South,2024-09-05
ORD100591,CUST1276,Monitor 24-inch,8999.0,2,South,06/07/2024
ORD101316,CUST1485,Monitor 24-inch,8999.0,,EAST,2024-06-04
ORD104898,CUST1181,Mechanical Keyboard,3499.0,1,South,14-01-2024
ORD104237,CUST1362,Webcam 1080p,2499.0,0,EAST,2024-07-29
ORD104986,CUST1339,Noise Cancelling Headphones,5999.0,1,North,24-03-2024
ORD103654,CUST1437,Portable SSD 1TB,6999.0,2,West,10/08/2024
ORD104766,CUST1450,Noise Cancelling Headphones,5999.0,1,North,16/11/2024
ORD101612,CUST1144,Webcam 1080p,2499.0,2,North,19-11-2024
ORD101284,CUST1262,USB-C Hub,1299.0,2,South,14/03/2024
ORD101131,CUST1070,Wireless Mouse,799.0,2,North,08-06-2024
ORD102391,CUST1336,Mechanical Keyboard,3499.0,3,South,30-04-2024
ORD102868,CUST1285,Mechanical Keyboard,3499.0,,EAST,02-09-2024
ORD104305,CUST1217,Noise Cancelling Headphones,5999.0,0,South,01/11/2024
ORD104552,CUST1485,USB-C Hub,1299.0,2,north,2024-12-28
ORD104913,CUST1094,Mechanical Keyboard,3499.0,0,EAST,2024-01-06
ORD102559,CUST1344,USB-C Hub,1299.0,1,EAST,07-11-2024
ORD101367,CUST1193,USB-C Hub,1299.0,2,South,24-07-2024
ORD104928,CUST1291,Mechanical Keyboard,3499.0,5,north,02-05-2024
ORD103770,CUST1383,USB-C Hub,1299.0,2,North,03/05/2024
ORD100338,CUST1043,Webcam 1080p,2499.0,1,south,12/02/2024
ORD103029,CUST1193,Monitor 24-inch,8999.0,5,South,31-12-2024
ORD102471,CUST1359,Webcam 1080p,2499.0,-1,north,15-07-2024
ORD104621,CUST1060,Webcam 1080p,2499.0,2,South,21-07-2024
ORD102414,CUST1172,Laptop Stand,1999.0,1,north,2024-12-04
ORD102743,CUST1429,Monitor 24-inch,8999.0,-1,North,10-02-2024
ORD102423,CUST1027,Portable SSD 1TB,6999.0,5,North,2024-11-10
ORD100346,CUST1100,Monitor 24-inch,8999.0,2,North,2024-06-04
ORD102468,CUST1282,Laptop Stand,1999.0,0,south,25-05-2024
ORD102291,CUST1454,Webcam 1080p,2499.0,2,north,2024-03-30
ORD103859,CUST1340,Webcam 1080p,2499.0,1,south,26-07-2024
ORD101083,CUST1310,USB-C Hub,1299.0,0,south,18-08-2024
ORD102199,CUST1068,Wireless Mouse,799.0,0,south,2024-07-15
ORD103286,CUST1027,USB-C Hub,1299.0,3,West,10-01-2024
ORD104882,CUST1451,Noise Cancelling Headphones,5999.0,1,North,18-12-2024
ORD101532,CUST1396,Laptop Stand,1999.0,-1,north,15-12-2024
ORD100658,CUST1052,Mechanical Keyboard,3499.0,0,,2024-10-07
ORD100457,CUST1211,Monitor 24-inch,8999.0,5,West,06/10/2024
ORD103440,CUST1425,USB-C Hub,1299.0,3,West,25/06/2024
ORD103741,CUST1421,Wireless Mouse,799.0,1,West,06/08/2024
ORD100844,CUST1183,Noise Cancelling Headphones,5999.0,3,South,2024-07-24
ORD104615,CUST1307,Monitor 24-inch,8999.0,5,EAST,09-10-2024
ORD102077,CUST1227,Monitor 24-inch,8999.0,-1,,10/11/2024
ORD101479,CUST1454,Noise Cancelling Headphones,5999.0,-1,West,21/05/2024
ORD100937,CUST1109,Monitor 24-inch,8999.0,2,EAST,13-08-2024
ORD103268,CUST1438,Wireless Mouse,799.0,1,South,2024-10-15
ORD100137,CUST1154,Laptop Stand,1999.0,0,West,2024-02-24
ORD102730,CUST1405,Webcam 1080p,2499.0,1,north,21-07-2024
ORD100687,CUST1290,USB-C Hub,1299.0,5,north,14-06-2024
ORD101412,CUST1135,Webcam 1080p,2499.0,2,West,03/01/2024
ORD100691,CUST1349,Monitor 24-inch,8999.0,2,north,09/11/2024
ORD103371,CUST1437,Noise Cancelling Headphones,5999.0,5,North,16-11-2024
ORD101340,CUST1056,Wireless Mouse,799.0,1,South,2024-03-08
ORD103942,CUST1304,Portable SSD 1TB,6999.0,0,North,30/01/2024
ORD103520,CUST1366,Webcam 1080p,2499.0,0,South,02-02-2024
ORD100219,CUST1382,Wireless Mouse,799.0,1,EAST,2024-06-25
ORD103201,CUST1477,Monitor 24-inch,8999.0,-1,West,2024-11-07
ORD102388,CUST1367,Monitor 24-inch,8999.0,0,North,2024-03-30
ORD100713,CUST1344,Portable SSD 1TB,6999.0,1,West,23/04/2024
ORD100223,CUST1161,Webcam 1080p,2499.0,-1,north,05/10/2024
ORD101020,CUST1036,Portable SSD 1TB,6999.0,-1,North,2024-05-10
ORD101857,CUST1114,Monitor 24-inch,8999.0,1,EAST,23-08-2024
ORD102658,CUST1189,Monitor 24-inch,8999.0,-1,South,19-12-2024
ORD102855,CUST1460,Wireless Mouse,799.0,2,North,2024-07-20
ORD103262,CUST1135,Noise Cancelling Headphones,5999.0,1,south,14/12/2024
ORD104611,CUST1305,Portable SSD 1TB,6999.0,5,EAST,28/12/2024
ORD104582,CUST1254,Monitor 24-inch,8999.0,3,South,2024-01-23
ORD104481,CUST1090,Portable SSD 1TB,6999.0,1,EAST,31/08/2024
ORD101002,CUST1196,Portable SSD 1TB,6999.0,3,South,2024-02-07
ORD102303,CUST1159,Webcam 1080p,2499.0,1,South,2024-01-16
ORD103290,CUST1229,Webcam 1080p,2499.0,0,EAST,26-11-2024
ORD101720,CUST1317,Mechanical Keyboard,3499.0,-1,north,12/01/2024
ORD104681,CUST1111,Mechanical Keyboard,3499.0,2,south,08/09/2024
ORD100643,CUST1166,Noise Cancelling Headphones,5999.0,3,north,05-04-2024
ORD103386,CUST1249,Noise Cancelling Headphones,5999.0,1,north,18/02/2024
ORD101955,CUST1021,Noise Cancelling Headphones,5999.0,0,West,24/08/2024
ORD102076,CUST1222,Portable SSD 1TB,6999.0,2,West,2024-04-28
ORD101252,CUST1414,Noise Cancelling Headphones,5999.0,2,south,25-04-2024
ORD101216,CUST1325,Noise Cancelling Headphones,5999.0,1,South,29/11/2024
ORD104850,CUST1425,Laptop Stand,1999.0,3,EAST,18-07-2024
ORD102589,CUST1119,Mechanical Keyboard,3499.0,1,North,24-08-2024
ORD103169,CUST1338,Wireless Mouse,799.0,2,West,21-09-2024
ORD100434,CUST1043,Webcam 1080p,2499.0,1,North,2024-02-03
ORD102938,CUST1421,Webcam 1080p,2499.0,3,EAST,2024-07-27
ORD103089,CUST1216,Webcam 1080p,2499.0,5,West,18-03-2024
ORD101802,CUST1326,Wireless Mouse,799.0,0,EAST,28/08/2024
ORD104799,CUST1227,Noise Cancelling Headphones,5999.0,5,North,2024-11-05
ORD100058,CUST1169,Noise Cancelling Headphones,5999.0,1,South,02-06-2024
ORD101730,CUST1063,Mechanical Keyboard,3499.0,3,south,2024-10-23
ORD100567,CUST1318,Laptop Stand,1999.0,5,North,2024-07-14
ORD101770,CUST1287,Mechanical Keyboard,3499.0,2,West,16-06-2024
ORD104428,CUST1355,Laptop Stand,1999.0,3,West,12/08/2024
ORD101025,CUST1222,Portable SSD 1TB,6999.0,1,North,19/09/2024
ORD101542,CUST1466,USB-C Hub,1299.0,2,north,05-06-2024
ORD100586,CUST1219,USB-C Hub,1299.0,5,North,2024-05-06
ORD100093,CUST1156,Noise Cancelling Headphones,5999.0,5,West,05-08-2024
ORD101902,CUST1270,Webcam 1080p,2499.0,2,north,14-03-2024
ORD104502,CUST1361,Noise Cancelling Headphones,5999.0,3,EAST,2024-12-19
ORD103269,CUST1221,Monitor 24-inch,8999.0,2,south,2024-04-07
ORD103969,CUST1168,Portable SSD 1TB,6999.0,-1,EAST,27/08/2024
ORD102130,CUST1158,Noise Cancelling Headphones,5999.0,1,North,2024-10-25
ORD104327,CUST1333,Webcam 1080p,2499.0,1,South,2024-01-21
ORD104694,CUST1190,Portable SSD 1TB,6999.0,5,North,20/03/2024
ORD104217,CUST1015,Mechanical Keyboard,3499.0,-1,West,2024-04-23
ORD102780,CUST1276,Laptop Stand,1999.0,3,south,30/05/2024
ORD101495,CUST1170,Mechanical Keyboard,3499.0,0,EAST,19/12/2024
ORD104844,CUST1449,Portable SSD 1TB,6999.0,1,north,2024-04-19
ORD103176,CUST1460,Wireless Mouse,799.0,2,North,06-01-2024
ORD103431,CUST1165,Webcam 1080p,2499.0,3,south,29-07-2024
ORD103113,CUST1090,USB-C Hub,1299.0,3,south,2024-08-25
ORD101021,CUST1204,Mechanical Keyboard,3499.0,2,North,24/03/2024
ORD103710,CUST1242,Wireless Mouse,799.0,1,West,2024-08-10
ORD100787,CUST1276,Monitor 24-inch,8999.0,2,North,15/01/2024
ORD103765,CUST1179,Mechanical Keyboard,3499.0,-1,North,2024-12-02
ORD102996,CUST1008,Portable SSD 1TB,6999.0,3,South,24-05-2024
ORD103610,CUST1017,USB-C Hub,1299.0,-1,North,2024-12-06
ORD102201,CUST1441,Webcam 1080p,2499.0,-1,South,2024-01-11
ORD100201,CUST1486,Laptop Stand,1999.0,0,EAST,2024-04-08
ORD100962,CUST1050,Monitor 24-inch,8999.0,2,North,21/06/2024
ORD100841,CUST1340,Portable SSD 1TB,6999.0,2,EAST,24/12/2024
ORD101521,CUST1460,USB-C Hub,1299.0,0,North,06-08-2024
ORD101290,CUST1254,Mechanical Keyboard,3499.0,1,West,2024-11-11
ORD104472,CUST1080,Mechanical Keyboard,3499.0,1,South,2024-10-08
ORD103603,CUST1470,Laptop Stand,1999.0,5,south,27-05-2024
ORD103203,CUST1002,Mechanical Keyboard,3499.0,5,West,05-05-2024
ORD101563,CUST1144,USB-C Hub,1299.0,5,North,06/11/2024
ORD104574,CUST1317,Noise Cancelling Headphones,5999.0,0,West,2024-08-08
ORD100206,CUST1401,Monitor 24-inch,8999.0,5,south,13-12-2024
ORD100441,CUST1092,Wireless Mouse,799.0,2,EAST,16/01/2024
ORD100454,CUST1177,Noise Cancelling Headphones,5999.0,1,south,28-12-2024
ORD104361,CUST1113,Webcam 1080p,2499.0,5,South,21-11-2024
ORD103027,CUST1112,Wireless Mouse,799.0,3,North,24-02-2024
ORD101467,CUST1305,Webcam 1080p,2499.0,1,South,2024-02-18
ORD100827,CUST1006,Webcam 1080p,2499.0,-1,West,13/12/2024
ORD103037,CUST1018,Noise Cancelling Headphones,5999.0,0,North,2024-02-22
ORD102850,CUST1161,Portable SSD 1TB,6999.0,2,south,2024-04-02
ORD103041,CUST1166,Monitor 24-inch,8999.0,2,South,2024-07-15
ORD102512,CUST1116,Portable SSD 1TB,6999.0,-1,EAST,2024-09-29
ORD100453,CUST1414,Laptop Stand,1999.0,1,South,2024-09-11
ORD104054,CUST1016,Laptop Stand,1999.0,2,West,28-01-2024
ORD100242,CUST1348,Noise Cancelling Headphones,5999.0,2,south,07/03/2024
ORD100852,CUST1473,Mechanical Keyboard,3499.0,2,,07-09-2024
ORD100238,CUST1153,USB-C Hub,1299.0,2,South,04-07-2024
ORD102529,CUST1233,Webcam 1080p,2499.0,-1,north,14-11-2024
ORD103233,CUST1173,Wireless Mouse,799.0,2,EAST,2024-07-23
ORD101223,CUST1086,Monitor 24-inch,8999.0,1,North,05-02-2024
ORD101427,CUST1265,USB-C Hub,1299.0,5,,2024-02-28
ORD101462,CUST1475,Portable SSD 1TB,6999.0,3,south,06/04/2024
ORD101274,CUST1183,Webcam 1080p,2499.0,-1,south,08-02-2024
ORD103518,CUST1250,Monitor 24-inch,8999.0,1,North,2024-01-02
ORD101868,CUST1324,Mechanical Keyboard,3499.0,0,EAST,18-02-2024
ORD104101,CUST1266,Noise Cancelling Headphones,5999.0,3,North,26/06/2024
ORD103900,CUST1321,Webcam 1080p,2499.0,1,West,12-02-2024
ORD100983,CUST1310,Wireless Mouse,799.0,1,South,19-12-2024
ORD103763,CUST1137,USB-C Hub,1299.0,3,EAST,20-03-2024
ORD101899,CUST1485,USB-C Hub,1299.0,3,EAST,30/03/2024
ORD101874,CUST1454,Mechanical Keyboard,3499.0,3,EAST,25/02/2024
ORD102042,CUST1359,Portable SSD 1TB,6999.0,1,North,14/02/2024
ORD103514,CUST1107,Monitor 24-inch,8999.0,-1,North,2024-04-23
ORD102962,CUST1153,Mechanical Keyboard,3499.0,-1,north,02/09/2024
ORD104011,CUST1450,Portable SSD 1TB,6999.0,2,EAST,02/11/2024
ORD101988,CUST1021,Wireless Mouse,799.0,2,south,2024-03-19
ORD104493,CUST1356,Portable SSD 1TB,6999.0,2,south,2024-08-26
ORD103856,CUST1306,Webcam 1080p,2499.0,2,EAST,29/01/2024
ORD102377,CUST1300,Monitor 24-inch,8999.0,0,south,2024-12-19
ORD104103,CUST1194,Portable SSD 1TB,6999.0,5,West,05-02-2024
ORD100273,CUST1162,Monitor 24-inch,8999.0,3,EAST,2024-05-27
ORD104495,CUST1018,Laptop Stand,1999.0,,south,23-12-2024
ORD104202,CUST1201,Monitor 24-inch,8999.0,1,West,2024-02-22
ORD102994,CUST1214,Portable SSD 1TB,6999.0,2,north,2024-02-26
ORD103099,CUST1424,Laptop Stand,1999.0,2,south,28-03-2024
ORD102213,CUST1405,Laptop Stand,1999.0,0,North,18/12/2024
ORD102266,CUST1398,Wireless Mouse,799.0,2,North,2024-04-16
ORD104638,CUST1249,Noise Cancelling Headphones,5999.0,2,north,03-07-2024
ORD100911,CUST1197,Noise Cancelling Headphones,5999.0,3,North,25/06/2024
ORD104501,CUST1292,Portable SSD 1TB,6999.0,1,north,30-11-2024
ORD100815,CUST1379,Mechanical Keyboard,3499.0,3,South,2024-11-09
ORD102477,CUST1269,Monitor 24-inch,8999.0,1,north,2024-08-05
ORD102582,CUST1279,Portable SSD 1TB,6999.0,-1,North,2024-08-17
ORD104201,CUST1200,Monitor 24-inch,8999.0,2,North,29-12-2024
ORD102772,CUST1271,Monitor 24-inch,8999.0,1,north,30-04-2024
ORD100740,CUST1040,Monitor 24-inch,8999.0,0,south,30-12-2024
ORD102723,CUST1240,Laptop Stand,1999.0,-1,North,19-05-2024
ORD100222,CUST1397,Monitor 24-inch,8999.0,3,North,2024-04-13
ORD101760,CUST1137,Laptop Stand,1999.0,0,EAST,04/06/2024
ORD102673,CUST1432,Monitor 24-inch,8999.0,1,North,2024-09-11
ORD103688,CUST1468,Mechanical Keyboard,3499.0,2,North,06-12-2024
ORD101023,CUST1462,USB-C Hub,1299.0,1,EAST,07-07-2024
ORD101234,CUST1127,Noise Cancelling Headphones,5999.0,,West,20/09/2024
ORD104994,CUST1488,Portable SSD 1TB,6999.0,-1,north,2024-06-24
ORD102167,CUST1164,Noise Cancelling Headphones,5999.0,1,south,19/01/2024
ORD104500,CUST1112,Monitor 24-inch,8999.0,5,North,17-12-2024
ORD104173,CUST1164,USB-C Hub,1299.0,1,north,2024-06-17
ORD101195,CUST1052,USB-C Hub,1299.0,1,EAST,03/11/2024
ORD101530,CUST1454,Monitor 24-inch,8999.0,3,south,2024-01-22
ORD102066,CUST1416,Portable SSD 1TB,6999.0,1,North,06/04/2024
ORD100002,CUST1308,Wireless Mouse,799.0,2,north,28-11-2024
ORD100947,CUST1248,Webcam 1080p,2499.0,0,south,2024-02-25
ORD103764,CUST1354,Webcam 1080p,2499.0,5,south,04-01-2024
ORD104577,CUST1322,Portable SSD 1TB,6999.0,0,North,30-05-2024
ORD100828,CUST1021,Mechanical Keyboard,3499.0,5,north,09-08-2024
ORD104761,CUST1018,Noise Cancelling Headphones,5999.0,1,West,10/05/2024
ORD104645,CUST1371,Portable SSD 1TB,6999.0,,North,08/05/2024
ORD101575,CUST1395,Laptop Stand,1999.0,0,south,2024-01-08
ORD100348,CUST1498,USB-C Hub,1299.0,5,EAST,04-11-2024
ORD104687,CUST1100,Wireless Mouse,799.0,3,south,21/09/2024
ORD103967,CUST1279,Portable SSD 1TB,6999.0,1,north,02/12/2024
ORD102510,CUST1405,Webcam 1080p,2499.0,-1,south,2024-02-08
ORD102915,CUST1387,Portable SSD 1TB,6999.0,1,EAST,13/04/2024
ORD103483,CUST1484,Noise Cancelling Headphones,5999.0,5,south,2024-08-14
ORD101174,CUST1126,Noise Cancelling Headphones,5999.0,0,north,23/08/2024
ORD100168,CUST1190,USB-C Hub,1299.0,1,north,27-10-2024
ORD102079,CUST1429,Monitor 24-inch,8999.0,2,north,2024-07-09
ORD104594,CUST1447,Webcam 1080p,2499.0,2,North,2024-02-19
ORD100895,CUST1067,Monitor 24-inch,8999.0,-1,EAST,15-08-2024
ORD104890,CUST1218,USB-C Hub,1299.0,1,South,2024-11-29
ORD100772,CUST1242,Wireless Mouse,799.0,2,South,2024-09-03
ORD102470,CUST1408,Portable SSD 1TB,6999.0,3,south,2024-11-23
ORD101430,CUST1128,USB-C Hub,1299.0,3,south,2024-07-20
ORD104740,CUST1483,Mechanical Keyboard,3499.0,2,north,27/09/2024
ORD102665,CUST1436,Laptop Stand,1999.0,0,North,2024-05-21
ORD103639,CUST1333,Noise Cancelling Headphones,5999.0,1,North,2024-11-04
ORD102135,CUST1334,Portable SSD 1TB,6999.0,2,West,07-06-2024
ORD100589,CUST1375,Mechanical Keyboard,3499.0,1,South,10-01-2024
ORD101838,CUST1322,Noise Cancelling Headphones,5999.0,3,North,2024-07-30
ORD100773,CUST1274,Noise Cancelling Headphones,5999.0,-1,West,29-01-2024
ORD102031,CUST1463,Mechanical Keyboard,3499.0,3,West,2024-10-05
ORD102152,CUST1420,Monitor 24-inch,8999.0,-1,south,02/01/2024
ORD102040,CUST1379,Wireless Mouse,799.0,0,West,06-07-2024
ORD102452,CUST1248,Monitor 24-inch,8999.0,3,north,2024-05-07
ORD102159,CUST1277,Mechanical Keyboard,3499.0,2,North,2024-03-03
ORD100282,CUST1448,Wireless Mouse,799.0,3,North,17-10-2024
ORD104739,CUST1094,Wireless Mouse,799.0,2,South,05-10-2024
ORD101669,CUST1215,Monitor 24-inch,8999.0,5,EAST,2024-11-27
ORD101079,CUST1267,USB-C Hub,1299.0,5,North,05/06/2024
ORD100837,CUST1170,Wireless Mouse,799.0,3,EAST,01/04/2024
ORD101007,CUST1133,Mechanical Keyboard,3499.0,1,EAST,06/03/2024
ORD101629,CUST1150,Webcam 1080p,2499.0,5,north,10/11/2024
ORD100091,CUST1264,Laptop Stand,1999.0,2,North,27/07/2024
ORD100576,CUST1299,Wireless Mouse,799.0,1,South,02-07-2024
ORD101450,CUST1441,USB-C Hub,1299.0,-1,north,22/11/2024
ORD102093,CUST1004,Noise Cancelling Headphones,5999.0,3,south,2024-09-19
ORD100243,CUST1425,Mechanical Keyboard,3499.0,2,north,2024-06-04
ORD101110,CUST1388,Webcam 1080p,2499.0,5,South,2024-04-08
ORD100089,CUST1342,Portable SSD 1TB,6999.0,1,EAST,10/09/2024
ORD100686,CUST1128,Wireless Mouse,799.0,0,West,13/10/2024
ORD103063,CUST1175,Wireless Mouse,799.0,3,North,2024-10-25
ORD103360,CUST1026,Mechanical Keyboard,3499.0,2,south,27/11/2024
ORD104976,CUST1487,USB-C Hub,1299.0,1,EAST,27/12/2024
ORD103285,CUST1322,Webcam 1080p,2499.0,1,North,23/11/2024
ORD101279,CUST1168,Mechanical Keyboard,3499.0,5,EAST,2024-05-19
ORD100288,CUST1136,Noise Cancelling Headphones,5999.0,1,EAST,13-05-2024
ORD101708,CUST1077,Monitor 24-inch,8999.0,0,South,17-04-2024
ORD101164,CUST1214,Portable SSD 1TB,6999.0,-1,South,19-12-2024
ORD104982,CUST1252,Webcam 1080p,2499.0,2,South,12-08-2024
ORD100659,CUST1391,Mechanical Keyboard,3499.0,3,North,2024-11-12
ORD101366,CUST1470,Webcam 1080p,2499.0,2,South,2024-08-04
ORD101014,CUST1260,Webcam 1080p,2499.0,2,north,2024-10-25
ORD103408,CUST1017,Wireless Mouse,799.0,2,south,2024-01-28
ORD101536,CUST1406,Wireless Mouse,799.0,2,North,2024-01-30
ORD101974,CUST1452,Laptop Stand,1999.0,2,South,01-11-2024
ORD104083,CUST1130,Mechanical Keyboard,3499.0,0,north,26/02/2024
ORD102767,CUST1446,Monitor 24-inch,8999.0,0,south,2024-11-18
ORD104722,CUST1174,Portable SSD 1TB,6999.0,0,South,2024-03-01
ORD102896,CUST1356,Monitor 24-inch,8999.0,-1,south,2024-07-24
ORD100283,CUST1145,Monitor 24-inch,8999.0,0,South,09-03-2024
ORD104979,CUST1079,Laptop Stand,1999.0,1,West,12-09-2024
ORD102225,CUST1375,Wireless Mouse,799.0,-1,south,31/05/2024
ORD102845,CUST1411,Wireless Mouse,799.0,1,North,2024-11-19
ORD100906,CUST1464,Monitor 24-inch,8999.0,1,EAST,2024-09-02
ORD103436,CUST1353,USB-C Hub,1299.0,1,North,20-05-2024
ORD101924,CUST1316,Portable SSD 1TB,6999.0,0,south,24/12/2024
ORD104066,CUST1166,Noise Cancelling Headphones,5999.0,1,EAST,31/12/2024
ORD103396,CUST1489,Laptop Stand,1999.0,3,North,03/07/2024
ORD102311,CUST1371,Portable SSD 1TB,6999.0,2,West,2024-11-01
ORD101699,CUST1370,Mechanical Keyboard,3499.0,1,West,21-06-2024
ORD100587,CUST1141,Noise Cancelling Headphones,5999.0,5,south,02/09/2024
ORD104983,CUST1435,USB-C Hub,1299.0,3,South,2024-01-13
ORD100527,CUST1408,USB-C Hub,1299.0,2,North,22-12-2024
ORD100336,CUST1488,Portable SSD 1TB,6999.0,1,EAST,20/11/2024
ORD102926,CUST1285,Monitor 24-inch,8999.0,-1,south,10-05-2024
ORD102336,CUST1444,Wireless Mouse,799.0,2,south,20/01/2024
ORD101402,CUST1307,Portable SSD 1TB,6999.0,5,south,2024-04-17
ORD100367,CUST1200,Mechanical Keyboard,3499.0,5,EAST,22-08-2024
ORD104929,CUST1185,Webcam 1080p,2499.0,2,EAST,30-04-2024
ORD104733,CUST1367,Monitor 24-inch,8999.0,2,north,24/04/2024
ORD103244,CUST1066,Mechanical Keyboard,3499.0,-1,South,2024-05-16
ORD100241,CUST1245,Portable SSD 1TB,6999.0,1,West,05/03/2024
ORD100003,CUST1301,Webcam 1080p,2499.0,2,North,23/12/2024
ORD104957,CUST1484,Laptop Stand,1999.0,5,South,12-04-2024
ORD104072,CUST1478,Monitor 24-inch,8999.0,3,south,2024-06-23
ORD101102,CUST1153,Mechanical Keyboard,3499.0,1,West,12-03-2024
ORD103659,CUST1305,USB-C Hub,1299.0,3,north,24/07/2024
ORD102117,CUST1372,Noise Cancelling Headphones,5999.0,3,West,22-10-2024
ORD104077,CUST1249,Mechanical Keyboard,3499.0,5,EAST,15-06-2024
ORD104824,CUST1195,Monitor 24-inch,8999.0,1,North,18/10/2024
ORD103453,CUST1016,Mechanical Keyboard,3499.0,1,north,06/05/2024
ORD104934,CUST1479,Wireless Mouse,799.0,-1,West,21/08/2024
ORD100216,CUST1274,Wireless Mouse,799.0,2,South,14/03/2024
ORD102525,CUST1463,Mechanical Keyboard,3499.0,5,West,29/03/2024
ORD102309,CUST1188,Laptop Stand,1999.0,3,South,2024-05-18
ORD102395,CUST1170,Webcam 1080p,2499.0,0,EAST,08-11-2024
ORD102779,CUST1350,Webcam 1080p,2499.0,,north,2024-04-08
ORD101043,CUST1032,Webcam 1080p,2499.0,-1,South,2024-08-30
ORD104457,CUST1227,Wireless Mouse,799.0,1,West,05-03-2024
ORD101627,CUST1383,Mechanical Keyboard,3499.0,2,south,2024-08-12
ORD103627,CUST1445,USB-C Hub,1299.0,2,South,2024-07-28
ORD100856,CUST1347,Portable SSD 1TB,6999.0,1,EAST,16-12-2024
ORD100663,CUST1276,USB-C Hub,1299.0,0,north,19-11-2024
ORD104027,CUST1203,Webcam 1080p,2499.0,0,north,2024-11-13
ORD104403,CUST1284,Mechanical Keyboard,3499.0,-1,north,12/12/2024
ORD104158,CUST1338,Webcam 1080p,2499.0,-1,South,25/12/2024
ORD102808,CUST1381,USB-C Hub,1299.0,1,South,2024-02-01
ORD102304,CUST1003,Portable SSD 1TB,6999.0,-1,north,2024-07-18
ORD101121,CUST1032,Mechanical Keyboard,3499.0,0,North,2024-08-09
ORD102544,CUST1168,Portable SSD 1TB,6999.0,1,West,2024-06-18
ORD104560,CUST1060,Portable SSD 1TB,6999.0,1,North,2024-10-04
ORD103917,CUST1222,Noise Cancelling Headphones,5999.0,5,West,2024-10-25
ORD103078,CUST1191,Noise Cancelling Headphones,5999.0,1,EAST,28-02-2024
ORD102412,CUST1061,Wireless Mouse,799.0,2,West,24-06-2024
ORD101967,CUST1402,Webcam 1080p,2499.0,5,north,22/10/2024
ORD100646,CUST1351,Laptop Stand,1999.0,3,North,30-04-2024
ORD100695,CUST1471,Laptop Stand,1999.0,0,South,10/02/2024
ORD103263,CUST1239,Wireless Mouse,799.0,0,EAST,04-03-2024
ORD101329,CUST1482,Webcam 1080p,2499.0,3,south,27-01-2024
ORD100112,CUST1416,Monitor 24-inch,8999.0,0,North,27/06/2024
ORD103389,CUST1464,Noise Cancelling Headphones,5999.0,3,West,12/03/2024
ORD100337,CUST1116,Noise Cancelling Headphones,5999.0,-1,north,2024-08-09
ORD100210,CUST1425,Portable SSD 1TB,6999.0,2,North,18/08/2024
ORD102622,CUST1096,Portable SSD 1TB,6999.0,2,South,20-02-2024
ORD102427,CUST1328,Wireless Mouse,799.0,,south,2024-01-17
ORD101875,CUST1085,Mechanical Keyboard,3499.0,2,West,2024-11-04
ORD101717,CUST1422,Monitor 24-inch,8999.0,2,,23/07/2024
ORD103727,CUST1092,USB-C Hub,1299.0,1,South,04-12-2024
ORD102256,CUST1011,Mechanical Keyboard,3499.0,-1,West,06/06/2024
ORD103049,CUST1483,USB-C Hub,1299.0,2,West,22/10/2024
ORD104308,CUST1014,USB-C Hub,1299.0,5,North,2024-01-25
ORD104233,CUST1434,Webcam 1080p,2499.0,2,south,2024-11-07
ORD103378,CUST1455,Wireless Mouse,799.0,3,South,2024-10-14
ORD100311,CUST1029,Portable SSD 1TB,6999.0,2,West,2024-07-17
ORD104525,CUST1253,Mechanical Keyboard,3499.0,3,West,28-12-2024
ORD100633,CUST1346,Laptop Stand,1999.0,-1,EAST,29-06-2024
ORD103512,CUST1071,USB-C Hub,1299.0,3,North,14/02/2024
ORD104885,CUST1091,Monitor 24-inch,8999.0,2,West,24-10-2024
ORD101444,CUST1040,Noise Cancelling Headphones,5999.0,1,West,20/07/2024
ORD104933,CUST1458,Noise Cancelling Headphones,5999.0,5,EAST,2024-06-21
ORD104515,CUST1102,Noise Cancelling Headphones,5999.0,3,EAST,31/07/2024
ORD102294,CUST1234,Portable SSD 1TB,6999.0,0,North,30-03-2024
ORD101032,CUST1494,USB-C Hub,1299.0,2,south,10-02-2024
ORD101990,CUST1281,Mechanical Keyboard,3499.0,2,North,2024-10-28
ORD104137,CUST1043,Laptop Stand,1999.0,5,south,2024-11-21
ORD101879,CUST1269,Portable SSD 1TB,6999.0,2,north,24/05/2024
ORD104643,CUST1157,Wireless Mouse,799.0,3,EAST,03-04-2024
ORD104763,CUST1261,Portable SSD 1TB,6999.0,3,West,21-08-2024
ORD103168,CUST1212,USB-C Hub,1299.0,3,South,02-06-2024
ORD101484,CUST1002,Portable SSD 1TB,6999.0,1,EAST,26/01/2024
ORD102792,CUST1171,Webcam 1080p,2499.0,1,north,26-11-2024
ORD104095,CUST1242,Noise Cancelling Headphones,5999.0,5,North,03-08-2024
ORD103827,CUST1261,Monitor 24-inch,8999.0,1,South,23-05-2024
ORD101831,CUST1442,Webcam 1080p,2499.0,3,South,08-05-2024
ORD104793,CUST1213,Laptop Stand,1999.0,1,south,10/06/2024
ORD101355,CUST1281,Monitor 24-inch,8999.0,0,north,29-09-2024
ORD102419,CUST1476,Laptop Stand,1999.0,5,South,06-03-2024
ORD103347,CUST1402,Wireless Mouse,799.0,5,South,15-02-2024
ORD103128,CUST1171,Laptop Stand,1999.0,-1,north,20/10/2024
ORD101856,CUST1053,Laptop Stand,1999.0,5,South,25-12-2024
ORD103721,CUST1348,Mechanical Keyboard,3499.0,0,North,2024-08-01
ORD103388,CUST1315,USB-C Hub,1299.0,2,south,2024-06-28
ORD101000,CUST1148,Webcam 1080p,2499.0,0,south,07/05/2024
ORD104616,CUST1271,Mechanical Keyboard,3499.0,-1,West,28-01-2024
ORD101132,CUST1386,Noise Cancelling Headphones,5999.0,2,EAST,16/03/2024
ORD103993,CUST1277,Webcam 1080p,2499.0,1,north,27/10/2024
ORD104752,CUST1338,USB-C Hub,1299.0,2,south,04-05-2024
ORD100984,CUST1158,Noise Cancelling Headphones,5999.0,1,South,2024-09-30
ORD101529,CUST1391,Wireless Mouse,799.0,1,EAST,01-08-2024
ORD101660,CUST1041,Laptop Stand,1999.0,2,EAST,08/03/2024
ORD101317,CUST1282,USB-C Hub,1299.0,5,EAST,04-07-2024
ORD100959,CUST1303,Mechanical Keyboard,3499.0,,South,2024-06-05
ORD102593,CUST1341,USB-C Hub,1299.0,0,south,09-06-2024
ORD102484,CUST1432,Mechanical Keyboard,3499.0,0,West,03-02-2024
ORD103220,CUST1001,Wireless Mouse,799.0,1,EAST,2024-10-27
ORD101429,CUST1282,Webcam 1080p,2499.0,0,West,11-08-2024
ORD104067,CUST1205,Monitor 24-inch,8999.0,2,north,27-12-2024
ORD100249,CUST1152,Monitor 24-inch,8999.0,1,North,21/03/2024
ORD101201,CUST1371,Monitor 24-inch,8999.0,5,South,09/03/2024
ORD102385,CUST1164,Webcam 1080p,2499.0,5,South,14-10-2024
ORD101414,CUST1123,Portable SSD 1TB,6999.0,-1,south,27-01-2024
ORD101136,CUST1169,Noise Cancelling Headphones,5999.0,3,north,02/08/2024
ORD100535,CUST1329,Portable SSD 1TB,6999.0,2,West,10/02/2024
ORD103215,CUST1285,Noise Cancelling Headphones,5999.0,0,North,2024-12-21
ORD100095,CUST1380,USB-C Hub,1299.0,2,south,04/09/2024
ORD102156,CUST1102,Wireless Mouse,799.0,-1,South,10/02/2024
ORD100425,CUST1303,Wireless Mouse,799.0,2,West,01/05/2024
ORD101170,CUST1188,Wireless Mouse,799.0,5,south,29/07/2024
ORD102684,CUST1126,Noise Cancelling Headphones,5999.0,5,south,11/11/2024
ORD101273,CUST1018,Laptop Stand,1999.0,3,south,2024-04-20
ORD104831,CUST1409,USB-C Hub,1299.0,2,south,12/02/2024
ORD100560,CUST1376,Mechanical Keyboard,3499.0,1,West,07/08/2024
ORD102716,CUST1326,Noise Cancelling Headphones,5999.0,2,south,2024-03-04
ORD103466,CUST1176,Noise Cancelling Headphones,5999.0,5,south,30-03-2024
ORD101595,CUST1192,Laptop Stand,1999.0,2,South,15/05/2024
ORD100530,CUST1471,Monitor 24-inch,8999.0,-1,North,2024-08-13
ORD101191,CUST1320,Laptop Stand,1999.0,2,north,04/10/2024
ORD102049,CUST1283,Mechanical Keyboard,3499.0,2,south,2024-09-18
ORD100362,CUST1084,Laptop Stand,1999.0,2,north,2024-10-09
ORD100233,CUST1390,Mechanical Keyboard,3499.0,2,north,28/09/2024
ORD101076,CUST1225,Monitor 24-inch,8999.0,-1,South,2024-03-24
ORD103561,CUST1129,Webcam 1080p,2499.0,2,West,13-01-2024
ORD103265,CUST1453,Mechanical Keyboard,3499.0,2,north,09/04/2024
ORD100335,CUST1177,Wireless Mouse,799.0,-1,North,2024-04-28
ORD101337,CUST1096,Monitor 24-inch,8999.0,2,,27/11/2024
ORD101991,CUST1003,Noise Cancelling Headphones,5999.0,1,South,24/10/2024
ORD100070,CUST1320,Laptop Stand,1999.0,0,EAST,09-02-2024
ORD104038,CUST1064,Laptop Stand,1999.0,2,south,16/10/2024
ORD101916,CUST1172,USB-C Hub,1299.0,-1,South,21/09/2024
ORD102770,CUST1371,USB-C Hub,1299.0,0,south,07-05-2024
ORD101258,CUST1459,USB-C Hub,1299.0,2,south,10-04-2024
ORD101463,CUST1311,Monitor 24-inch,8999.0,-1,north,25-02-2024
ORD104900,CUST1436,Noise Cancelling Headphones,5999.0,1,South,2024-05-08
ORD101716,CUST1324,Noise Cancelling Headphones,5999.0,-1,north,25/04/2024
ORD104134,CUST1073,Webcam 1080p,2499.0,0,South,28-07-2024
ORD104529,CUST1483,Noise Cancelling Headphones,5999.0,1,south,03/12/2024
ORD103674,CUST1102,Laptop Stand,1999.0,3,West,2024-07-16
ORD103617,CUST1278,USB-C Hub,1299.0,1,north,14-11-2024
ORD101569,CUST1266,Monitor 24-inch,8999.0,3,EAST,09-04-2024
ORD103591,CUST1250,Laptop Stand,1999.0,1,South,27-06-2024
ORD102535,CUST1451,Laptop Stand,1999.0,1,south,30-12-2024
ORD104161,CUST1368,Portable SSD 1TB,6999.0,1,South,10/11/2024
ORD102591,CUST1027,USB-C Hub,1299.0,1,south,26-07-2024
ORD104868,CUST1259,Webcam 1080p,2499.0,3,South,11-08-2024
ORD103143,CUST1125,Laptop Stand,1999.0,-1,North,04-09-2024
ORD101456,CUST1066,Laptop Stand,1999.0,-1,EAST,19-08-2024
ORD104152,CUST1459,Laptop Stand,1999.0,1,West,2024-01-13
ORD100546,CUST1260,USB-C Hub,1299.0,2,South,2024-03-06
ORD100104,CUST1001,Portable SSD 1TB,6999.0,0,West,2024-05-29
ORD103039,CUST1328,Laptop Stand,1999.0,1,West,2024-04-20
ORD104232,CUST1408,Wireless Mouse,799.0,0,South,01-03-2024
ORD103311,CUST1036,Portable SSD 1TB,6999.0,5,West,10/05/2024
ORD101396,CUST1094,Wireless Mouse,799.0,-1,North,24/06/2024
ORD100968,CUST1232,USB-C Hub,1299.0,2,North,22/10/2024
ORD100228,CUST1156,Monitor 24-inch,8999.0,-1,north,26-03-2024
ORD102333,CUST1207,USB-C Hub,1299.0,1,South,24-09-2024
ORD100941,CUST1376,Webcam 1080p,2499.0,0,South,25-04-2024
ORD101149,CUST1091,Noise Cancelling Headphones,5999.0,5,South,26-09-2024
ORD103161,CUST1347,Mechanical Keyboard,3499.0,1,West,31/07/2024
ORD100018,CUST1368,Webcam 1080p,2499.0,2,north,2024-09-16
ORD101296,CUST1323,Portable SSD 1TB,6999.0,3,south,25-11-2024
ORD100423,CUST1072,Webcam 1080p,2499.0,1,North,28-04-2024
ORD102193,CUST1227,Laptop Stand,1999.0,2,South,15/04/2024
ORD102755,CUST1446,USB-C Hub,1299.0,2,south,09-03-2024
ORD102989,CUST1438,USB-C Hub,1299.0,1,EAST,14/11/2024
ORD104184,CUST1321,Portable SSD 1TB,6999.0,2,north,04-08-2024
ORD102479,CUST1307,USB-C Hub,1299.0,-1,south,2024-02-25
ORD100894,CUST1447,Laptop Stand,1999.0,1,north,30/05/2024
ORD103612,CUST1106,USB-C Hub,1299.0,1,West,24-07-2024
ORD101511,CUST1178,Portable SSD 1TB,6999.0,1,North,16-01-2024
ORD104033,CUST1329,Wireless Mouse,799.0,1,West,15/02/2024
ORD103902,CUST1170,Laptop Stand,1999.0,2,West,10-07-2024
ORD102563,CUST1023,Noise Cancelling Headphones,5999.0,2,West,02-01-2024
ORD102948,CUST1387,Webcam 1080p,2499.0,-1,South,10/05/2024
ORD101277,CUST1288,USB-C Hub,1299.0,2,West,10/06/2024
ORD103369,CUST1492,Laptop Stand,1999.0,1,South,10-03-2024
ORD100064,CUST1243,Mechanical Keyboard,3499.0,-1,West,18-11-2024
ORD101779,CUST1378,USB-C Hub,1299.0,5,South,2024-02-07
ORD101816,CUST1113,Wireless Mouse,799.0,5,south,26-09-2024
ORD101597,CUST1438,Laptop Stand,1999.0,-1,North,04/02/2024
ORD100855,CUST1254,Laptop Stand,1999.0,2,North,06/08/2024
ORD102189,CUST1381,Wireless Mouse,799.0,1,South,16/12/2024
ORD104016,CUST1067,Noise Cancelling Headphones,5999.0,1,EAST,02-09-2024
ORD102460,CUST1155,USB-C Hub,1299.0,1,south,19/08/2024
ORD103361,CUST1274,Monitor 24-inch,8999.0,5,North,17/11/2024
ORD102703,CUST1141,Monitor 24-inch,8999.0,5,North,12/06/2024
ORD103965,CUST1238,Portable SSD 1TB,6999.0,5,south,02/01/2024
ORD102354,CUST1085,USB-C Hub,1299.0,2,West,2024-12-21
ORD104521,CUST1005,Webcam 1080p,2499.0,-1,north,21-07-2024
ORD103809,CUST1236,Monitor 24-inch,8999.0,2,West,11/12/2024
ORD104519,CUST1095,USB-C Hub,1299.0,2,South,25-05-2024
ORD101392,CUST1485,Monitor 24-inch,8999.0,2,south,12-06-2024
ORD104948,CUST1147,Laptop Stand,1999.0,2,south,12/02/2024
ORD100940,CUST1147,Wireless Mouse,799.0,5,North,2024-09-09
ORD102429,CUST1033,Noise Cancelling Headphones,5999.0,5,West,09/07/2024
ORD100698,CUST1197,Laptop Stand,1999.0,2,south,18-10-2024
ORD102063,CUST1448,Webcam 1080p,2499.0,2,South,15-04-2024
ORD102493,CUST1305,Portable SSD 1TB,6999.0,-1,south,2024-06-09
ORD103709,CUST1181,USB-C Hub,1299.0,3,North,23-12-2024
ORD104938,CUST1275,Wireless Mouse,799.0,1,EAST,12-01-2024
ORD104212,CUST1058,Webcam 1080p,2499.0,3,South,2024-12-29
ORD103086,CUST1033,Wireless Mouse,799.0,2,West,31/10/2024
ORD100873,CUST1099,Noise Cancelling Headphones,5999.0,2,EAST,2024-06-20
ORD101789,CUST1264,Mechanical Keyboard,3499.0,2,south,02/03/2024
ORD102857,CUST1253,USB-C Hub,1299.0,3,West,01-10-2024
ORD100873,CUST1099,Noise Cancelling Headphones,5999.0,2,EAST,2024-06-20
ORD104036,CUST1289,Portable SSD 1TB,6999.0,0,,2024-12-08
ORD101325,CUST1038,USB-C Hub,1299.0,-1,West,14/10/2024
ORD101871,CUST1191,Mechanical Keyboard,3499.0,2,south,21-11-2024
ORD101119,CUST1161,Wireless Mouse,799.0,2,West,2024-06-20
ORD102456,CUST1432,USB-C Hub,1299.0,1,North,2024-07-29
ORD102902,CUST1021,USB-C Hub,1299.0,2,north,29/08/2024
ORD102453,CUST1223,USB-C Hub,1299.0,3,south,25-10-2024
ORD103030,CUST1206,Laptop Stand,1999.0,5,south,29/04/2024
ORD104960,CUST1423,Noise Cancelling Headphones,5999.0,2,EAST,12/08/2024
ORD102886,CUST1107,Noise Cancelling Headphones,5999.0,1,West,11-02-2024
ORD103502,CUST1255,USB-C Hub,1299.0,1,EAST,29/09/2024
ORD103410,CUST1147,Mechanical Keyboard,3499.0,3,North,2024-03-19
ORD104658,CUST1179,Portable SSD 1TB,6999.0,5,EAST,22/09/2024
ORD102370,CUST1172,Webcam 1080p,2499.0,5,north,28/10/2024
ORD101449,CUST1194,Webcam 1080p,2499.0,2,South,11-03-2024
ORD102942,CUST1386,Mechanical Keyboard,3499.0,1,south,25/10/2024
ORD100277,CUST1342,Laptop Stand,1999.0,2,South,2024-01-27
ORD104945,CUST1397,Wireless Mouse,799.0,2,EAST,2024-09-19
ORD102184,CUST1373,Laptop Stand,1999.0,2,West,31/01/2024
ORD102889,CUST1286,Portable SSD 1TB,6999.0,2,West,23/04/2024
ORD101010,CUST1077,Monitor 24-inch,8999.0,2,North,2024-03-17
ORD100694,CUST1250,Webcam 1080p,2499.0,,North,23-04-2024
ORD102000,CUST1084,Monitor 24-inch,8999.0,3,West,2024-12-07
ORD100912,CUST1287,Mechanical Keyboard,3499.0,0,south,31/07/2024
ORD101948,CUST1387,Laptop Stand,1999.0,-1,south,21-11-2024
ORD103671,CUST1323,Portable SSD 1TB,6999.0,1,North,2024-10-26
ORD101810,CUST1232,Webcam 1080p,2499.0,0,north,01-03-2024
ORD101606,CUST1325,Wireless Mouse,799.0,0,EAST,2024-07-28
ORD101054,CUST1439,Mechanical Keyboard,3499.0,1,north,2024-09-16
ORD104262,CUST1355,Noise Cancelling Headphones,5999.0,3,North,15/11/2024
ORD101104,CUST1362,Monitor 24-inch,8999.0,2,EAST,05/12/2024
ORD101139,CUST1422,Wireless Mouse,799.0,1,EAST,07/02/2024
ORD100347,CUST1317,Portable SSD 1TB,6999.0,0,EAST,20/06/2024
ORD103767,CUST1276,Mechanical Keyboard,3499.0,0,south,20/01/2024
ORD100276,CUST1477,Webcam 1080p,2499.0,1,south,11-11-2024
ORD102651,CUST1070,Noise Cancelling Headphones,5999.0,5,South,16-05-2024
ORD100464,CUST1338,Monitor 24-inch,8999.0,1,south,2024-01-14
ORD102873,CUST1303,Portable SSD 1TB,6999.0,1,north,2024-06-07
ORD100671,CUST1148,Mechanical Keyboard,3499.0,0,South,12/11/2024
ORD101070,CUST1063,Wireless Mouse,799.0,,South,17/08/2024
ORD102069,CUST1185,Wireless Mouse,799.0,1,North,2024-05-22
ORD101854,CUST1189,Noise Cancelling Headphones,5999.0,5,south,03/10/2024
ORD103082,CUST1415,Wireless Mouse,799.0,2,EAST,2024-03-03
ORD102607,CUST1355,USB-C Hub,1299.0,2,South,2024-12-05
ORD103335,CUST1150,USB-C Hub,1299.0,5,West,23-06-2024
ORD104648,CUST1345,Portable SSD 1TB,6999.0,1,North,2024-04-02
ORD104195,CUST1373,Webcam 1080p,2499.0,2,West,2024-08-27
ORD101559,CUST1259,Monitor 24-inch,8999.0,5,north,22-01-2024
ORD103124,CUST1023,Webcam 1080p,2499.0,1,West,30/08/2024
ORD101618,CUST1142,Monitor 24-inch,8999.0,2,EAST,2024-07-14
ORD104349,CUST1163,Webcam 1080p,2499.0,5,EAST,19/09/2024
ORD101892,CUST1021,Monitor 24-inch,8999.0,2,south,06-02-2024
ORD100150,CUST1120,USB-C Hub,1299.0,0,West,08-07-2024
ORD101523,CUST1276,Noise Cancelling Headphones,5999.0,2,North,28/05/2024
ORD100577,CUST1154,Mechanical Keyboard,3499.0,0,EAST,14/07/2024
ORD101209,CUST1225,Portable SSD 1TB,6999.0,-1,,20/03/2024
ORD104715,CUST1188,Noise Cancelling Headphones,5999.0,1,north,01-02-2024
ORD102527,CUST1273,Noise Cancelling Headphones,5999.0,1,South,31-08-2024
ORD102875,CUST1299,Wireless Mouse,799.0,1,South,2024-02-27
ORD103061,CUST1039,Wireless Mouse,799.0,1,West,06/02/2024
ORD101082,CUST1246,Webcam 1080p,2499.0,0,north,21/06/2024
ORD100327,CUST1129,Noise Cancelling Headphones,5999.0,-1,EAST,10/02/2024
ORD101601,CUST1493,Webcam 1080p,2499.0,0,West,2024-06-15
ORD102269,CUST1373,Webcam 1080p,2499.0,1,north,2024-07-31
ORD100246,CUST1303,USB-C Hub,1299.0,5,south,2024-10-15
ORD100707,CUST1298,Laptop Stand,1999.0,3,south,2024-06-02
ORD100462,CUST1356,Webcam 1080p,2499.0,3,South,2024-06-01
ORD100547,CUST1451,Noise Cancelling Headphones,5999.0,-1,north,02-08-2024
ORD102616,CUST1474,Wireless Mouse,799.0,5,EAST,21/08/2024
ORD100929,CUST1455,Noise Cancelling Headphones,5999.0,3,south,15-01-2024
ORD102094,CUST1201,USB-C Hub,1299.0,1,south,2024-08-28
ORD103232,CUST1466,USB-C Hub,1299.0,-1,West,2024-02-21
ORD103529,CUST1345,Mechanical Keyboard,3499.0,0,West,16-11-2024
ORD102216,CUST1284,USB-C Hub,1299.0,1,,17-11-2024
ORD102543,CUST1008,Monitor 24-inch,8999.0,2,West,02/01/2024
ORD101610,CUST1148,USB-C Hub,1299.0,5,EAST,2024-07-30
ORD102285,CUST1314,Mechanical Keyboard,3499.0,1,North,07/12/2024
ORD100676,CUST1098,Webcam 1080p,2499.0,1,West,03-03-2024
ORD101968,CUST1494,Noise Cancelling Headphones,5999.0,2,South,28-12-2024
ORD100766,CUST1294,Noise Cancelling Headphones,5999.0,0,south,23-09-2024
ORD100215,CUST1122,Portable SSD 1TB,6999.0,0,South,2024-02-02
ORD103119,CUST1056,Laptop Stand,1999.0,-1,south,2024-02-28
ORD101041,CUST1253,Webcam 1080p,2499.0,0,North,23/07/2024
ORD101386,CUST1349,Portable SSD 1TB,6999.0,0,north,14-05-2024
ORD100180,CUST1254,Portable SSD 1TB,6999.0,2,south,13-07-2024
ORD104591,CUST1381,Laptop Stand,1999.0,1,South,21-05-2024
ORD100333,CUST1364,Portable SSD 1TB,6999.0,3,North,24-03-2024
ORD100782,CUST1170,Monitor 24-inch,8999.0,1,North,23-09-2024
ORD102978,CUST1135,Portable SSD 1TB,6999.0,1,West,2024-01-28
ORD100568,CUST1144,Wireless Mouse,799.0,5,north,20-09-2024
ORD100009,CUST1331,Mechanical Keyboard,3499.0,2,north,30-09-2024
ORD104953,CUST1079,Laptop Stand,1999.0,1,North,21/06/2024
ORD100674,CUST1111,Noise Cancelling Headphones,5999.0,3,West,12/09/2024
ORD100440,CUST1400,Noise Cancelling Headphones,5999.0,0,West,25-06-2024
ORD104630,CUST1468,Webcam 1080p,2499.0,5,south,23-09-2024
ORD103494,CUST1401,Noise Cancelling Headphones,5999.0,3,north,2024-12-23
ORD102381,CUST1449,Wireless Mouse,799.0,3,South,2024-11-15
ORD103845,CUST1488,Mechanical Keyboard,3499.0,1,north,2024-01-29
ORD104441,CUST1489,Portable SSD 1TB,6999.0,2,South,18/03/2024
ORD104439,CUST1449,Webcam 1080p,2499.0,5,South,23/05/2024
ORD103678,CUST1292,Laptop Stand,1999.0,-1,North,2024-05-03
ORD103165,CUST1023,Mechanical Keyboard,3499.0,1,West,2024-11-02
ORD103479,CUST1075,USB-C Hub,1299.0,2,south,2024-05-25
ORD103786,CUST1230,Webcam 1080p,2499.0,1,West,28-07-2024
ORD104660,CUST1321,Laptop Stand,1999.0,0,EAST,09/05/2024
ORD100036,CUST1436,USB-C Hub,1299.0,1,North,2024-04-05
ORD104908,CUST1027,Portable SSD 1TB,6999.0,5,South,24/10/2024
ORD101580,CUST1223,Webcam 1080p,2499.0,2,West,03-04-2024
ORD100151,CUST1276,Portable SSD 1TB,6999.0,2,north,31-07-2024
ORD102575,CUST1415,USB-C Hub,1299.0,0,north,30-07-2024
ORD104598,CUST1395,Portable SSD 1TB,6999.0,5,south,04-07-2024
ORD104099,CUST1180,Portable SSD 1TB,6999.0,1,EAST,26-08-2024
ORD103621,CUST1357,Webcam 1080p,2499.0,1,West,26-06-2024
ORD102125,CUST1450,Monitor 24-inch,8999.0,2,West,26/07/2024
ORD100261,CUST1019,USB-C Hub,1299.0,5,South,30-08-2024
ORD103891,CUST1318,Monitor 24-inch,8999.0,0,EAST,2024-05-21
ORD104910,CUST1190,Mechanical Keyboard,3499.0,1,South,2024-01-23
ORD100602,CUST1212,Noise Cancelling Headphones,5999.0,1,South,03-09-2024
ORD103326,CUST1078,Wireless Mouse,799.0,1,south,15-10-2024
ORD100419,CUST1318,Laptop Stand,1999.0,5,West,29/10/2024
ORD102486,CUST1139,Mechanical Keyboard,3499.0,3,West,30-07-2024
ORD101267,CUST1271,Monitor 24-inch,8999.0,1,North,16-04-2024
ORD101826,CUST1326,Mechanical Keyboard,3499.0,3,north,2024-09-25
ORD103071,CUST1155,Noise Cancelling Headphones,5999.0,0,south,15-05-2024
ORD104013,CUST1271,Noise Cancelling Headphones,5999.0,0,EAST,2024-06-23
ORD101692,CUST1314,Monitor 24-inch,8999.0,1,West,25/08/2024
ORD102566,CUST1142,Monitor 24-inch,8999.0,2,south,13-10-2024
ORD104015,CUST1271,Wireless Mouse,799.0,2,EAST,15/08/2024
ORD103313,CUST1002,USB-C Hub,1299.0,2,south,27/09/2024
ORD104817,CUST1122,Monitor 24-inch,8999.0,2,EAST,2024-06-29
ORD100108,CUST1224,Mechanical Keyboard,3499.0,3,West,24/12/2024
ORD102971,CUST1113,Monitor 24-inch,8999.0,3,north,2024-01-01
ORD100467,CUST1225,Monitor 24-inch,8999.0,2,EAST,17-05-2024
ORD101594,CUST1266,Noise Cancelling Headphones,5999.0,1,,20-11-2024
ORD102418,CUST1099,Noise Cancelling Headphones,5999.0,,EAST,03-02-2024
ORD103045,CUST1361,Laptop Stand,1999.0,2,EAST,07/10/2024
ORD104418,CUST1203,Laptop Stand,1999.0,2,South,2024-05-06
ORD104348,CUST1433,USB-C Hub,1299.0,0,north,2024-10-03
ORD100549,CUST1453,Webcam 1080p,2499.0,5,South,30-12-2024
ORD100054,CUST1395,Webcam 1080p,2499.0,-1,EAST,13-12-2024
ORD103696,CUST1026,Wireless Mouse,799.0,1,south,08-03-2024
ORD102588,CUST1021,Monitor 24-inch,8999.0,3,South,15-01-2024
ORD104877,CUST1387,Webcam 1080p,2499.0,2,south,01/10/2024
ORD100290,CUST1454,Webcam 1080p,2499.0,1,South,23/11/2024
ORD102603,CUST1183,Noise Cancelling Headphones,5999.0,5,south,17-12-2024
ORD103350,CUST1018,Mechanical Keyboard,3499.0,0,North,2024-10-27
ORD100194,CUST1330,USB-C Hub,1299.0,2,North,28/12/2024
ORD103050,CUST1167,Monitor 24-inch,8999.0,3,West,05/01/2024
ORD103912,CUST1001,Monitor 24-inch,8999.0,1,north,03/09/2024
ORD101263,CUST1442,Portable SSD 1TB,6999.0,0,EAST,2024-07-07
ORD100688,CUST1306,USB-C Hub,1299.0,2,North,18/08/2024
ORD101572,CUST1334,Monitor 24-inch,8999.0,2,north,17/08/2024
ORD104321,CUST1227,Webcam 1080p,2499.0,5,EAST,14-01-2024
ORD102787,CUST1204,Noise Cancelling Headphones,5999.0,1,north,13-03-2024
ORD102621,CUST1058,Mechanical Keyboard,3499.0,,EAST,25-04-2024
ORD102191,CUST1007,Portable SSD 1TB,6999.0,5,North,15/04/2024
ORD101959,CUST1138,Noise Cancelling Headphones,5999.0,1,south,11/09/2024
ORD103042,CUST1132,Portable SSD 1TB,6999.0,-1,South,16/03/2024
ORD100977,CUST1482,USB-C Hub,1299.0,1,south,19-10-2024
ORD101228,CUST1015,Laptop Stand,1999.0,0,,2024-12-10
ORD104647,CUST1232,Portable SSD 1TB,6999.0,2,West,17/07/2024
ORD101028,CUST1151,Wireless Mouse,799.0,1,north,24-01-2024
ORD104408,CUST1466,Monitor 24-inch,8999.0,1,North,2024-12-01
ORD104548,CUST1306,Webcam 1080p,2499.0,1,north,07/04/2024
ORD103781,CUST1413,Noise Cancelling Headphones,5999.0,3,north,02-09-2024
ORD102966,CUST1412,Webcam 1080p,2499.0,1,south,06-04-2024
ORD104978,CUST1348,Webcam 1080p,2499.0,3,south,2024-05-16
ORD100312,CUST1040,Monitor 24-inch,8999.0,1,EAST,01-10-2024
ORD100805,CUST1286,Noise Cancelling Headphones,5999.0,3,North,2024-01-16
ORD103672,CUST1340,Webcam 1080p,2499.0,5,EAST,09-06-2024
ORD104839,CUST1451,Webcam 1080p,2499.0,2,south,2024-10-22
ORD101065,CUST1206,Monitor 24-inch,8999.0,2,South,05-10-2024
ORD104930,CUST1288,Noise Cancelling Headphones,5999.0,1,EAST,2024-07-29
ORD102284,CUST1121,Monitor 24-inch,8999.0,2,South,2024-07-27
ORD104279,CUST1106,Laptop Stand,1999.0,3,EAST,2024-11-09
ORD101906,CUST1010,Monitor 24-inch,8999.0,-1,north,24-05-2024
ORD104032,CUST1487,Monitor 24-inch,8999.0,2,south,18-12-2024
ORD100199,CUST1286,Portable SSD 1TB,6999.0,5,South,06-03-2024
ORD100960,CUST1166,Wireless Mouse,799.0,-1,West,17-10-2024
ORD102815,CUST1058,Portable SSD 1TB,6999.0,-1,south,2024-08-20
ORD100726,CUST1339,Noise Cancelling Headphones,5999.0,1,North,29-05-2024
ORD102329,CUST1244,Wireless Mouse,799.0,0,West,30/04/2024
ORD101966,CUST1107,Noise Cancelling Headphones,5999.0,2,South,09-06-2024
ORD101138,CUST1319,Laptop Stand,1999.0,0,south,18-06-2024
ORD103508,CUST1336,USB-C Hub,1299.0,5,north,11-12-2024
ORD100902,CUST1094,Laptop Stand,1999.0,1,north,06/12/2024
ORD102166,CUST1396,Mechanical Keyboard,3499.0,2,South,02/12/2024
ORD103264,CUST1329,Portable SSD 1TB,6999.0,3,West,26-07-2024
ORD100308,CUST1376,USB-C Hub,1299.0,-1,South,11/10/2024
ORD102666,CUST1301,Mechanical Keyboard,3499.0,2,EAST,2024-07-16
ORD101509,CUST1401,Webcam 1080p,2499.0,1,West,26/11/2024
ORD101069,CUST1155,Portable SSD 1TB,6999.0,1,north,31/01/2024
ORD100488,CUST1425,Mechanical Keyboard,3499.0,1,EAST,2024-07-16
ORD103315,CUST1125,Portable SSD 1TB,6999.0,1,south,14/11/2024
ORD101294,CUST1216,Monitor 24-inch,8999.0,2,West,2024-07-10
ORD104633,CUST1387,Wireless Mouse,799.0,2,EAST,11/07/2024
ORD100250,CUST1174,USB-C Hub,1299.0,5,EAST,25/06/2024
ORD100008,CUST1186,USB-C Hub,1299.0,5,EAST,17-04-2024
ORD103498,CUST1457,Wireless Mouse,799.0,-1,North,2024-06-11
ORD103749,CUST1425,Webcam 1080p,2499.0,-1,West,2024-04-01
ORD101475,CUST1438,Monitor 24-inch,8999.0,3,North,17-12-2024
ORD100484,CUST1399,Wireless Mouse,799.0,2,south,2024-04-12
ORD103945,CUST1158,USB-C Hub,1299.0,3,West,2024-11-10
ORD102334,CUST1292,USB-C Hub,1299.0,-1,EAST,21-08-2024
ORD102642,CUST1440,USB-C Hub,1299.0,2,north,2024-03-02
ORD103132,CUST1172,Noise Cancelling Headphones,5999.0,3,West,2024-03-30
ORD104218,CUST1218,Portable SSD 1TB,6999.0,0,,12/12/2024
ORD102030,CUST1300,Noise Cancelling Headphones,5999.0,0,South,14/01/2024
ORD103690,CUST1344,Monitor 24-inch,8999.0,2,north,18/07/2024
ORD102532,CUST1018,Mechanical Keyboard,3499.0,-1,South,29/12/2024
ORD104891,CUST1239,Wireless Mouse,799.0,1,,28-08-2024
ORD102669,CUST1394,Monitor 24-inch,8999.0,1,,2024-12-14
ORD100878,CUST1222,Laptop Stand,1999.0,2,north,2024-10-20
ORD101323,CUST1404,Wireless Mouse,799.0,3,south,2024-12-22
ORD100836,CUST1394,Noise Cancelling Headphones,5999.0,2,EAST,07/02/2024
ORD102032,CUST1366,Mechanical Keyboard,3499.0,-1,West,2024-06-21
ORD104109,CUST1055,USB-C Hub,1299.0,1,West,09/07/2024
ORD101037,CUST1123,Portable SSD 1TB,6999.0,2,South,14/02/2024
ORD104278,CUST1221,Monitor 24-inch,8999.0,1,North,23-06-2024
ORD101811,CUST1473,Noise Cancelling Headphones,5999.0,2,EAST,10/05/2024
ORD104987,CUST1489,Mechanical Keyboard,3499.0,5,North,2024-01-04
ORD103598,CUST1038,Webcam 1080p,2499.0,1,south,2024-08-22
ORD102442,CUST1455,Portable SSD 1TB,6999.0,2,West,10/02/2024
ORD102402,CUST1360,Noise Cancelling Headphones,5999.0,5,South,2024-04-04
ORD104783,CUST1462,Portable SSD 1TB,6999.0,0,north,22/01/2024
ORD101180,CUST1022,Monitor 24-inch,8999.0,1,North,23-11-2024
ORD101586,CUST1084,Mechanical Keyboard,3499.0,3,EAST,06/09/2024
ORD102705,CUST1392,Noise Cancelling Headphones,5999.0,-1,EAST,2024-05-19
ORD103648,CUST1357,Noise Cancelling Headphones,5999.0,1,West,24/11/2024
ORD100711,CUST1394,Laptop Stand,1999.0,1,South,20-11-2024
ORD104846,CUST1454,Mechanical Keyboard,3499.0,1,North,15-06-2024
ORD102628,CUST1280,Portable SSD 1TB,6999.0,2,north,17-09-2024
ORD102011,CUST1438,Portable SSD 1TB,6999.0,0,north,28-04-2024
ORD104200,CUST1231,Webcam 1080p,2499.0,1,South,2024-02-07
ORD103961,CUST1484,Mechanical Keyboard,3499.0,2,EAST,2024-04-11
ORD101670,CUST1083,Monitor 24-inch,8999.0,2,north,12/01/2024
ORD100503,CUST1195,Webcam 1080p,2499.0,1,West,2024-03-18
ORD104835,CUST1108,Webcam 1080p,2499.0,5,South,15/04/2024
ORD102556,CUST1483,Noise Cancelling Headphones,5999.0,1,south,24/08/2024
ORD100661,CUST1429,USB-C Hub,1299.0,1,North,05/12/2024
ORD100305,CUST1276,Laptop Stand,1999.0,2,North,14/09/2024
ORD102955,CUST1494,Portable SSD 1TB,6999.0,3,EAST,2024-08-09
ORD104318,CUST1234,Webcam 1080p,2499.0,1,north,04-07-2024
ORD104532,CUST1206,Noise Cancelling Headphones,5999.0,2,north,2024-09-14
ORD100973,CUST1125,Webcam 1080p,2499.0,0,West,13/10/2024
ORD101550,CUST1347,Webcam 1080p,2499.0,0,north,05-08-2024
ORD101229,CUST1489,Wireless Mouse,799.0,,South,2024-02-19
ORD103146,CUST1260,Portable SSD 1TB,6999.0,2,EAST,14/09/2024
ORD102561,CUST1300,Mechanical Keyboard,3499.0,1,West,28/12/2024
ORD103507,CUST1142,USB-C Hub,1299.0,0,EAST,2024-02-01
ORD100735,CUST1070,Webcam 1080p,2499.0,2,South,2024-08-08
ORD101225,CUST1093,Mechanical Keyboard,3499.0,2,West,2024-04-05
ORD102943,CUST1408,Monitor 24-inch,8999.0,-1,south,2024-11-11
ORD102176,CUST1170,Noise Cancelling Headphones,5999.0,2,North,2024-10-22
ORD102270,CUST1200,Noise Cancelling Headphones,5999.0,5,north,2024-03-09
ORD102587,CUST1422,Wireless Mouse,799.0,1,north,03/10/2024
ORD100331,CUST1117,Laptop Stand,1999.0,0,South,2024-05-18
ORD103329,CUST1001,USB-C Hub,1299.0,5,north,24-11-2024
ORD103134,CUST1025,Webcam 1080p,2499.0,-1,West,18/02/2024
ORD100682,CUST1401,Monitor 24-inch,8999.0,2,South,2024-07-09
ORD101183,CUST1124,Monitor 24-inch,8999.0,,south,2024-05-22
ORD102627,CUST1384,Noise Cancelling Headphones,5999.0,0,south,30-09-2024
ORD100855,CUST1254,Laptop Stand,1999.0,2,North,06/08/2024
ORD104384,CUST1068,Mechanical Keyboard,3499.0,1,West,02-06-2024
ORD104676,CUST1100,Laptop Stand,1999.0,-1,North,14/02/2024
ORD101200,CUST1255,Webcam 1080p,2499.0,2,south,2024-07-11
ORD101085,CUST1023,Monitor 24-inch,8999.0,3,South,2024-11-26
ORD104693,CUST1380,Laptop Stand,1999.0,2,North,05-04-2024
ORD103643,CUST1018,Monitor 24-inch,8999.0,2,EAST,2024-10-19
ORD101086,CUST1292,Webcam 1080p,2499.0,1,north,25-11-2024
ORD103798,CUST1192,Webcam 1080p,2499.0,1,north,18/11/2024
ORD101913,CUST1068,Laptop Stand,1999.0,2,south,2024-12-30
ORD100431,CUST1025,Webcam 1080p,2499.0,2,EAST,16/01/2024
ORD104797,CUST1360,USB-C Hub,1299.0,2,north,18-04-2024
ORD102754,CUST1483,Webcam 1080p,2499.0,-1,West,2024-06-22
ORD100603,CUST1082,Portable SSD 1TB,6999.0,2,North,2024-01-23
ORD101189,CUST1007,Noise Cancelling Headphones,5999.0,1,south,2024-04-22
ORD103568,CUST1426,Noise Cancelling Headphones,5999.0,1,south,20-05-2024
ORD101109,CUST1004,Mechanical Keyboard,3499.0,5,,08/04/2024
ORD100833,CUST1047,Wireless Mouse,799.0,2,north,02-11-2024
ORD104771,CUST1426,Webcam 1080p,2499.0,-1,north,04-07-2024
ORD102672,CUST1336,Webcam 1080p,2499.0,2,South,09-08-2024
ORD103620,CUST1325,Portable SSD 1TB,6999.0,1,north,27-06-2024
ORD103031,CUST1166,Wireless Mouse,799.0,3,North,12/09/2024
ORD100480,CUST1155,Webcam 1080p,2499.0,0,EAST,22-12-2024
ORD102935,CUST1236,Laptop Stand,1999.0,0,north,2024-02-15
ORD103273,CUST1318,USB-C Hub,1299.0,5,south,2024-11-29
ORD104474,CUST1277,Portable SSD 1TB,6999.0,2,EAST,2024-10-08
ORD104742,CUST1450,USB-C Hub,1299.0,1,South,2024-10-05
ORD104378,CUST1319,Wireless Mouse,799.0,1,EAST,20-01-2024
ORD101130,CUST1260,Webcam 1080p,2499.0,-1,EAST,03-09-2024
ORD101160,CUST1389,USB-C Hub,1299.0,2,West,26-04-2024
ORD100131,CUST1116,Mechanical Keyboard,3499.0,1,West,20-11-2024
ORD101881,CUST1164,Monitor 24-inch,8999.0,-1,north,05/06/2024
ORD101492,CUST1014,Wireless Mouse,799.0,1,West,12-03-2024
ORD100798,CUST1039,Monitor 24-inch,8999.0,0,North,15-06-2024
ORD100889,CUST1446,Laptop Stand,1999.0,2,South,13/06/2024
ORD103632,CUST1275,Wireless Mouse,799.0,3,West,24-10-2024
ORD104255,CUST1036,Portable SSD 1TB,6999.0,3,West,21/04/2024
ORD101718,CUST1390,Monitor 24-inch,8999.0,2,South,2024-12-15
ORD102279,CUST1013,Portable SSD 1TB,6999.0,0,south,07/02/2024
ORD102163,CUST1009,Mechanical Keyboard,3499.0,2,North,15/03/2024
ORD103558,CUST1064,Portable SSD 1TB,6999.0,2,EAST,2024-04-14
ORD103275,CUST1315,Laptop Stand,1999.0,2,south,21/09/2024
ORD100701,CUST1080,Monitor 24-inch,8999.0,5,EAST,08/10/2024
ORD104413,CUST1360,USB-C Hub,1299.0,0,EAST,2024-03-18
ORD100867,CUST1186,Webcam 1080p,2499.0,-1,south,08/05/2024
ORD101702,CUST1124,Wireless Mouse,799.0,0,EAST,20/04/2024
ORD103578,CUST1178,Portable SSD 1TB,6999.0,0,EAST,2024-12-27
ORD100725,CUST1356,Webcam 1080p,2499.0,0,North,2024-12-01
ORD101406,CUST1083,Portable SSD 1TB,6999.0,3,West,03-12-2024
ORD102215,CUST1117,Webcam 1080p,2499.0,-1,North,22/12/2024
ORD103613,CUST1330,Laptop Stand,1999.0,5,south,03-08-2024
ORD101046,CUST1431,Monitor 24-inch,8999.0,3,south,30/12/2024
ORD100803,CUST1470,Portable SSD 1TB,6999.0,5,,15-02-2024
ORD103822,CUST1040,Mechanical Keyboard,3499.0,2,North,06-06-2024
ORD101631,CUST1479,Noise Cancelling Headphones,5999.0,2,South,25-03-2024
ORD101533,CUST1026,Portable SSD 1TB,6999.0,2,West,08-08-2024
ORD104306,CUST1466,Webcam 1080p,2499.0,1,West,2024-12-08
ORD104231,CUST1141,Wireless Mouse,799.0,1,south,10/05/2024
ORD103594,CUST1204,Portable SSD 1TB,6999.0,-1,West,2024-05-31
ORD102830,CUST1304,Monitor 24-inch,8999.0,0,EAST,10-05-2024
ORD101072,CUST1366,USB-C Hub,1299.0,-1,South,23-09-2024
ORD100477,CUST1135,Portable SSD 1TB,6999.0,0,South,19-10-2024
ORD104316,CUST1407,Portable SSD 1TB,6999.0,0,South,13-07-2024
ORD103193,CUST1267,Webcam 1080p,2499.0,2,north,18/02/2024
ORD101106,CUST1004,USB-C Hub,1299.0,0,West,20-07-2024
ORD104946,CUST1304,USB-C Hub,1299.0,-1,EAST,2024-10-20
ORD100796,CUST1122,Laptop Stand,1999.0,2,north,03/09/2024
ORD104698,CUST1015,Monitor 24-inch,8999.0,1,north,29/06/2024
ORD103554,CUST1028,Webcam 1080p,2499.0,1,EAST,21/07/2024
ORD100427,CUST1103,USB-C Hub,1299.0,1,north,2024-03-20
ORD103490,CUST1474,Laptop Stand,1999.0,-1,North,23/04/2024
ORD100231,CUST1224,Wireless Mouse,799.0,1,south,30-04-2024
ORD102123,CUST1083,Monitor 24-inch,8999.0,1,South,2024-06-09
ORD103934,CUST1250,Laptop Stand,1999.0,1,EAST,11/10/2024
ORD101599,CUST1178,Monitor 24-inch,8999.0,2,north,2024-06-02
ORD100012,CUST1202,Monitor 24-inch,8999.0,3,south,2024-03-12
ORD103665,CUST1159,Laptop Stand,1999.0,2,EAST,2024-02-03
ORD104360,CUST1137,Monitor 24-inch,8999.0,1,North,2024-07-27
ORD103509,CUST1113,Mechanical Keyboard,3499.0,2,EAST,25/09/2024
ORD100961,CUST1356,Monitor 24-inch,8999.0,1,north,11/06/2024
ORD103401,CUST1270,Noise Cancelling Headphones,5999.0,1,north,2024-01-31
ORD100924,CUST1048,USB-C Hub,1299.0,5,north,10-06-2024
ORD103549,CUST1223,Noise Cancelling Headphones,5999.0,2,North,2024-03-16
ORD101365,CUST1082,Wireless Mouse,799.0,-1,West,14/12/2024
ORD101019,CUST1408,USB-C Hub,1299.0,1,south,25/11/2024
ORD101938,CUST1467,Monitor 24-inch,8999.0,1,South,07/12/2024
ORD100637,CUST1117,Laptop Stand,1999.0,5,south,2024-03-20
ORD103231,CUST1314,Mechanical Keyboard,3499.0,3,north,2024-04-23
ORD100680,CUST1454,Wireless Mouse,799.0,2,South,2024-02-27
ORD101659,CUST1044,USB-C Hub,1299.0,1,EAST,2024-03-27
ORD101859,CUST1444,USB-C Hub,1299.0,5,North,03-02-2024
ORD104490,CUST1062,USB-C Hub,1299.0,2,EAST,03-09-2024
ORD101705,CUST1236,Noise Cancelling Headphones,5999.0,2,North,2024-04-25
ORD104800,CUST1495,Laptop Stand,1999.0,1,North,30-01-2024
ORD103002,CUST1142,Mechanical Keyboard,3499.0,2,South,2024-05-06
ORD104788,CUST1096,USB-C Hub,1299.0,2,North,2024-01-17
ORD104084,CUST1160,Noise Cancelling Headphones,5999.0,1,West,19/07/2024
ORD102469,CUST1285,Laptop Stand,1999.0,-1,EAST,2024-06-30
ORD100982,CUST1401,USB-C Hub,1299.0,0,,07/07/2024
ORD102908,CUST1106,Portable SSD 1TB,6999.0,1,south,14-05-2024
ORD104675,CUST1500,Webcam 1080p,2499.0,0,north,31-08-2024
ORD101420,CUST1125,Portable SSD 1TB,6999.0,1,EAST,2024-05-20
ORD104421,CUST1152,Laptop Stand,1999.0,-1,North,21-06-2024
ORD104523,CUST1396,Laptop Stand,1999.0,0,South,20/09/2024
ORD103950,CUST1175,USB-C Hub,1299.0,-1,South,01-05-2024
ORD103108,CUST1140,Mechanical Keyboard,3499.0,2,EAST,2024-10-31
ORD102960,CUST1011,Mechanical Keyboard,3499.0,2,West,2024-04-30
ORD104673,CUST1027,Webcam 1080p,2499.0,1,North,2024-02-15
ORD100952,CUST1230,Noise Cancelling Headphones,5999.0,0,West,2024-08-23
ORD102282,CUST1287,USB-C Hub,1299.0,2,north,25/09/2024
ORD100868,CUST1232,Wireless Mouse,799.0,1,North,2024-10-02
ORD104956,CUST1038,Webcam 1080p,2499.0,2,EAST,27/11/2024
ORD101863,CUST1300,Mechanical Keyboard,3499.0,1,North,28/09/2024
ORD102774,CUST1355,Wireless Mouse,799.0,2,South,2024-11-02
ORD100554,CUST1146,Webcam 1080p,2499.0,1,south,19/12/2024
ORD101091,CUST1131,Mechanical Keyboard,3499.0,1,North,2024-10-04
ORD101171,CUST1274,Portable SSD 1TB,6999.0,1,West,2024-07-18
ORD103805,CUST1110,Webcam 1080p,2499.0,3,EAST,18-04-2024
ORD101172,CUST1221,Monitor 24-inch,8999.0,3,south,2024-10-27
ORD101573,CUST1064,Laptop Stand,1999.0,2,West,06/11/2024
ORD103136,CUST1277,Monitor 24-inch,8999.0,5,South,31/07/2024
ORD101262,CUST1154,USB-C Hub,1299.0,-1,South,20-12-2024
ORD102164,CUST1273,Laptop Stand,1999.0,5,West,16/01/2024
ORD103276,CUST1152,Monitor 24-inch,8999.0,1,South,05-11-2024
ORD102483,CUST1162,Wireless Mouse,799.0,3,south,2024-05-20
ORD104620,CUST1164,Webcam 1080p,2499.0,1,north,2024-08-12
ORD103985,CUST1176,Portable SSD 1TB,6999.0,0,north,30-01-2024
ORD101735,CUST1483,USB-C Hub,1299.0,3,north,31-08-2024
ORD104461,CUST1086,Monitor 24-inch,8999.0,5,South,26-07-2024
ORD101642,CUST1429,Noise Cancelling Headphones,5999.0,1,north,2024-11-05
ORD102060,CUST1346,Portable SSD 1TB,6999.0,3,EAST,02/11/2024
ORD102356,CUST1187,Wireless Mouse,799.0,0,South,22/09/2024
ORD100994,CUST1483,Laptop Stand,1999.0,1,North,12-10-2024
ORD102508,CUST1246,Monitor 24-inch,8999.0,2,north,2024-04-10
ORD103340,CUST1343,Webcam 1080p,2499.0,0,West,24/10/2024
ORD103930,CUST1209,Portable SSD 1TB,6999.0,2,North,28/09/2024
ORD100122,CUST1420,Wireless Mouse,799.0,3,EAST,27-10-2024
ORD104601,CUST1095,USB-C Hub,1299.0,5,South,13/04/2024
ORD103691,CUST1109,USB-C Hub,1299.0,1,north,2024-08-06
ORD102867,CUST1093,Portable SSD 1TB,6999.0,0,North,16-09-2024
ORD104419,CUST1252,Mechanical Keyboard,3499.0,5,South,2024-09-24
ORD100065,CUST1253,Portable SSD 1TB,6999.0,2,,01-12-2024
ORD104455,CUST1417,Portable SSD 1TB,6999.0,2,South,2024-10-09
ORD102803,CUST1032,Wireless Mouse,799.0,2,EAST,09/11/2024
ORD103652,CUST1474,Laptop Stand,1999.0,3,South,2024-09-16
ORD101935,CUST1154,Portable SSD 1TB,6999.0,0,south,13/07/2024
ORD104148,CUST1044,Wireless Mouse,799.0,1,North,30-09-2024
ORD101390,CUST1203,Portable SSD 1TB,6999.0,-1,south,2024-06-17
ORD102968,CUST1228,Noise Cancelling Headphones,5999.0,3,West,25-05-2024
ORD102574,CUST1463,Mechanical Keyboard,3499.0,3,north,14-10-2024
ORD100880,CUST1123,Mechanical Keyboard,3499.0,1,north,20-12-2024
ORD100778,CUST1191,Wireless Mouse,799.0,1,,15-08-2024
ORD103589,CUST1334,Portable SSD 1TB,6999.0,1,,2024-11-04
ORD102489,CUST1259,Portable SSD 1TB,6999.0,3,north,2024-12-18
ORD102537,CUST1008,Mechanical Keyboard,3499.0,-1,South,24/08/2024
ORD100702,CUST1324,Portable SSD 1TB,6999.0,5,South,2024-11-07
ORD101878,CUST1030,Monitor 24-inch,8999.0,1,South,2024-09-23
ORD100715,CUST1043,Portable SSD 1TB,6999.0,-1,north,2024-12-23
ORD102043,CUST1243,Portable SSD 1TB,6999.0,2,,2024-03-11
ORD104537,CUST1032,Wireless Mouse,799.0,1,north,17/04/2024
ORD102903,CUST1081,Portable SSD 1TB,6999.0,-1,South,2024-07-28
ORD104245,CUST1383,Noise Cancelling Headphones,5999.0,5,south,25-11-2024
ORD103377,CUST1482,Webcam 1080p,2499.0,2,North,02/06/2024
ORD103210,CUST1298,Mechanical Keyboard,3499.0,2,north,21/09/2024
ORD101942,CUST1062,Wireless Mouse,799.0,2,South,12-04-2024
ORD100699,CUST1285,Portable SSD 1TB,6999.0,1,South,22-11-2024
ORD102310,CUST1306,Webcam 1080p,2499.0,2,West,30-01-2024
ORD102146,CUST1496,Laptop Stand,1999.0,2,south,19-06-2024
ORD101096,CUST1208,Mechanical Keyboard,3499.0,1,West,27-07-2024
ORD102179,CUST1470,Portable SSD 1TB,6999.0,5,North,17-05-2024
ORD100747,CUST1025,Laptop Stand,1999.0,0,EAST,22/07/2024
ORD102825,CUST1273,Portable SSD 1TB,6999.0,5,south,2024-10-21
ORD102639,CUST1424,Monitor 24-inch,8999.0,0,West,01/07/2024
ORD104196,CUST1370,Portable SSD 1TB,6999.0,1,West,2024-04-20
ORD102605,CUST1329,Wireless Mouse,799.0,-1,West,2024-10-07
ORD101447,CUST1415,Noise Cancelling Headphones,5999.0,1,north,2024-12-18
ORD103757,CUST1168,Mechanical Keyboard,3499.0,-1,West,2024-09-17
ORD104353,CUST1389,Webcam 1080p,2499.0,2,south,20-12-2024
ORD100242,CUST1348,Noise Cancelling Headphones,5999.0,2,south,07/03/2024
ORD100609,CUST1440,Portable SSD 1TB,6999.0,1,south,31/03/2024
ORD102984,CUST1422,Wireless Mouse,799.0,1,,2024-06-19
ORD100776,CUST1442,Webcam 1080p,2499.0,5,South,2024-12-29
ORD104816,CUST1303,USB-C Hub,1299.0,1,south,2024-06-30
ORD101321,CUST1098,Portable SSD 1TB,6999.0,3,north,13/10/2024
ORD104454,CUST1400,Webcam 1080p,2499.0,5,South,2024-10-26
ORD104637,CUST1295,Monitor 24-inch,8999.0,0,south,23/07/2024
ORD101885,CUST1091,Noise Cancelling Headphones,5999.0,1,South,2024-04-19
ORD101803,CUST1187,Mechanical Keyboard,3499.0,0,West,2024-10-19
ORD100664,CUST1268,Webcam 1080p,2499.0,0,EAST,2024-10-03
ORD103579,CUST1487,Laptop Stand,1999.0,2,south,2024-05-24
ORD102067,CUST1281,Webcam 1080p,2499.0,-1,north,11/04/2024
ORD104680,CUST1043,Mechanical Keyboard,3499.0,2,south,02-05-2024
ORD101250,CUST1434,Wireless Mouse,799.0,5,north,07-06-2024
ORD100942,CUST1219,Laptop Stand,1999.0,0,North,13/12/2024
ORD101433,CUST1191,Mechanical Keyboard,3499.0,2,West,18-01-2024
ORD102883,CUST1440,Monitor 24-inch,8999.0,0,North,08/01/2024
ORD101030,CUST1008,Mechanical Keyboard,3499.0,0,South,2024-04-01
ORD100017,CUST1174,Mechanical Keyboard,3499.0,-1,,21/03/2024
ORD102273,CUST1087,USB-C Hub,1299.0,2,south,2024-02-07
ORD100842,CUST1263,Monitor 24-inch,8999.0,-1,West,25-07-2024
ORD102725,CUST1356,Portable SSD 1TB,6999.0,5,south,2024-04-15
ORD100624,CUST1089,Monitor 24-inch,8999.0,1,West,13-04-2024
ORD103622,CUST1441,Mechanical Keyboard,3499.0,5,North,14-12-2024
ORD100528,CUST1081,Mechanical Keyboard,3499.0,0,West,18-10-2024
ORD100164,CUST1309,Portable SSD 1TB,6999.0,1,North,01-12-2024
ORD104357,CUST1383,Monitor 24-inch,8999.0,-1,north,10/03/2024
ORD103106,CUST1054,USB-C Hub,1299.0,-1,EAST,27/03/2024
ORD101911,CUST1205,USB-C Hub,1299.0,5,South,16/04/2024
ORD103563,CUST1047,Laptop Stand,1999.0,1,EAST,2024-11-30
ORD101979,CUST1232,Webcam 1080p,2499.0,2,south,2024-06-14
ORD103684,CUST1089,Laptop Stand,1999.0,2,North,2024-05-10
ORD103817,CUST1403,Wireless Mouse,799.0,1,South,19/10/2024
ORD100307,CUST1266,Laptop Stand,1999.0,3,West,2024-05-20
ORD104131,CUST1300,Mechanical Keyboard,3499.0,1,EAST,2024-11-05
ORD104242,CUST1259,Laptop Stand,1999.0,0,North,23/05/2024
ORD104792,CUST1025,Laptop Stand,1999.0,3,south,19/07/2024
ORD101842,CUST1170,Noise Cancelling Headphones,5999.0,2,north,11/06/2024
ORD100387,CUST1407,Portable SSD 1TB,6999.0,-1,south,18/04/2024
ORD104267,CUST1200,Mechanical Keyboard,3499.0,1,south,09-10-2024
ORD100627,CUST1300,Laptop Stand,1999.0,1,north,2024-12-26
ORD102327,CUST1163,Portable SSD 1TB,6999.0,5,North,27-04-2024
ORD100159,CUST1135,Wireless Mouse,799.0,-1,south,2024-09-26
ORD101982,CUST1144,Noise Cancelling Headphones,5999.0,1,north,2024-09-18
ORD104300,CUST1063,USB-C Hub,1299.0,2,EAST,12-10-2024
ORD104661,CUST1066,Webcam 1080p,2499.0,5,North,03/05/2024
ORD103022,CUST1317,Mechanical Keyboard,3499.0,5,south,22-12-2024
ORD101634,CUST1239,USB-C Hub,1299.0,5,North,21-11-2024
ORD102312,CUST1047,Monitor 24-inch,8999.0,0,South,2024-07-15
ORD101097,CUST1137,Mechanical Keyboard,3499.0,2,south,04-06-2024
ORD100529,CUST1398,Noise Cancelling Headphones,5999.0,1,north,16-12-2024
ORD101385,CUST1348,USB-C Hub,1299.0,5,West,19-09-2024
ORD103524,CUST1147,Laptop Stand,1999.0,1,West,01-03-2024
ORD102393,CUST1276,Laptop Stand,1999.0,3,EAST,16/05/2024
ORD100291,CUST1490,USB-C Hub,1299.0,2,West,20-08-2024
ORD103695,CUST1226,Webcam 1080p,2499.0,1,EAST,2024-07-10
ORD101704,CUST1139,Wireless Mouse,799.0,2,West,10/01/2024
ORD101798,CUST1191,Webcam 1080p,2499.0,5,north,2024-01-15
ORD101903,CUST1350,Mechanical Keyboard,3499.0,1,West,12-11-2024
ORD101647,CUST1184,Laptop Stand,1999.0,3,North,2024-06-17
ORD102847,CUST1307,Wireless Mouse,799.0,0,West,20-05-2024
ORD104737,CUST1022,USB-C Hub,1299.0,3,West,2024-01-25
ORD102047,CUST1057,Webcam 1080p,2499.0,1,north,2024-06-04
ORD104282,CUST1379,USB-C Hub,1299.0,,north,28-11-2024
ORD102861,CUST1469,Wireless Mouse,799.0,1,north,04/07/2024
ORD101373,CUST1247,Wireless Mouse,799.0,5,,17/02/2024
ORD103722,CUST1343,Mechanical Keyboard,3499.0,2,EAST,31-05-2024
ORD103362,CUST1308,Mechanical Keyboard,3499.0,1,South,25-10-2024
ORD101123,CUST1420,Noise Cancelling Headphones,5999.0,2,north,07-02-2024
ORD103459,CUST1444,Wireless Mouse,799.0,1,south,2024-05-28
ORD103886,CUST1459,Noise Cancelling Headphones,5999.0,3,West,14/12/2024
ORD103084,CUST1306,Portable SSD 1TB,6999.0,2,EAST,2024-01-29
ORD100408,CUST1122,Wireless Mouse,799.0,1,south,2024-08-10
ORD100509,CUST1115,Noise Cancelling Headphones,5999.0,2,EAST,22/02/2024
ORD103743,CUST1410,Laptop Stand,1999.0,0,North,10-11-2024
ORD104058,CUST1470,Laptop Stand,1999.0,5,south,08-11-2024
ORD102365,CUST1233,Portable SSD 1TB,6999.0,1,north,22-12-2024
ORD100493,CUST1494,Noise Cancelling Headphones,5999.0,3,north,01-06-2024
ORD102134,CUST1340,USB-C Hub,1299.0,0,South,19/08/2024
ORD102693,CUST1206,Monitor 24-inch,8999.0,5,south,14/08/2024
ORD102221,CUST1350,Portable SSD 1TB,6999.0,1,North,2024-03-21
ORD101009,CUST1264,Noise Cancelling Headphones,5999.0,2,West,10-06-2024
ORD103850,CUST1127,Mechanical Keyboard,3499.0,5,EAST,2024-07-04
ORD100328,CUST1124,Laptop Stand,1999.0,1,EAST,30-11-2024
ORD103222,CUST1389,Laptop Stand,1999.0,2,north,2024-04-01
ORD102224,CUST1229,Portable SSD 1TB,6999.0,0,south,22/05/2024
ORD101219,CUST1487,USB-C Hub,1299.0,1,North,17-02-2024
ORD104791,CUST1033,Noise Cancelling Headphones,5999.0,3,South,05-10-2024
ORD101261,CUST1173,Portable SSD 1TB,6999.0,-1,south,2024-05-05
ORD104157,CUST1483,Noise Cancelling Headphones,5999.0,-1,EAST,17/08/2024
ORD102474,CUST1182,Laptop Stand,1999.0,,South,20-05-2024
ORD102704,CUST1479,Mechanical Keyboard,3499.0,1,EAST,07-08-2024
ORD104662,CUST1002,Webcam 1080p,2499.0,-1,South,2024-06-10
ORD101834,CUST1362,Monitor 24-inch,8999.0,-1,north,06-11-2024
ORD100229,CUST1372,Noise Cancelling Headphones,5999.0,-1,north,20-05-2024
ORD103397,CUST1042,Noise Cancelling Headphones,5999.0,0,South,29-05-2024
ORD104622,CUST1370,Monitor 24-inch,8999.0,1,EAST,2024-08-23
ORD104412,CUST1457,Monitor 24-inch,8999.0,5,West,30-01-2024
ORD103217,CUST1309,Mechanical Keyboard,3499.0,5,north,2024-09-17
ORD103913,CUST1288,Mechanical Keyboard,3499.0,1,north,21/08/2024
ORD102526,CUST1489,Noise Cancelling Headphones,5999.0,3,EAST,2024-08-06
ORD104020,CUST1487,USB-C Hub,1299.0,0,north,16-10-2024
ORD100366,CUST1058,Webcam 1080p,2499.0,0,South,27-09-2024
ORD102692,CUST1361,Mechanical Keyboard,3499.0,-1,West,28/12/2024
ORD102583,CUST1367,Webcam 1080p,2499.0,2,EAST,07/10/2024
ORD100799,CUST1157,Portable SSD 1TB,6999.0,1,North,16-12-2024
ORD103899,CUST1110,Webcam 1080p,2499.0,2,South,02/09/2024
ORD101661,CUST1091,Webcam 1080p,2499.0,5,south,2024-07-30
ORD102844,CUST1245,Wireless Mouse,799.0,1,South,28/09/2024
ORD102089,CUST1118,Mechanical Keyboard,3499.0,1,north,20-10-2024
ORD104784,CUST1489,Mechanical Keyboard,3499.0,2,North,12-02-2024
ORD101784,CUST1013,Wireless Mouse,799.0,5,south,05/02/2024
ORD102321,CUST1150,Wireless Mouse,799.0,-1,North,21/05/2024
ORD101801,CUST1057,Monitor 24-inch,8999.0,-1,West,01/10/2024
ORD103513,CUST1090,Mechanical Keyboard,3499.0,2,EAST,2024-10-29
ORD103325,CUST1181,USB-C Hub,1299.0,3,EAST,2024-11-08
ORD103846,CUST1132,Portable SSD 1TB,6999.0,3,south,06-03-2024
ORD101440,CUST1215,Mechanical Keyboard,3499.0,0,North,28-03-2024
ORD102214,CUST1356,Wireless Mouse,799.0,2,West,29/07/2024
ORD101112,CUST1361,Laptop Stand,1999.0,2,North,22/11/2024
ORD101609,CUST1107,Noise Cancelling Headphones,5999.0,2,north,21-03-2024
ORD104337,CUST1474,USB-C Hub,1299.0,2,South,2024-07-31
ORD104653,CUST1093,Portable SSD 1TB,6999.0,-1,North,17/09/2024
ORD101887,CUST1023,Portable SSD 1TB,6999.0,1,south,2024-05-28
ORD100363,CUST1236,Laptop Stand,1999.0,2,West,05-04-2024
ORD102945,CUST1238,Webcam 1080p,2499.0,1,South,2024-12-12
ORD100318,CUST1288,Laptop Stand,1999.0,2,South,09/01/2024
ORD104123,CUST1022,Webcam 1080p,2499.0,2,North,2024-09-16
ORD104167,CUST1446,Laptop Stand,1999.0,0,EAST,2024-11-07
ORD103895,CUST1313,Portable SSD 1TB,6999.0,-1,,01-05-2024
ORD103505,CUST1482,Portable SSD 1TB,6999.0,1,north,16-06-2024
ORD101118,CUST1185,Wireless Mouse,799.0,2,South,25/01/2024
ORD103407,CUST1369,Mechanical Keyboard,3499.0,,EAST,01-04-2024
ORD102921,CUST1445,Laptop Stand,1999.0,1,North,30/11/2024
ORD102613,CUST1377,Wireless Mouse,799.0,1,north,25/11/2024
ORD101921,CUST1169,Mechanical Keyboard,3499.0,5,EAST,13-04-2024
ORD102762,CUST1366,USB-C Hub,1299.0,2,North,03/10/2024
ORD100270,CUST1339,Monitor 24-inch,8999.0,-1,north,2024-06-09
ORD100263,CUST1153,Noise Cancelling Headphones,5999.0,0,north,28-12-2024
ORD101289,CUST1146,Monitor 24-inch,8999.0,-1,North,12-12-2024
ORD101643,CUST1426,Webcam 1080p,2499.0,2,South,11-08-2024
ORD100169,CUST1210,Noise Cancelling Headphones,5999.0,-1,South,27/01/2024
ORD101240,CUST1108,USB-C Hub,1299.0,1,South,24/02/2024
ORD100732,CUST1070,Mechanical Keyboard,3499.0,-1,South,23-09-2024
ORD100120,CUST1260,Webcam 1080p,2499.0,0,West,2024-08-29
ORD101490,CUST1093,Portable SSD 1TB,6999.0,1,West,11-03-2024
ORD100196,CUST1306,Wireless Mouse,799.0,5,South,03/02/2024
ORD104303,CUST1241,Wireless Mouse,799.0,-1,South,2024-09-05
ORD104482,CUST1174,Portable SSD 1TB,6999.0,0,EAST,09/03/2024
ORD103628,CUST1340,Noise Cancelling Headphones,5999.0,1,North,01/12/2024
ORD104696,CUST1306,Portable SSD 1TB,6999.0,2,West,2024-04-22
ORD100127,CUST1051,Monitor 24-inch,8999.0,0,North,08-01-2024
ORD104539,CUST1206,Webcam 1080p,2499.0,3,West,23/08/2024
ORD101570,CUST1124,Noise Cancelling Headphones,5999.0,0,south,10-06-2024
ORD103480,CUST1443,USB-C Hub,1299.0,2,north,02-07-2024
ORD104211,CUST1169,Mechanical Keyboard,3499.0,1,South,10/01/2024
ORD104438,CUST1473,Laptop Stand,1999.0,0,West,15/02/2024
ORD101749,CUST1100,Monitor 24-inch,8999.0,0,North,12/02/2024
ORD100113,CUST1439,USB-C Hub,1299.0,-1,EAST,21/12/2024
ORD104425,CUST1108,Mechanical Keyboard,3499.0,-1,north,2024-01-13
ORD100791,CUST1350,Monitor 24-inch,8999.0,2,West,2024-04-24
ORD104717,CUST1254,Monitor 24-inch,8999.0,5,EAST,2024-10-21
ORD100258,CUST1283,Webcam 1080p,2499.0,-1,North,15/09/2024
ORD100645,CUST1190,Noise Cancelling Headphones,5999.0,3,West,2024-08-18
ORD103077,CUST1105,USB-C Hub,1299.0,2,North,05/05/2024
ORD100368,CUST1409,Webcam 1080p,2499.0,1,north,2024-12-10
ORD100442,CUST1271,Noise Cancelling Headphones,5999.0,2,north,2024-03-22
ORD104087,CUST1456,Portable SSD 1TB,6999.0,,south,2024-03-08
ORD100044,CUST1104,Webcam 1080p,2499.0,0,north,2024-05-08
ORD100534,CUST1038,Monitor 24-inch,8999.0,2,EAST,18/06/2024
ORD100967,CUST1411,Webcam 1080p,2499.0,5,West,12/04/2024
ORD103718,CUST1268,Monitor 24-inch,8999.0,3,South,2024-01-24
ORD104674,CUST1022,Monitor 24-inch,8999.0,1,north,15-12-2024
ORD102824,CUST1008,USB-C Hub,1299.0,-1,South,11/07/2024
ORD103468,CUST1362,Monitor 24-inch,8999.0,3,north,23-09-2024
ORD104593,CUST1439,Laptop Stand,1999.0,0,South,03-09-2024
ORD100105,CUST1359,Monitor 24-inch,8999.0,2,North,15-05-2024
ORD102313,CUST1477,Mechanical Keyboard,3499.0,1,EAST,22-07-2024
ORD100767,CUST1092,Laptop Stand,1999.0,3,South,2024-04-09
ORD102423,CUST1027,Portable SSD 1TB,6999.0,5,North,2024-11-10
ORD100563,CUST1404,Noise Cancelling Headphones,5999.0,5,North,2024-09-26
ORD102969,CUST1207,Portable SSD 1TB,6999.0,2,West,2024-01-28
ORD103808,CUST1431,Wireless Mouse,799.0,2,West,04/03/2024
ORD100992,CUST1231,Monitor 24-inch,8999.0,2,South,2024-05-13
ORD101813,CUST1400,Noise Cancelling Headphones,5999.0,1,West,2024-10-05
ORD102436,CUST1231,Mechanical Keyboard,3499.0,1,south,24-08-2024
ORD104889,CUST1395,Laptop Stand,1999.0,5,North,2024-10-23
ORD101861,CUST1202,Laptop Stand,1999.0,0,South,07-06-2024
ORD100684,CUST1405,Mechanical Keyboard,3499.0,0,south,29/04/2024
ORD101809,CUST1246,Monitor 24-inch,8999.0,2,EAST,17-11-2024
ORD100669,CUST1377,Portable SSD 1TB,6999.0,2,West,2024-05-14
ORD103697,CUST1124,Monitor 24-inch,8999.0,1,north,19-04-2024
ORD102037,CUST1351,USB-C Hub,1299.0,2,North,03/09/2024
ORD100344,CUST1137,Monitor 24-inch,8999.0,1,south,26/03/2024
ORD104547,CUST1277,Mechanical Keyboard,3499.0,1,EAST,16-07-2024
ORD104326,CUST1210,Mechanical Keyboard,3499.0,2,north,27-01-2024
ORD104447,CUST1132,Wireless Mouse,799.0,3,south,27-09-2024
ORD101342,CUST1043,Laptop Stand,1999.0,0,south,15/10/2024
ORD101318,CUST1190,Laptop Stand,1999.0,3,South,17-04-2024
ORD100951,CUST1277,Noise Cancelling Headphones,5999.0,1,north,17/01/2024
ORD104993,CUST1250,Monitor 24-inch,8999.0,1,south,2024-05-11
ORD103824,CUST1302,Portable SSD 1TB,6999.0,1,EAST,14-02-2024
ORD101391,CUST1248,Laptop Stand,1999.0,0,South,28/02/2024
ORD100165,CUST1443,Laptop Stand,1999.0,0,West,26/04/2024
ORD103402,CUST1494,Laptop Stand,1999.0,3,North,15-04-2024
ORD101204,CUST1113,Portable SSD 1TB,6999.0,5,north,03/04/2024
ORD102702,CUST1204,Laptop Stand,1999.0,0,north,02/12/2024
ORD101116,CUST1286,Monitor 24-inch,8999.0,-1,North,24-11-2024
ORD101608,CUST1010,Portable SSD 1TB,6999.0,5,North,29-06-2024
ORD101841,CUST1331,Noise Cancelling Headphones,5999.0,-1,South,2024-06-27
ORD104550,CUST1303,Laptop Stand,1999.0,-1,north,29/09/2024
ORD100097,CUST1362,USB-C Hub,1299.0,1,EAST,28-01-2024
ORD104191,CUST1446,Mechanical Keyboard,3499.0,3,North,2024-04-23
ORD102974,CUST1176,Monitor 24-inch,8999.0,1,North,2024-05-30
ORD102683,CUST1090,Wireless Mouse,799.0,2,north,21-10-2024
ORD102290,CUST1326,Laptop Stand,1999.0,5,south,2024-10-16
ORD100028,CUST1049,Portable SSD 1TB,6999.0,-1,EAST,29/07/2024
ORD103005,CUST1053,Monitor 24-inch,8999.0,1,north,2024-02-11
ORD100202,CUST1151,Mechanical Keyboard,3499.0,1,north,04/12/2024
ORD102015,CUST1455,Monitor 24-inch,8999.0,-1,South,03/07/2024
ORD103466,CUST1176,Noise Cancelling Headphones,5999.0,5,south,30-03-2024
ORD101851,CUST1074,Wireless Mouse,799.0,2,EAST,11-01-2024
ORD104504,CUST1074,Monitor 24-inch,8999.0,-1,south,24-09-2024
ORD101026,CUST1331,USB-C Hub,1299.0,1,West,28/05/2024
ORD102065,CUST1235,Noise Cancelling Headphones,5999.0,3,south,2024-11-06
ORD102033,CUST1165,Webcam 1080p,2499.0,,north,20-04-2024
ORD103201,CUST1477,Monitor 24-inch,8999.0,-1,West,2024-11-07
ORD100953,CUST1440,Webcam 1080p,2499.0,2,South,08/09/2024
ORD100255,CUST1110,Noise Cancelling Headphones,5999.0,1,North,24/05/2024
ORD101829,CUST1299,USB-C Hub,1299.0,0,South,2024-05-29
ORD102004,CUST1460,Mechanical Keyboard,3499.0,2,EAST,14/05/2024
ORD103805,CUST1110,Webcam 1080p,2499.0,3,EAST,18-04-2024
ORD101691,CUST1040,USB-C Hub,1299.0,5,North,28-12-2024
ORD101192,CUST1109,Mechanical Keyboard,3499.0,5,EAST,2024-03-29
ORD102243,CUST1420,USB-C Hub,1299.0,-1,north,22-01-2024
ORD100670,CUST1391,Webcam 1080p,2499.0,3,EAST,2024-07-30
ORD104253,CUST1363,Wireless Mouse,799.0,-1,West,05-07-2024
ORD102055,CUST1360,USB-C Hub,1299.0,1,South,08/07/2024
ORD101062,CUST1018,USB-C Hub,1299.0,1,north,19-11-2024
ORD102161,CUST1399,Monitor 24-inch,8999.0,1,north,03-09-2024
ORD100010,CUST1138,Laptop Stand,1999.0,5,South,2024-01-29
ORD101309,CUST1358,Laptop Stand,1999.0,-1,South,11/04/2024
ORD103257,CUST1387,Portable SSD 1TB,6999.0,1,West,2024-03-08
ORD101320,CUST1482,Noise Cancelling Headphones,5999.0,0,EAST,13-04-2024
ORD101832,CUST1428,Webcam 1080p,2499.0,1,EAST,2024-01-07
ORD104206,CUST1241,Laptop Stand,1999.0,2,North,21/11/2024
ORD101403,CUST1007,Noise Cancelling Headphones,5999.0,1,EAST,03/06/2024
ORD102722,CUST1439,Noise Cancelling Headphones,5999.0,1,North,2024-07-27
ORD100248,CUST1455,Webcam 1080p,2499.0,3,South,2024-09-04
ORD100304,CUST1304,Wireless Mouse,799.0,1,West,05-05-2024
ORD103192,CUST1469,Portable SSD 1TB,6999.0,3,North,2024-03-03
ORD104496,CUST1354,Webcam 1080p,2499.0,2,south,2024-05-08
ORD102137,CUST1229,USB-C Hub,1299.0,1,south,24/05/2024
ORD104322,CUST1107,USB-C Hub,1299.0,5,EAST,04/05/2024
ORD100317,CUST1238,Mechanical Keyboard,3499.0,0,South,2024-06-12
ORD104136,CUST1035,Mechanical Keyboard,3499.0,1,North,2024-06-08
ORD104449,CUST1475,Noise Cancelling Headphones,5999.0,5,South,2024-12-29
ORD101478,CUST1055,Webcam 1080p,2499.0,0,South,2024-09-26
ORD104347,CUST1053,USB-C Hub,1299.0,1,South,17-04-2024
ORD102759,CUST1417,Wireless Mouse,799.0,-1,West,13/03/2024
ORD102948,CUST1387,Webcam 1080p,2499.0,-1,South,10/05/2024
ORD101158,CUST1432,Webcam 1080p,2499.0,2,,05/10/2024
ORD100094,CUST1232,Webcam 1080p,2499.0,3,EAST,2024-04-28
ORD103510,CUST1466,USB-C Hub,1299.0,-1,north,2024-07-19
ORD102624,CUST1351,Noise Cancelling Headphones,5999.0,1,north,2024-08-10
ORD101709,CUST1130,Portable SSD 1TB,6999.0,1,North,19/11/2024
ORD102768,CUST1032,USB-C Hub,1299.0,5,south,2024-11-02
ORD103959,CUST1051,Laptop Stand,1999.0,-1,West,19/09/2024
ORD100685,CUST1387,Noise Cancelling Headphones,5999.0,2,West,11-01-2024
ORD102448,CUST1162,USB-C Hub,1299.0,3,North,08-11-2024
ORD100334,CUST1199,Noise Cancelling Headphones,5999.0,2,West,18-12-2024
ORD101401,CUST1296,Mechanical Keyboard,3499.0,2,North,06/04/2024
ORD101397,CUST1214,Monitor 24-inch,8999.0,2,West,22/12/2024
ORD100128,CUST1496,USB-C Hub,1299.0,0,North,15/05/2024
ORD104975,CUST1030,Laptop Stand,1999.0,3,south,2024-08-27
ORD103624,CUST1148,USB-C Hub,1299.0,1,North,2024-06-06
ORD103541,CUST1161,Noise Cancelling Headphones,5999.0,2,south,07/09/2024
ORD101386,CUST1349,Portable SSD 1TB,6999.0,0,north,14-05-2024
ORD102101,CUST1249,Laptop Stand,1999.0,2,North,10-08-2024
ORD103252,CUST1008,Mechanical Keyboard,3499.0,-1,South,27-06-2024
ORD101546,CUST1196,Monitor 24-inch,8999.0,2,North,15/04/2024
ORD102728,CUST1469,Noise Cancelling Headphones,5999.0,-1,north,27/06/2024
ORD100785,CUST1490,Mechanical Keyboard,3499.0,5,south,08/10/2024
ORD102620,CUST1130,Monitor 24-inch,8999.0,1,West,21-12-2024
ORD101470,CUST1498,Webcam 1080p,2499.0,2,North,2024-12-13
ORD104927,CUST1324,Mechanical Keyboard,3499.0,0,EAST,12-06-2024
ORD101111,CUST1413,Laptop Stand,1999.0,0,south,2024-07-04
ORD103370,CUST1188,Webcam 1080p,2499.0,2,South,2024-04-26
ORD103836,CUST1134,Webcam 1080p,2499.0,1,North,2024-12-10
ORD104907,CUST1105,Laptop Stand,1999.0,1,North,30-09-2024
ORD100925,CUST1357,Noise Cancelling Headphones,5999.0,5,North,2024-03-14
ORD100907,CUST1157,Wireless Mouse,799.0,2,West,16/08/2024
ORD104491,CUST1031,Noise Cancelling Headphones,5999.0,-1,south,27-07-2024
ORD103284,CUST1017,Noise Cancelling Headphones,5999.0,5,north,27-03-2024
ORD104283,CUST1172,Laptop Stand,1999.0,0,North,2024-02-13
ORD104271,CUST1343,Wireless Mouse,799.0,5,EAST,08/07/2024
ORD100217,CUST1123,Portable SSD 1TB,6999.0,1,south,25/09/2024
ORD104047,CUST1175,Webcam 1080p,2499.0,0,north,22/09/2024
ORD104745,CUST1392,USB-C Hub,1299.0,-1,West,2024-07-27
ORD101371,CUST1033,Laptop Stand,1999.0,1,north,2024-06-07
ORD101762,CUST1390,Portable SSD 1TB,6999.0,-1,North,30-06-2024
ORD104320,CUST1489,Noise Cancelling Headphones,5999.0,-1,north,28/03/2024
ORD104862,CUST1411,Webcam 1080p,2499.0,2,north,2024-03-28
ORD102837,CUST1461,Wireless Mouse,799.0,2,North,18-05-2024
ORD103828,CUST1204,Portable SSD 1TB,6999.0,2,,28-12-2024
ORD104976,CUST1487,USB-C Hub,1299.0,1,EAST,27/12/2024
ORD104918,CUST1155,USB-C Hub,1299.0,0,North,16-03-2024
ORD100915,CUST1209,Webcam 1080p,2499.0,2,West,11/10/2024
ORD104787,CUST1163,Mechanical Keyboard,3499.0,5,West,2024-08-30
ORD104429,CUST1460,Webcam 1080p,2499.0,-1,north,02-09-2024
ORD101343,CUST1245,USB-C Hub,1299.0,1,south,05-10-2024
ORD100351,CUST1303,USB-C Hub,1299.0,1,South,24-08-2024
ORD101208,CUST1495,Laptop Stand,1999.0,0,EAST,10/02/2024
ORD104446,CUST1464,Noise Cancelling Headphones,5999.0,1,North,2024-02-05
ORD101312,CUST1208,Webcam 1080p,2499.0,2,South,23/04/2024
ORD103148,CUST1086,Monitor 24-inch,8999.0,1,West,10-06-2024
ORD103693,CUST1290,Mechanical Keyboard,3499.0,0,EAST,21-04-2024
ORD104554,CUST1492,Laptop Stand,1999.0,2,south,2024-02-08
ORD102869,CUST1423,Portable SSD 1TB,6999.0,5,south,2024-12-16
ORD104596,CUST1264,Mechanical Keyboard,3499.0,1,north,2024-11-30
ORD101912,CUST1375,Monitor 24-inch,8999.0,-1,West,25/08/2024
ORD100623,CUST1370,Portable SSD 1TB,6999.0,3,West,30-12-2024
ORD102173,CUST1078,Webcam 1080p,2499.0,-1,EAST,08-02-2024
ORD101457,CUST1096,Mechanical Keyboard,3499.0,-1,EAST,25-03-2024
ORD101758,CUST1292,USB-C Hub,1299.0,2,EAST,08/04/2024
ORD104992,CUST1394,USB-C Hub,1299.0,5,,2024-03-02
ORD100204,CUST1084,Monitor 24-inch,8999.0,-1,North,05-07-2024
ORD104442,CUST1495,Portable SSD 1TB,6999.0,0,north,16-05-2024
ORD103116,CUST1214,Wireless Mouse,799.0,-1,West,07/03/2024
ORD100927,CUST1425,Laptop Stand,1999.0,1,north,01/08/2024
ORD101374,CUST1144,Portable SSD 1TB,6999.0,2,north,10/06/2024
ORD104958,CUST1396,Portable SSD 1TB,6999.0,1,North,2024-07-28
ORD101464,CUST1056,Laptop Stand,1999.0,1,North,19-01-2024
ORD100934,CUST1046,USB-C Hub,1299.0,3,South,23/10/2024
ORD102318,CUST1342,Noise Cancelling Headphones,5999.0,0,south,10-09-2024
ORD101655,CUST1481,Portable SSD 1TB,6999.0,1,West,2024-02-03
ORD100079,CUST1026,Noise Cancelling Headphones,5999.0,1,south,2024-11-29
ORD101944,CUST1198,Noise Cancelling Headphones,5999.0,2,South,2024-08-31
ORD100381,CUST1487,Mechanical Keyboard,3499.0,-1,south,31/01/2024
ORD100436,CUST1221,Portable SSD 1TB,6999.0,1,West,14-07-2024
ORD102084,CUST1045,Portable SSD 1TB,6999.0,5,EAST,27/04/2024
ORD100271,CUST1279,Noise Cancelling Headphones,5999.0,3,South,08/11/2024
ORD101526,CUST1479,Webcam 1080p,2499.0,1,South,17/01/2024
ORD101152,CUST1292,USB-C Hub,1299.0,3,EAST,2024-10-08
ORD103953,CUST1443,USB-C Hub,1299.0,1,West,25-02-2024
ORD101092,CUST1393,Mechanical Keyboard,3499.0,3,south,27-07-2024
ORD100088,CUST1165,Laptop Stand,1999.0,3,North,2024-08-18
ORD103704,CUST1001,Mechanical Keyboard,3499.0,2,south,2024-07-04
ORD100479,CUST1121,Wireless Mouse,799.0,0,,17/05/2024
ORD103810,CUST1482,Portable SSD 1TB,6999.0,5,West,2024-12-22
ORD100930,CUST1438,USB-C Hub,1299.0,2,South,2024-06-06
ORD100944,CUST1202,Portable SSD 1TB,6999.0,1,South,2024-03-27
ORD103566,CUST1387,Wireless Mouse,799.0,3,EAST,2024-11-22
ORD102494,CUST1064,Mechanical Keyboard,3499.0,3,north,16/06/2024
ORD104037,CUST1037,USB-C Hub,1299.0,1,North,2024-10-14
ORD100704,CUST1145,Wireless Mouse,799.0,2,north,2024-06-03
ORD104458,CUST1335,Noise Cancelling Headphones,5999.0,-1,West,08-02-2024
ORD100595,CUST1032,Webcam 1080p,2499.0,2,EAST,22-01-2024
ORD103053,CUST1441,Wireless Mouse,799.0,3,south,2024-03-16
ORD100931,CUST1217,Mechanical Keyboard,3499.0,1,North,04/09/2024
ORD103940,CUST1186,Laptop Stand,1999.0,-1,South,15/08/2024
ORD104180,CUST1238,Laptop Stand,1999.0,-1,South,04/07/2024
ORD101791,CUST1057,Monitor 24-inch,8999.0,1,North,13/07/2024
ORD102106,CUST1334,Portable SSD 1TB,6999.0,3,North,30-06-2024
ORD101953,CUST1291,Webcam 1080p,2499.0,5,South,18/08/2024
ORD101415,CUST1199,USB-C Hub,1299.0,5,West,2024-09-21
ORD104368,CUST1212,Monitor 24-inch,8999.0,1,north,03-07-2024
ORD101426,CUST1314,Wireless Mouse,799.0,3,south,2024-03-03
ORD101741,CUST1142,Mechanical Keyboard,3499.0,2,South,01/07/2024
ORD102807,CUST1376,Wireless Mouse,799.0,2,North,09/08/2024
ORD103081,CUST1448,USB-C Hub,1299.0,2,EAST,2024-07-20
ORD103792,CUST1454,Portable SSD 1TB,6999.0,5,north,10/01/2024
ORD100648,CUST1434,Noise Cancelling Headphones,5999.0,3,West,08-05-2024
ORD100861,CUST1354,USB-C Hub,1299.0,2,south,23/11/2024
ORD100046,CUST1226,Portable SSD 1TB,6999.0,1,north,2024-02-27
ORD100063,CUST1047,Laptop Stand,1999.0,3,South,2024-04-25
ORD100112,CUST1416,Monitor 24-inch,8999.0,0,North,27/06/2024
ORD103267,CUST1496,Laptop Stand,1999.0,0,South,30-08-2024
ORD102623,CUST1087,Mechanical Keyboard,3499.0,1,EAST,24-09-2024
ORD103980,CUST1435,Mechanical Keyboard,3499.0,3,West,22/06/2024
ORD103739,CUST1259,Mechanical Keyboard,3499.0,2,North,26-09-2024
ORD100800,CUST1253,Wireless Mouse,799.0,2,North,12-03-2024
ORD102006,CUST1120,Monitor 24-inch,8999.0,3,north,2024-05-18
ORD100148,CUST1167,Laptop Stand,1999.0,1,South,21/11/2024
ORD102848,CUST1462,Portable SSD 1TB,6999.0,2,EAST,2024-06-03
ORD104708,CUST1258,Noise Cancelling Headphones,5999.0,5,south,05-07-2024
ORD100920,CUST1246,Portable SSD 1TB,6999.0,0,EAST,2024-12-21
ORD100286,CUST1423,Portable SSD 1TB,6999.0,5,north,14/02/2024
ORD101534,CUST1224,Mechanical Keyboard,3499.0,5,north,2024-06-29
ORD103964,CUST1374,Wireless Mouse,799.0,0,West,2024-08-10
ORD103493,CUST1294,Wireless Mouse,799.0,5,EAST,09/10/2024
ORD101001,CUST1043,Wireless Mouse,799.0,2,West,14-06-2024
ORD102002,CUST1195,USB-C Hub,1299.0,1,North,2024-07-07
ORD101503,CUST1243,Monitor 24-inch,8999.0,3,EAST,2024-12-07
ORD100372,CUST1027,Noise Cancelling Headphones,5999.0,0,North,2024-03-10
ORD103973,CUST1442,Noise Cancelling Headphones,5999.0,1,north,06/04/2024
ORD101375,CUST1359,Mechanical Keyboard,3499.0,-1,EAST,2024-09-14
ORD100651,CUST1176,Wireless Mouse,799.0,1,West,28-06-2024
ORD101453,CUST1331,Laptop Stand,1999.0,,South,08/02/2024
ORD104350,CUST1166,Webcam 1080p,2499.0,1,North,25-03-2024
ORD102384,CUST1361,Mechanical Keyboard,3499.0,0,South,2024-03-31
ORD100545,CUST1255,Wireless Mouse,799.0,1,north,10/10/2024
ORD101776,CUST1275,Monitor 24-inch,8999.0,5,EAST,2024-11-20
ORD103235,CUST1009,Noise Cancelling Headphones,5999.0,0,south,2024-12-13
ORD104564,CUST1358,Mechanical Keyboard,3499.0,-1,North,2024-11-20
ORD101596,CUST1375,Monitor 24-inch,8999.0,2,EAST,11-04-2024
ORD104512,CUST1270,Noise Cancelling Headphones,5999.0,3,south,16/03/2024
ORD101771,CUST1285,Webcam 1080p,2499.0,1,South,2024-03-12
ORD101244,CUST1376,Portable SSD 1TB,6999.0,-1,South,2024-04-29
ORD102980,CUST1102,USB-C Hub,1299.0,-1,north,05/02/2024
ORD100814,CUST1072,Webcam 1080p,2499.0,1,West,24-09-2024
ORD101969,CUST1127,Monitor 24-inch,8999.0,0,north,10/01/2024
ORD101255,CUST1200,Mechanical Keyboard,3499.0,3,north,24-05-2024
ORD100048,CUST1477,Wireless Mouse,799.0,2,EAST,2024-12-15
ORD100254,CUST1255,Webcam 1080p,2499.0,1,West,16/02/2024
ORD101477,CUST1356,Portable SSD 1TB,6999.0,2,EAST,2024-02-15
ORD103006,CUST1006,Laptop Stand,1999.0,0,EAST,2024-02-29
ORD104105,CUST1407,Noise Cancelling Headphones,5999.0,2,West,2024-06-04
ORD100784,CUST1163,Monitor 24-inch,8999.0,1,South,2024-05-19
ORD101761,CUST1181,Noise Cancelling Headphones,5999.0,3,West,05-08-2024
ORD103158,CUST1013,Portable SSD 1TB,6999.0,2,north,02-02-2024
ORD100628,CUST1371,Noise Cancelling Headphones,5999.0,3,EAST,25-04-2024
ORD104480,CUST1355,Portable SSD 1TB,6999.0,3,West,03/10/2024
ORD101310,CUST1358,USB-C Hub,1299.0,2,south,2024-04-27
ORD101292,CUST1450,Wireless Mouse,799.0,0,north,27-03-2024
ORD100745,CUST1304,Wireless Mouse,799.0,1,north,19/08/2024
ORD100019,CUST1327,Laptop Stand,1999.0,5,south,23-03-2024
ORD102029,CUST1179,Wireless Mouse,799.0,0,EAST,15-07-2024
ORD104045,CUST1487,Monitor 24-inch,8999.0,0,South,30-04-2024
ORD104046,CUST1245,USB-C Hub,1299.0,3,EAST,07-04-2024
ORD101666,CUST1137,Mechanical Keyboard,3499.0,2,north,2024-05-12
ORD101107,CUST1333,Mechanical Keyboard,3499.0,1,north,09/12/2024
ORD100558,CUST1399,Monitor 24-inch,8999.0,5,south,28-10-2024
ORD103447,CUST1115,Laptop Stand,1999.0,3,EAST,20/04/2024
ORD103841,CUST1107,Noise Cancelling Headphones,5999.0,2,South,2024-12-21
ORD102194,CUST1439,Laptop Stand,1999.0,,West,20/05/2024
ORD101561,CUST1120,Noise Cancelling Headphones,5999.0,1,North,16/09/2024
ORD103236,CUST1186,Webcam 1080p,2499.0,0,EAST,2024-12-23
ORD100993,CUST1409,Webcam 1080p,2499.0,1,south,31/07/2024
ORD101717,CUST1422,Monitor 24-inch,8999.0,2,,23/07/2024
ORD102028,CUST1317,Monitor 24-inch,8999.0,1,South,13/12/2024
ORD100831,CUST1160,Wireless Mouse,799.0,1,South,2024-02-04
ORD101927,CUST1185,Monitor 24-inch,8999.0,2,north,2024-08-17
ORD101866,CUST1175,USB-C Hub,1299.0,3,North,2024-06-30
ORD100385,CUST1449,Noise Cancelling Headphones,5999.0,0,,16-06-2024
ORD104941,CUST1240,Mechanical Keyboard,3499.0,1,North,01-03-2024
ORD102455,CUST1071,Wireless Mouse,799.0,0,south,27-01-2024
ORD101880,CUST1149,Portable SSD 1TB,6999.0,-1,West,2024-07-12
ORD100710,CUST1399,Wireless Mouse,799.0,5,EAST,10/08/2024
ORD104709,CUST1270,Mechanical Keyboard,3499.0,5,EAST,2024-10-29
ORD102654,CUST1349,Portable SSD 1TB,6999.0,2,EAST,12-04-2024
ORD104341,CUST1403,Noise Cancelling Headphones,5999.0,1,West,05/02/2024
ORD104260,CUST1174,USB-C Hub,1299.0,5,north,2024-12-15
ORD100683,CUST1351,Noise Cancelling Headphones,5999.0,1,South,31/01/2024
ORD102950,CUST1256,Webcam 1080p,2499.0,0,EAST,2024-05-12
ORD104840,CUST1423,Monitor 24-inch,8999.0,5,North,2024-06-15
ORD100155,CUST1010,Wireless Mouse,799.0,2,EAST,05-03-2024
ORD102087,CUST1047,Wireless Mouse,799.0,1,EAST,25/09/2024
ORD102052,CUST1202,Wireless Mouse,799.0,5,south,19/07/2024
ORD102226,CUST1046,Mechanical Keyboard,3499.0,2,South,2024-01-28
ORD101387,CUST1029,Laptop Stand,1999.0,1,South,2024-03-20
ORD103857,CUST1316,Mechanical Keyboard,3499.0,-1,North,23-02-2024
ORD104274,CUST1439,Laptop Stand,1999.0,1,north,14-05-2024
ORD104259,CUST1366,Noise Cancelling Headphones,5999.0,1,EAST,2024-04-30
ORD103163,CUST1330,Wireless Mouse,799.0,-1,North,29/11/2024
ORD104113,CUST1106,Monitor 24-inch,8999.0,0,West,01-05-2024
ORD101382,CUST1034,Webcam 1080p,2499.0,5,north,2024-06-29
ORD103242,CUST1003,Laptop Stand,1999.0,-1,West,25/01/2024
ORD104204,CUST1489,Laptop Stand,1999.0,2,North,2024-10-22
ORD103100,CUST1181,Mechanical Keyboard,3499.0,1,EAST,25/03/2024
ORD100394,CUST1227,Wireless Mouse,799.0,5,North,02/03/2024
ORD104381,CUST1195,Noise Cancelling Headphones,5999.0,-1,north,03-12-2024
ORD103164,CUST1370,USB-C Hub,1299.0,1,South,2024-06-17
ORD102443,CUST1425,USB-C Hub,1299.0,0,South,2024-01-10
ORD100820,CUST1142,Webcam 1080p,2499.0,3,,20/05/2024
ORD102895,CUST1153,Laptop Stand,1999.0,0,South,15/04/2024
ORD104762,CUST1409,Webcam 1080p,2499.0,1,south,01/02/2024
ORD100863,CUST1045,Webcam 1080p,2499.0,-1,EAST,03-01-2024
ORD103258,CUST1187,Noise Cancelling Headphones,5999.0,1,North,2024-07-10
ORD103409,CUST1171,Noise Cancelling Headphones,5999.0,1,South,11/12/2024
ORD103526,CUST1174,Wireless Mouse,799.0,2,EAST,03/12/2024
ORD104545,CUST1441,Wireless Mouse,799.0,,south,2024-09-03
ORD102075,CUST1235,USB-C Hub,1299.0,2,,2024-05-23
ORD101973,CUST1422,Monitor 24-inch,8999.0,2,north,19/05/2024
ORD101576,CUST1283,Monitor 24-inch,8999.0,1,South,2024-03-05
ORD101448,CUST1056,Wireless Mouse,799.0,1,EAST,15/05/2024
ORD104856,CUST1043,USB-C Hub,1299.0,2,North,25/03/2024
ORD103749,CUST1425,Webcam 1080p,2499.0,-1,West,2024-04-01
ORD100449,CUST1300,Mechanical Keyboard,3499.0,3,EAST,2024-06-14
ORD103879,CUST1148,Webcam 1080p,2499.0,1,North,12/05/2024
ORD101356,CUST1297,Portable SSD 1TB,6999.0,,north,2024-12-25
ORD103382,CUST1212,Portable SSD 1TB,6999.0,0,West,04-03-2024
ORD102491,CUST1029,Monitor 24-inch,8999.0,2,EAST,22/12/2024
ORD102007,CUST1374,USB-C Hub,1299.0,1,south,22-07-2024
ORD104664,CUST1395,Monitor 24-inch,8999.0,1,north,2024-07-10
ORD104723,CUST1175,Wireless Mouse,799.0,0,south,08/08/2024
ORD103669,CUST1222,Portable SSD 1TB,6999.0,5,south,26-02-2024
ORD102682,CUST1101,Portable SSD 1TB,6999.0,5,north,28-06-2024
ORD104393,CUST1102,Portable SSD 1TB,6999.0,3,south,2024-11-25
ORD101726,CUST1125,Monitor 24-inch,8999.0,1,South,04-01-2024
ORD101198,CUST1379,Laptop Stand,1999.0,1,north,2024-04-29
ORD103115,CUST1248,Wireless Mouse,799.0,-1,EAST,23/05/2024
ORD103088,CUST1359,Laptop Stand,1999.0,0,North,2024-07-09
ORD101510,CUST1337,USB-C Hub,1299.0,3,north,07-03-2024
ORD103905,CUST1382,Portable SSD 1TB,6999.0,2,South,2024-09-10
ORD101353,CUST1046,Noise Cancelling Headphones,5999.0,2,south,16/07/2024
ORD103499,CUST1114,Portable SSD 1TB,6999.0,1,South,02-06-2024
ORD104465,CUST1142,Mechanical Keyboard,3499.0,1,South,06-09-2024
ORD104558,CUST1034,USB-C Hub,1299.0,2,West,17-01-2024
ORD102747,CUST1127,Laptop Stand,1999.0,0,EAST,2024-05-29
ORD104764,CUST1025,Laptop Stand,1999.0,1,EAST,19-11-2024
ORD104336,CUST1132,Monitor 24-inch,8999.0,1,,30/04/2024
ORD100134,CUST1040,Portable SSD 1TB,6999.0,2,north,11-09-2024
ORD102916,CUST1389,Mechanical Keyboard,3499.0,0,north,15-04-2024
ORD101300,CUST1393,Webcam 1080p,2499.0,0,south,21/07/2024
ORD104141,CUST1390,Portable SSD 1TB,6999.0,5,EAST,2024-08-30
ORD103346,CUST1077,Laptop Stand,1999.0,-1,north,2024-12-14
ORD104243,CUST1382,Laptop Stand,1999.0,0,South,22-10-2024
ORD101723,CUST1089,Monitor 24-inch,8999.0,2,South,2024-06-14
ORD102533,CUST1104,Laptop Stand,1999.0,0,north,24-03-2024
ORD100794,CUST1433,USB-C Hub,1299.0,5,EAST,05-11-2024
ORD103534,CUST1125,Monitor 24-inch,8999.0,2,EAST,18-10-2024
ORD101818,CUST1085,Noise Cancelling Headphones,5999.0,1,south,2024-12-14
ORD102528,CUST1401,Mechanical Keyboard,3499.0,5,North,03-05-2024
ORD103090,CUST1204,Webcam 1080p,2499.0,1,,13-03-2024
ORD103212,CUST1281,Wireless Mouse,799.0,0,EAST,2024-08-08
ORD103530,CUST1197,Monitor 24-inch,8999.0,-1,South,14/04/2024
ORD103270,CUST1245,Laptop Stand,1999.0,2,South,17-04-2024
ORD102485,CUST1275,Wireless Mouse,799.0,1,north,24/07/2024
ORD102545,CUST1221,Portable SSD 1TB,6999.0,3,,2024-02-17
ORD101276,CUST1073,Laptop Stand,1999.0,3,North,20-11-2024
ORD104143,CUST1109,Monitor 24-inch,8999.0,3,EAST,12-11-2024
ORD103590,CUST1074,Mechanical Keyboard,3499.0,2,North,2024-05-22
ORD100412,CUST1499,Mechanical Keyboard,3499.0,0,West,18/09/2024
ORD100196,CUST1306,Wireless Mouse,799.0,5,South,03/02/2024
ORD103751,CUST1306,Webcam 1080p,2499.0,3,EAST,2024-02-20
ORD103300,CUST1332,Monitor 24-inch,8999.0,5,North,02-12-2024
ORD104086,CUST1381,Portable SSD 1TB,6999.0,1,south,09-12-2024
ORD102408,CUST1107,Monitor 24-inch,8999.0,1,North,15/03/2024
ORD101740,CUST1247,Portable SSD 1TB,6999.0,1,North,2024-06-24
ORD103832,CUST1348,Laptop Stand,1999.0,-1,north,2024-03-30
ORD100445,CUST1072,Laptop Stand,1999.0,3,West,30/03/2024
ORD101623,CUST1172,USB-C Hub,1299.0,5,North,18-12-2024
ORD102690,CUST1391,USB-C Hub,1299.0,-1,,2024-01-20
ORD103543,CUST1301,Portable SSD 1TB,6999.0,2,south,22-05-2024
ORD103775,CUST1096,Webcam 1080p,2499.0,2,West,13/04/2024
ORD100209,CUST1264,Mechanical Keyboard,3499.0,1,EAST,23/03/2024
ORD102132,CUST1428,Mechanical Keyboard,3499.0,3,north,2024-03-11
ORD101090,CUST1011,Noise Cancelling Headphones,5999.0,2,West,2024-07-31
ORD104902,CUST1431,Monitor 24-inch,8999.0,2,North,2024-12-13
ORD102503,CUST1217,USB-C Hub,1299.0,1,south,2024-03-30
ORD100712,CUST1021,Noise Cancelling Headphones,5999.0,2,north,16-06-2024
ORD100269,CUST1396,Monitor 24-inch,8999.0,1,South,2024-12-27
ORD103025,CUST1416,Webcam 1080p,2499.0,3,south,18-04-2024
ORD101361,CUST1037,Monitor 24-inch,8999.0,2,north,2024-01-16
ORD101251,CUST1434,Monitor 24-inch,8999.0,2,South,10/09/2024
ORD101558,CUST1116,USB-C Hub,1299.0,1,south,2024-04-29
ORD102550,CUST1273,Portable SSD 1TB,6999.0,-1,south,06/11/2024
ORD101217,CUST1124,Monitor 24-inch,8999.0,5,North,19-11-2024
ORD104861,CUST1372,Monitor 24-inch,8999.0,2,north,2024-10-16
ORD101640,CUST1039,Wireless Mouse,799.0,0,south,05-08-2024
ORD100132,CUST1355,Webcam 1080p,2499.0,1,North,2024-06-15
ORD104988,CUST1272,USB-C Hub,1299.0,0,North,28/11/2024
ORD101169,CUST1197,Webcam 1080p,2499.0,2,south,29-05-2024
ORD101465,CUST1051,Webcam 1080p,2499.0,-1,south,19/07/2024
ORD101271,CUST1463,Webcam 1080p,2499.0,0,South,12-03-2024
ORD103986,CUST1465,Portable SSD 1TB,6999.0,5,North,17/02/2024
ORD104632,CUST1092,Mechanical Keyboard,3499.0,-1,North,30/04/2024
ORD100634,CUST1134,Laptop Stand,1999.0,1,EAST,23-07-2024
ORD100024,CUST1191,Monitor 24-inch,8999.0,0,north,2024-03-02
ORD103865,CUST1136,Noise Cancelling Headphones,5999.0,0,north,06/03/2024
ORD101514,CUST1128,Mechanical Keyboard,3499.0,1,North,14/08/2024
ORD100470,CUST1451,Laptop Stand,1999.0,3,West,10/02/2024
ORD101753,CUST1263,Webcam 1080p,2499.0,3,South,15-05-2024
ORD102514,CUST1285,Laptop Stand,1999.0,5,north,09/05/2024
ORD103519,CUST1297,Noise Cancelling Headphones,5999.0,1,West,2024-07-11
ORD101179,CUST1188,Mechanical Keyboard,3499.0,5,North,28/07/2024
ORD102332,CUST1347,Noise Cancelling Headphones,5999.0,5,North,03/10/2024
ORD100574,CUST1132,Portable SSD 1TB,6999.0,,West,18/11/2024
ORD102236,CUST1322,Wireless Mouse,799.0,2,South,29/06/2024
ORD100369,CUST1059,USB-C Hub,1299.0,2,EAST,18/09/2024
ORD103385,CUST1137,Wireless Mouse,799.0,2,North,12/08/2024
ORD103248,CUST1187,Laptop Stand,1999.0,2,North,2024-07-19
ORD103970,CUST1205,Wireless Mouse,799.0,2,,07-11-2024
ORD101882,CUST1394,Wireless Mouse,799.0,1,north,2024-04-06
ORD101068,CUST1174,USB-C Hub,1299.0,1,North,03-10-2024
ORD103712,CUST1190,Mechanical Keyboard,3499.0,1,North,14/11/2024
ORD101621,CUST1073,Mechanical Keyboard,3499.0,2,North,16/04/2024
ORD103016,CUST1428,Laptop Stand,1999.0,0,North,02-08-2024
ORD103931,CUST1099,Portable SSD 1TB,6999.0,2,south,19-04-2024
ORD102892,CUST1005,Laptop Stand,1999.0,2,north,20/10/2024
ORD102773,CUST1212,Wireless Mouse,799.0,1,South,2024-08-20
ORD102175,CUST1445,USB-C Hub,1299.0,1,north,2024-07-04
ORD100758,CUST1209,Monitor 24-inch,8999.0,1,North,05-05-2024
ORD102671,CUST1373,Monitor 24-inch,8999.0,3,North,2024-06-11
ORD101047,CUST1344,Noise Cancelling Headphones,5999.0,2,West,2024-11-14
ORD101507,CUST1004,USB-C Hub,1299.0,2,EAST,27-06-2024
ORD101308,CUST1126,USB-C Hub,1299.0,2,South,07/05/2024
ORD100071,CUST1163,Mechanical Keyboard,3499.0,2,south,28/04/2024
ORD100723,CUST1279,Webcam 1080p,2499.0,0,north,14-11-2024
ORD104652,CUST1348,Noise Cancelling Headphones,5999.0,1,EAST,26-08-2024
ORD102099,CUST1439,Monitor 24-inch,8999.0,1,south,2024-04-15
ORD104225,CUST1168,USB-C Hub,1299.0,5,South,2024-07-09
ORD102228,CUST1069,Wireless Mouse,799.0,2,north,2024-10-02
ORD103237,CUST1347,USB-C Hub,1299.0,2,South,10/02/2024
ORD101493,CUST1297,Noise Cancelling Headphones,5999.0,3,south,28/01/2024
ORD104806,CUST1006,Monitor 24-inch,8999.0,5,north,2024-08-05
ORD102578,CUST1242,Laptop Stand,1999.0,1,EAST,19-04-2024
ORD103667,CUST1371,Mechanical Keyboard,3499.0,2,North,02-05-2024
ORD101793,CUST1043,Portable SSD 1TB,6999.0,1,West,20-05-2024
ORD101873,CUST1361,USB-C Hub,1299.0,2,north,2024-08-15
ORD100342,CUST1401,Noise Cancelling Headphones,5999.0,1,West,29/05/2024
ORD100103,CUST1320,Laptop Stand,1999.0,1,EAST,2024-03-21
ORD103373,CUST1241,Webcam 1080p,2499.0,2,West,03/03/2024
ORD102680,CUST1061,Portable SSD 1TB,6999.0,3,North,26-04-2024
ORD103345,CUST1226,Portable SSD 1TB,6999.0,1,south,2024-03-20
ORD102956,CUST1086,Mechanical Keyboard,3499.0,2,south,08-09-2024
ORD102940,CUST1500,USB-C Hub,1299.0,3,south,2024-05-30
ORD103167,CUST1459,Mechanical Keyboard,3499.0,2,West,2024-07-24
ORD103243,CUST1121,Wireless Mouse,799.0,-1,West,02/05/2024
ORD104093,CUST1425,Mechanical Keyboard,3499.0,2,north,20/01/2024
ORD100886,CUST1484,Noise Cancelling Headphones,5999.0,1,North,15/07/2024
ORD103001,CUST1051,Wireless Mouse,799.0,1,south,23/03/2024
ORD104216,CUST1413,Laptop Stand,1999.0,1,north,10-08-2024
ORD100556,CUST1407,Webcam 1080p,2499.0,1,South,14/07/2024
ORD102568,CUST1418,USB-C Hub,1299.0,3,south,2024-08-19
ORD101671,CUST1294,Portable SSD 1TB,6999.0,-1,South,2024-08-30
ORD104879,CUST1333,Monitor 24-inch,8999.0,-1,South,28/12/2024
ORD102560,CUST1223,Webcam 1080p,2499.0,2,south,13-03-2024
ORD103813,CUST1383,Monitor 24-inch,8999.0,1,EAST,02/05/2024
ORD100991,CUST1056,USB-C Hub,1299.0,2,south,31-10-2024
ORD102727,CUST1211,Laptop Stand,1999.0,3,West,2024-04-30
ORD101644,CUST1128,Mechanical Keyboard,3499.0,-1,north,29/11/2024
ORD103365,CUST1294,Webcam 1080p,2499.0,2,North,04-08-2024
ORD104926,CUST1015,Monitor 24-inch,8999.0,-1,north,08-06-2024
ORD102737,CUST1022,Monitor 24-inch,8999.0,3,EAST,22/09/2024
ORD100532,CUST1221,Laptop Stand,1999.0,5,West,05-12-2024
ORD102335,CUST1273,Webcam 1080p,2499.0,-1,south,15-11-2024
ORD104328,CUST1135,USB-C Hub,1299.0,0,,2024-12-05
ORD104486,CUST1115,Wireless Mouse,799.0,2,south,18-07-2024
ORD103649,CUST1492,Noise Cancelling Headphones,5999.0,0,West,2024-05-10
ORD103101,CUST1148,Portable SSD 1TB,6999.0,1,EAST,23/09/2024
ORD102351,CUST1349,Webcam 1080p,2499.0,2,West,09-04-2024
ORD101505,CUST1075,Wireless Mouse,799.0,0,EAST,02-03-2024
ORD101804,CUST1412,USB-C Hub,1299.0,1,south,18-02-2024
ORD102577,CUST1059,Portable SSD 1TB,6999.0,1,South,15-11-2024
ORD103450,CUST1037,Webcam 1080p,2499.0,1,,23/02/2024
ORD102246,CUST1475,Mechanical Keyboard,3499.0,3,West,2024-09-27
ORD102369,CUST1230,Monitor 24-inch,8999.0,3,EAST,2024-03-26
ORD101976,CUST1005,Webcam 1080p,2499.0,2,,14/03/2024
ORD100227,CUST1421,USB-C Hub,1299.0,3,north,2024-06-13
ORD103788,CUST1041,Wireless Mouse,799.0,3,south,2024-08-17
ORD102531,CUST1428,Monitor 24-inch,8999.0,3,North,18-08-2024
ORD101357,CUST1435,Wireless Mouse,799.0,0,EAST,2024-03-09
ORD103927,CUST1239,Laptop Stand,1999.0,5,north,2024-03-18
ORD100987,CUST1041,Monitor 24-inch,8999.0,-1,West,19-06-2024
ORD103384,CUST1142,USB-C Hub,1299.0,2,North,2024-03-06
ORD103028,CUST1038,Wireless Mouse,799.0,2,EAST,2024-01-24
ORD103297,CUST1379,USB-C Hub,1299.0,2,south,29-10-2024
ORD102323,CUST1237,Monitor 24-inch,8999.0,2,,2024-04-05
ORD102709,CUST1069,Mechanical Keyboard,3499.0,3,south,2024-02-07
ORD104514,CUST1346,Portable SSD 1TB,6999.0,3,south,10/11/2024
ORD103898,CUST1472,Webcam 1080p,2499.0,2,south,25/09/2024
ORD103474,CUST1140,Mechanical Keyboard,3499.0,1,south,12-07-2024
ORD104214,CUST1123,Noise Cancelling Headphones,5999.0,2,North,30-11-2024
ORD102802,CUST1072,Portable SSD 1TB,6999.0,2,south,2024-02-08
ORD101151,CUST1458,Laptop Stand,1999.0,2,West,2024-07-21
ORD101734,CUST1075,Webcam 1080p,2499.0,2,North,08-07-2024
ORD103465,CUST1305,Portable SSD 1TB,6999.0,2,South,2024-07-17
ORD100491,CUST1129,Webcam 1080p,2499.0,3,South,04/08/2024
ORD104572,CUST1304,Laptop Stand,1999.0,5,South,19-10-2024
ORD100357,CUST1382,Laptop Stand,1999.0,5,West,19/07/2024
ORD100116,CUST1387,Monitor 24-inch,8999.0,0,South,2024-01-27
ORD100323,CUST1070,Laptop Stand,1999.0,2,North,2024-01-05
ORD101786,CUST1470,Laptop Stand,1999.0,1,EAST,11/03/2024
ORD103048,CUST1171,Noise Cancelling Headphones,5999.0,3,south,04/01/2024
ORD104427,CUST1250,Laptop Stand,1999.0,2,West,2024-03-15
ORD101543,CUST1371,USB-C Hub,1299.0,2,North,23/12/2024
ORD101788,CUST1105,Portable SSD 1TB,6999.0,1,north,2024-02-17
ORD104528,CUST1495,Laptop Stand,1999.0,0,north,2024-10-08
ORD100871,CUST1445,Laptop Stand,1999.0,2,West,07/02/2024
ORD103951,CUST1135,Mechanical Keyboard,3499.0,-1,south,07-08-2024
ORD102618,CUST1216,Webcam 1080p,2499.0,-1,south,2024-01-24
ORD104467,CUST1041,Mechanical Keyboard,3499.0,2,north,31-01-2024
ORD103653,CUST1438,Laptop Stand,1999.0,5,South,01-12-2024
ORD104155,CUST1476,Mechanical Keyboard,3499.0,1,West,20-10-2024
ORD100384,CUST1231,Mechanical Keyboard,3499.0,1,South,25-07-2024
ORD104166,CUST1479,Wireless Mouse,799.0,1,West,06/07/2024
ORD103783,CUST1240,Portable SSD 1TB,6999.0,1,EAST,12/05/2024
ORD101287,CUST1472,Laptop Stand,1999.0,1,EAST,05/06/2024
ORD102614,CUST1125,Wireless Mouse,799.0,-1,South,18/09/2024
ORD101957,CUST1214,Wireless Mouse,799.0,5,south,14-07-2024
ORD104896,CUST1189,Noise Cancelling Headphones,5999.0,1,EAST,2024-04-10
ORD103260,CUST1225,Wireless Mouse,799.0,2,EAST,01/04/2024
ORD103616,CUST1158,Wireless Mouse,799.0,2,south,20-06-2024
ORD101352,CUST1402,Monitor 24-inch,8999.0,1,North,22/10/2024
ORD101230,CUST1308,Webcam 1080p,2499.0,0,West,21-06-2024
ORD103796,CUST1410,Monitor 24-inch,8999.0,3,North,2024-01-18
ORD100461,CUST1310,Portable SSD 1TB,6999.0,1,south,21/02/2024
ORD100061,CUST1107,Portable SSD 1TB,6999.0,5,north,26/08/2024
ORD101280,CUST1005,Mechanical Keyboard,3499.0,2,West,2024-07-12
ORD101207,CUST1101,Laptop Stand,1999.0,2,West,2024-11-06
ORD102071,CUST1005,Mechanical Keyboard,3499.0,3,EAST,25/05/2024
ORD100761,CUST1091,USB-C Hub,1299.0,3,South,08-11-2024
ORD103427,CUST1226,Webcam 1080p,2499.0,-1,West,11-06-2024
ORD101313,CUST1218,Wireless Mouse,799.0,1,EAST,17/05/2024
ORD101722,CUST1334,Portable SSD 1TB,6999.0,2,north,23/03/2024
ORD102056,CUST1413,Noise Cancelling Headphones,5999.0,5,EAST,06/06/2024
ORD102376,CUST1349,Mechanical Keyboard,3499.0,3,EAST,25-05-2024
ORD102187,CUST1000,Mechanical Keyboard,3499.0,2,West,09-05-2024
ORD103213,CUST1212,USB-C Hub,1299.0,5,south,2024-02-03
ORD101766,CUST1370,Monitor 24-inch,8999.0,0,South,24-01-2024
ORD102057,CUST1446,USB-C Hub,1299.0,5,West,16-02-2024
ORD101100,CUST1000,Wireless Mouse,799.0,3,West,02/11/2024
ORD104667,CUST1113,Monitor 24-inch,8999.0,1,south,2024-05-20
ORD102059,CUST1474,Noise Cancelling Headphones,5999.0,2,south,27/06/2024
ORD102261,CUST1161,Mechanical Keyboard,3499.0,2,West,2024-03-13
ORD100031,CUST1226,Mechanical Keyboard,3499.0,1,North,2024-02-17
ORD100375,CUST1399,Monitor 24-inch,8999.0,0,north,08-10-2024
ORD100727,CUST1260,Mechanical Keyboard,3499.0,0,EAST,01-11-2024
ORD102664,CUST1165,Noise Cancelling Headphones,5999.0,-1,north,22/07/2024
ORD103207,CUST1435,Portable SSD 1TB,6999.0,1,North,27/01/2024
ORD100275,CUST1177,Monitor 24-inch,8999.0,3,South,2024-09-02
ORD101452,CUST1047,Webcam 1080p,2499.0,1,EAST,29-06-2024
ORD101531,CUST1332,Noise Cancelling Headphones,5999.0,0,,2024-06-04
ORD103452,CUST1466,Wireless Mouse,799.0,-1,south,2024-08-01
ORD100733,CUST1116,Portable SSD 1TB,6999.0,2,south,06/08/2024
ORD100690,CUST1317,Laptop Stand,1999.0,1,EAST,03-12-2024
ORD101480,CUST1359,Noise Cancelling Headphones,5999.0,1,north,09/08/2024
ORD102357,CUST1286,Noise Cancelling Headphones,5999.0,5,North,06-09-2024
ORD100717,CUST1124,Mechanical Keyboard,3499.0,-1,EAST,14-06-2024
ORD103784,CUST1103,Wireless Mouse,799.0,5,North,2024-05-20
ORD102580,CUST1093,Mechanical Keyboard,3499.0,3,West,19-04-2024
ORD102970,CUST1451,Wireless Mouse,799.0,1,south,18-12-2024
ORD101985,CUST1252,Portable SSD 1TB,6999.0,1,north,25/09/2024
ORD102839,CUST1417,Laptop Stand,1999.0,0,north,14-05-2024
ORD103617,CUST1278,USB-C Hub,1299.0,1,north,14-11-2024
ORD101212,CUST1366,Monitor 24-inch,8999.0,2,,2024-04-07
ORD100898,CUST1156,USB-C Hub,1299.0,2,EAST,04/09/2024
ORD100916,CUST1070,Laptop Stand,1999.0,-1,south,28-05-2024
ORD103685,CUST1226,Portable SSD 1TB,6999.0,2,West,06-11-2024
ORD101810,CUST1232,Webcam 1080p,2499.0,0,north,01-03-2024
ORD100355,CUST1326,Mechanical Keyboard,3499.0,2,North,02-12-2024
ORD101078,CUST1080,Noise Cancelling Headphones,5999.0,-1,North,2024-02-26
ORD100572,CUST1222,Mechanical Keyboard,3499.0,2,South,13/01/2024
ORD101763,CUST1392,Webcam 1080p,2499.0,2,North,16-04-2024
ORD101547,CUST1026,Webcam 1080p,2499.0,5,North,14-01-2024
ORD103876,CUST1284,Portable SSD 1TB,6999.0,3,North,03-09-2024
ORD103657,CUST1111,Webcam 1080p,2499.0,2,EAST,08-08-2024
ORD102359,CUST1426,Mechanical Keyboard,3499.0,0,West,2024-03-25
ORD101482,CUST1267,Webcam 1080p,2499.0,2,north,04/06/2024
ORD104130,CUST1427,Mechanical Keyboard,3499.0,1,north,2024-12-22
ORD102707,CUST1412,USB-C Hub,1299.0,0,,2024-01-01
ORD102291,CUST1454,Webcam 1080p,2499.0,2,north,2024-03-30
ORD103871,CUST1042,Noise Cancelling Headphones,5999.0,-1,West,18/12/2024
ORD101291,CUST1365,Portable SSD 1TB,6999.0,5,South,05-05-2024
ORD100219,CUST1382,Wireless Mouse,799.0,1,EAST,2024-06-25
ORD100414,CUST1379,Wireless Mouse,799.0,1,North,2024-05-05
ORD102044,CUST1095,Laptop Stand,1999.0,5,West,12/10/2024
ORD101823,CUST1497,Laptop Stand,1999.0,2,West,26/11/2024
ORD102086,CUST1100,Wireless Mouse,799.0,5,West,2024-01-25
ORD101701,CUST1221,Mechanical Keyboard,3499.0,3,south,04-06-2024
ORD100804,CUST1206,USB-C Hub,1299.0,,EAST,08-07-2024
ORD100482,CUST1045,Laptop Stand,1999.0,2,West,27-07-2024
ORD102832,CUST1258,Webcam 1080p,2499.0,-1,North,2024-08-24
ORD100565,CUST1169,Noise Cancelling Headphones,5999.0,3,EAST,21-04-2024
ORD101137,CUST1404,Wireless Mouse,799.0,2,West,02-01-2024
ORD100417,CUST1114,Wireless Mouse,799.0,1,West,26/08/2024
ORD103790,CUST1258,Portable SSD 1TB,6999.0,1,North,15/07/2024
ORD101468,CUST1244,Webcam 1080p,2499.0,2,South,28/03/2024
ORD102181,CUST1054,Webcam 1080p,2499.0,2,south,11/02/2024
ORD101044,CUST1177,Monitor 24-inch,8999.0,-1,South,2024-01-11
ORD104700,CUST1499,Noise Cancelling Headphones,5999.0,1,,12/10/2024
ORD102023,CUST1355,Laptop Stand,1999.0,1,South,2024-09-15
ORD102781,CUST1009,Webcam 1080p,2499.0,0,north,17-09-2024
ORD100866,CUST1495,Monitor 24-inch,8999.0,2,West,22-03-2024
ORD103506,CUST1433,Wireless Mouse,799.0,,West,12-09-2024
ORD103328,CUST1158,Mechanical Keyboard,3499.0,-1,north,16-05-2024
ORD103191,CUST1442,Portable SSD 1TB,6999.0,0,north,29/12/2024
ORD101472,CUST1348,Webcam 1080p,2499.0,2,south,2024-03-16
ORD100797,CUST1355,Portable SSD 1TB,6999.0,5,West,05-10-2024
ORD103835,CUST1085,Webcam 1080p,2499.0,3,,2024-06-03
ORD102360,CUST1170,Laptop Stand,1999.0,1,EAST,14/02/2024
ORD100874,CUST1143,USB-C Hub,1299.0,0,North,22/08/2024
ORD104566,CUST1386,Wireless Mouse,799.0,-1,south,04-01-2024
ORD102539,CUST1096,Noise Cancelling Headphones,5999.0,1,West,2024-05-27
ORD102625,CUST1108,Noise Cancelling Headphones,5999.0,1,EAST,28/10/2024
ORD102765,CUST1373,Mechanical Keyboard,3499.0,0,West,13/06/2024
ORD101845,CUST1165,Wireless Mouse,799.0,2,North,24/10/2024
ORD103897,CUST1019,Mechanical Keyboard,3499.0,5,South,21/10/2024
ORD102924,CUST1430,Mechanical Keyboard,3499.0,0,North,31-12-2024
ORD102685,CUST1349,Laptop Stand,1999.0,2,south,2024-03-27
ORD104728,CUST1454,Noise Cancelling Headphones,5999.0,2,West,03/03/2024
ORD103584,CUST1130,Noise Cancelling Headphones,5999.0,5,North,2024-12-29
ORD100531,CUST1006,Laptop Stand,1999.0,5,South,22-09-2024
ORD103259,CUST1117,Mechanical Keyboard,3499.0,0,West,18/02/2024
ORD103611,CUST1193,Wireless Mouse,799.0,1,EAST,2024-10-28
ORD102107,CUST1444,Monitor 24-inch,8999.0,5,North,2024-06-18
ORD102811,CUST1181,USB-C Hub,1299.0,2,West,03-12-2024
ORD102904,CUST1090,Mechanical Keyboard,3499.0,3,West,2024-05-11
ORD103573,CUST1360,Laptop Stand,1999.0,1,West,2024-08-11
ORD104010,CUST1116,Wireless Mouse,799.0,5,West,2024-12-01
ORD101807,CUST1296,Wireless Mouse,799.0,-1,South,2024-11-19
ORD103888,CUST1498,Webcam 1080p,2499.0,3,South,21/10/2024
ORD104005,CUST1094,Monitor 24-inch,8999.0,1,North,29/01/2024
ORD101058,CUST1136,Noise Cancelling Headphones,5999.0,-1,South,03-07-2024
ORD104782,CUST1073,Monitor 24-inch,8999.0,5,,2024-02-27
ORD102691,CUST1202,Mechanical Keyboard,3499.0,2,EAST,12-10-2024
ORD101930,CUST1364,Mechanical Keyboard,3499.0,0,EAST,09-01-2024
ORD101424,CUST1351,Portable SSD 1TB,6999.0,5,West,20/11/2024
ORD104565,CUST1280,Wireless Mouse,799.0,5,EAST,16/01/2024
ORD100788,CUST1196,Wireless Mouse,799.0,-1,North,2024-07-19
ORD103966,CUST1429,Mechanical Keyboard,3499.0,-1,South,2024-04-04
ORD104871,CUST1167,Mechanical Keyboard,3499.0,3,West,19-05-2024
ORD100098,CUST1326,Monitor 24-inch,8999.0,1,North,20/10/2024
ORD100197,CUST1145,Webcam 1080p,2499.0,2,South,2024-06-19
ORD100704,CUST1145,Wireless Mouse,799.0,2,north,2024-06-03
ORD103912,CUST1001,Monitor 24-inch,8999.0,1,north,03/09/2024
ORD102476,CUST1450,Portable SSD 1TB,6999.0,3,south,21/07/2024
ORD104734,CUST1398,Laptop Stand,1999.0,-1,North,19-01-2024
ORD102210,CUST1348,Monitor 24-inch,8999.0,2,South,23-04-2024
ORD102170,CUST1303,USB-C Hub,1299.0,0,West,10-10-2024
ORD104847,CUST1153,Monitor 24-inch,8999.0,-1,EAST,28-01-2024
ORD100200,CUST1350,Mechanical Keyboard,3499.0,-1,,17/09/2024
ORD103814,CUST1243,Webcam 1080p,2499.0,3,North,2024-03-17
ORD104628,CUST1291,USB-C Hub,1299.0,1,South,24/07/2024
ORD100443,CUST1273,Wireless Mouse,799.0,-1,south,2024-06-30
ORD104222,CUST1208,Webcam 1080p,2499.0,-1,south,2024-12-20
ORD101508,CUST1089,USB-C Hub,1299.0,5,EAST,23-08-2024
ORD102021,CUST1166,Noise Cancelling Headphones,5999.0,-1,north,24-09-2024
ORD101739,CUST1160,Noise Cancelling Headphones,5999.0,0,West,2024-11-27
ORD104683,CUST1127,Monitor 24-inch,8999.0,0,West,05/01/2024
ORD103023,CUST1045,Noise Cancelling Headphones,5999.0,1,North,27/07/2024
ORD102293,CUST1028,Portable SSD 1TB,6999.0,1,north,12/10/2024
ORD103996,CUST1480,Noise Cancelling Headphones,5999.0,3,north,01/09/2024
ORD100403,CUST1291,Portable SSD 1TB,6999.0,2,,2024-08-29
ORD104795,CUST1061,Portable SSD 1TB,6999.0,2,EAST,18/08/2024
ORD101553,CUST1315,Webcam 1080p,2499.0,3,EAST,03/12/2024
ORD102437,CUST1024,Webcam 1080p,2499.0,3,EAST,08/09/2024
ORD104878,CUST1229,Monitor 24-inch,8999.0,1,West,2024-06-08
ORD102319,CUST1062,Laptop Stand,1999.0,0,south,08-02-2024
ORD101156,CUST1279,Mechanical Keyboard,3499.0,2,EAST,2024-02-20
ORD100502,CUST1060,Monitor 24-inch,8999.0,1,North,2024-08-29
ORD101307,CUST1219,Wireless Mouse,799.0,0,West,28/05/2024
ORD102241,CUST1185,Webcam 1080p,2499.0,2,north,26/07/2024
ORD100536,CUST1045,Monitor 24-inch,8999.0,,West,01/03/2024
ORD102325,CUST1498,Portable SSD 1TB,6999.0,5,south,08-09-2024
ORD104317,CUST1192,Wireless Mouse,799.0,5,north,24/06/2024
ORD102567,CUST1403,Webcam 1080p,2499.0,1,North,15/02/2024
ORD102571,CUST1432,Monitor 24-inch,8999.0,1,North,2024-06-10
ORD104051,CUST1320,Wireless Mouse,799.0,1,,17/10/2024
ORD100439,CUST1070,Portable SSD 1TB,6999.0,2,south,18-11-2024
ORD101925,CUST1499,Mechanical Keyboard,3499.0,2,South,2024-08-15
ORD100118,CUST1122,USB-C Hub,1299.0,1,EAST,09/10/2024
ORD102265,CUST1258,Monitor 24-inch,8999.0,-1,EAST,18/02/2024
ORD100748,CUST1085,Portable SSD 1TB,6999.0,1,EAST,19-12-2024
ORD104411,CUST1139,Webcam 1080p,2499.0,5,north,2024-08-08
ORD101970,CUST1384,USB-C Hub,1299.0,5,north,11-02-2024
ORD102646,CUST1476,USB-C Hub,1299.0,-1,North,04/07/2024
ORD101050,CUST1451,Webcam 1080p,2499.0,2,EAST,30-03-2024
ORD103139,CUST1030,USB-C Hub,1299.0,0,West,2024-12-22
ORD101077,CUST1234,USB-C Hub,1299.0,1,South,2024-12-21
ORD101545,CUST1494,Mechanical Keyboard,3499.0,3,North,08/11/2024
ORD102358,CUST1003,Laptop Stand,1999.0,1,EAST,11-12-2024
ORD101275,CUST1462,USB-C Hub,1299.0,0,West,12/02/2024
ORD104275,CUST1266,USB-C Hub,1299.0,2,South,23-07-2024
ORD100298,CUST1358,Mechanical Keyboard,3499.0,1,north,05/02/2024
ORD104899,CUST1054,Laptop Stand,1999.0,,West,24/07/2024
ORD101737,CUST1108,Webcam 1080p,2499.0,1,south,12/05/2024
ORD101931,CUST1086,Noise Cancelling Headphones,5999.0,2,EAST,19/09/2024
ORD101778,CUST1332,Laptop Stand,1999.0,-1,North,21/05/2024
ORD103342,CUST1419,Wireless Mouse,799.0,2,West,24-08-2024
ORD103481,CUST1000,Webcam 1080p,2499.0,1,North,10/10/2024
ORD102757,CUST1110,Laptop Stand,1999.0,2,North,2024-01-12
ORD103200,CUST1168,USB-C Hub,1299.0,2,North,29/04/2024
ORD100768,CUST1407,Mechanical Keyboard,3499.0,2,South,11/11/2024
ORD100292,CUST1359,Monitor 24-inch,8999.0,2,north,06-05-2024
ORD101232,CUST1499,Noise Cancelling Headphones,5999.0,1,EAST,02/01/2024
ORD101498,CUST1003,Monitor 24-inch,8999.0,2,,2024-02-28
ORD103416,CUST1294,Mechanical Keyboard,3499.0,2,south,2024-11-24
ORD102217,CUST1088,USB-C Hub,1299.0,1,south,2024-04-01
ORD102496,CUST1091,Wireless Mouse,799.0,-1,EAST,11-07-2024
ORD101405,CUST1218,Noise Cancelling Headphones,5999.0,2,North,22/08/2024
ORD103135,CUST1464,Webcam 1080p,2499.0,2,EAST,2024-08-22
ORD102882,CUST1236,Mechanical Keyboard,3499.0,3,south,27-09-2024
ORD102244,CUST1027,Portable SSD 1TB,6999.0,2,south,29-07-2024
ORD100339,CUST1324,USB-C Hub,1299.0,,South,11/06/2024
ORD104686,CUST1232,Laptop Stand,1999.0,3,north,13-08-2024
ORD100616,CUST1209,Noise Cancelling Headphones,5999.0,2,North,06-08-2024
ORD102992,CUST1499,Mechanical Keyboard,3499.0,3,north,13-09-2024
ORD101017,CUST1041,Monitor 24-inch,8999.0,0,South,20-08-2024
ORD101053,CUST1053,Wireless Mouse,799.0,0,West,2024-02-26
ORD100826,CUST1472,Laptop Stand,1999.0,-1,West,30/08/2024
ORD101301,CUST1093,Webcam 1080p,2499.0,0,North,02/12/2024
ORD103720,CUST1195,USB-C Hub,1299.0,-1,West,14-04-2024
ORD104423,CUST1430,Monitor 24-inch,8999.0,2,south,25/09/2024
ORD101539,CUST1105,Monitor 24-inch,8999.0,5,South,22/04/2024
ORD100073,CUST1215,Portable SSD 1TB,6999.0,1,north,21/10/2024
ORD101042,CUST1478,Monitor 24-inch,8999.0,1,south,2024-09-27
ORD102562,CUST1469,USB-C Hub,1299.0,5,North,14/12/2024
ORD100476,CUST1481,Mechanical Keyboard,3499.0,1,North,26-05-2024
ORD100631,CUST1193,Monitor 24-inch,8999.0,5,south,22-08-2024
ORD104050,CUST1328,Webcam 1080p,2499.0,3,south,29-08-2024
ORD101074,CUST1041,Mechanical Keyboard,3499.0,-1,North,07/03/2024
ORD100032,CUST1109,Portable SSD 1TB,6999.0,2,North,2024-07-13
ORD100741,CUST1251,Monitor 24-inch,8999.0,2,south,2024-04-08
ORD100398,CUST1351,Monitor 24-inch,8999.0,1,south,2024-02-21
ORD104625,CUST1065,Mechanical Keyboard,3499.0,2,north,14/09/2024
ORD103943,CUST1109,Webcam 1080p,2499.0,2,North,28/04/2024
ORD103556,CUST1401,Portable SSD 1TB,6999.0,1,south,2024-02-27
ORD101566,CUST1366,Noise Cancelling Headphones,5999.0,-1,south,2024-10-25
ORD103748,CUST1426,USB-C Hub,1299.0,1,EAST,18-11-2024
ORD103975,CUST1126,Mechanical Keyboard,3499.0,2,north,22/11/2024
ORD100957,CUST1187,Noise Cancelling Headphones,5999.0,1,South,16/11/2024
ORD102964,CUST1427,Laptop Stand,1999.0,1,West,19-02-2024
ORD104302,CUST1315,Webcam 1080p,2499.0,1,,24/09/2024
ORD103535,CUST1447,Laptop Stand,1999.0,1,South,2024-04-16
ORD101125,CUST1455,Mechanical Keyboard,3499.0,1,south,2024-08-14
ORD102326,CUST1388,Portable SSD 1TB,6999.0,2,south,28-02-2024
ORD104396,CUST1311,Webcam 1080p,2499.0,2,North,2024-12-01
ORD103222,CUST1389,Laptop Stand,1999.0,2,north,2024-04-01
ORD101605,CUST1226,Portable SSD 1TB,6999.0,3,West,28/01/2024
ORD101377,CUST1453,Mechanical Keyboard,3499.0,2,South,20-04-2024
ORD103448,CUST1246,Laptop Stand,1999.0,3,South,2024-09-30
ORD103854,CUST1221,Laptop Stand,1999.0,3,South,15/06/2024
ORD102511,CUST1027,Laptop Stand,1999.0,3,north,27-04-2024
ORD103478,CUST1098,Mechanical Keyboard,3499.0,5,North,2024-12-03
ORD102160,CUST1394,Webcam 1080p,2499.0,1,south,19/08/2024
ORD101056,CUST1445,Mechanical Keyboard,3499.0,5,south,2024-06-20
ORD103540,CUST1220,Monitor 24-inch,8999.0,5,south,2024-02-02
ORD100908,CUST1328,Laptop Stand,1999.0,2,,2024-05-22
ORD104952,CUST1014,Noise Cancelling Headphones,5999.0,-1,south,11/03/2024
ORD100376,CUST1396,Noise Cancelling Headphones,5999.0,1,north,13-08-2024
ORD103170,CUST1487,USB-C Hub,1299.0,0,South,19/11/2024
ORD102678,CUST1166,Wireless Mouse,799.0,1,North,18/03/2024
ORD101153,CUST1227,Noise Cancelling Headphones,5999.0,1,south,26-08-2024
ORD104373,CUST1014,Wireless Mouse,799.0,-1,South,2024-03-23
ORD103800,CUST1100,Noise Cancelling Headphones,5999.0,5,north,2024-04-23
ORD104533,CUST1029,USB-C Hub,1299.0,1,south,18-09-2024
ORD102050,CUST1262,Mechanical Keyboard,3499.0,2,north,06-05-2024
ORD103582,CUST1417,Laptop Stand,1999.0,2,North,20/09/2024
ORD104400,CUST1252,Laptop Stand,1999.0,2,EAST,2024-02-29
ORD102911,CUST1440,Wireless Mouse,799.0,2,north,29-03-2024
ORD104711,CUST1052,Noise Cancelling Headphones,5999.0,3,North,19-09-2024
ORD104445,CUST1299,Laptop Stand,1999.0,1,EAST,05-11-2024
ORD101665,CUST1407,Webcam 1080p,2499.0,5,south,24-12-2024
ORD104786,CUST1356,Laptop Stand,1999.0,5,North,19-05-2024
ORD104425,CUST1108,Mechanical Keyboard,3499.0,-1,north,2024-01-13
ORD103475,CUST1440,USB-C Hub,1299.0,1,EAST,24-12-2024
ORD103255,CUST1208,Portable SSD 1TB,6999.0,2,North,2024-07-28
ORD102859,CUST1156,USB-C Hub,1299.0,5,South,12-03-2024
ORD102688,CUST1044,Noise Cancelling Headphones,5999.0,0,North,2024-07-22
ORD101978,CUST1080,Monitor 24-inch,8999.0,1,EAST,20/05/2024
ORD100729,CUST1250,Portable SSD 1TB,6999.0,2,South,10/01/2024
ORD103737,CUST1305,Monitor 24-inch,8999.0,5,EAST,2024-08-17
ORD104991,CUST1117,Monitor 24-inch,8999.0,2,south,13-08-2024
ORD101636,CUST1392,Portable SSD 1TB,6999.0,2,EAST,09-02-2024
ORD104474,CUST1277,Portable SSD 1TB,6999.0,2,EAST,2024-10-08
ORD104684,CUST1005,Monitor 24-inch,8999.0,1,north,23-01-2024
ORD103711,CUST1406,Wireless Mouse,799.0,,South,2024-02-23
ORD100596,CUST1184,Portable SSD 1TB,6999.0,0,West,2024-01-24
ORD102599,CUST1496,Webcam 1080p,2499.0,1,South,14-04-2024
ORD101729,CUST1371,Wireless Mouse,799.0,-1,EAST,18-09-2024
ORD104286,CUST1251,Monitor 24-inch,8999.0,2,south,01/02/2024
ORD103725,CUST1110,Portable SSD 1TB,6999.0,2,north,2024-01-02
ORD102838,CUST1053,Laptop Stand,1999.0,2,North,2024-12-06
ORD102072,CUST1309,Webcam 1080p,2499.0,5,,2024-05-01
ORD103747,CUST1111,USB-C Hub,1299.0,5,south,2024-06-24
ORD103375,CUST1475,Mechanical Keyboard,3499.0,1,West,2024-08-14
ORD101579,CUST1369,Wireless Mouse,799.0,5,North,17/08/2024
ORD102264,CUST1115,Wireless Mouse,799.0,1,West,2024-02-09
ORD100612,CUST1480,Monitor 24-inch,8999.0,5,West,28-10-2024
ORD102814,CUST1451,Laptop Stand,1999.0,0,south,27-07-2024
ORD100854,CUST1420,Mechanical Keyboard,3499.0,2,West,2024-10-29
ORD103216,CUST1275,Noise Cancelling Headphones,5999.0,3,North,29/06/2024
ORD104665,CUST1273,Noise Cancelling Headphones,5999.0,2,West,05-04-2024
ORD101257,CUST1478,Webcam 1080p,2499.0,2,West,2024-10-22
ORD102912,CUST1480,Monitor 24-inch,8999.0,5,EAST,2024-06-28
ORD104942,CUST1118,Laptop Stand,1999.0,5,south,2024-08-25
ORD101093,CUST1166,USB-C Hub,1299.0,1,North,01/06/2024
ORD103043,CUST1153,Wireless Mouse,799.0,-1,West,07/08/2024
ORD102619,CUST1343,USB-C Hub,1299.0,2,North,22/08/2024
ORD104080,CUST1190,Noise Cancelling Headphones,5999.0,2,North,2024-06-13
ORD104284,CUST1443,Wireless Mouse,799.0,2,north,15-03-2024
ORD102810,CUST1167,USB-C Hub,1299.0,,EAST,2024-09-28
ORD102649,CUST1309,Portable SSD 1TB,6999.0,0,south,2024-04-07
ORD104356,CUST1444,Portable SSD 1TB,6999.0,-1,West,2024-05-30
ORD104110,CUST1006,Mechanical Keyboard,3499.0,3,south,2024-12-06
ORD104904,CUST1417,Laptop Stand,1999.0,3,EAST,11/12/2024
ORD102897,CUST1353,Noise Cancelling Headphones,5999.0,-1,north,2024-10-17
ORD103280,CUST1403,Webcam 1080p,2499.0,2,south,2024-12-10
ORD100175,CUST1159,Noise Cancelling Headphones,5999.0,1,north,2024-01-27
ORD102153,CUST1411,Webcam 1080p,2499.0,-1,north,09-01-2024
ORD104164,CUST1124,USB-C Hub,1299.0,-1,West,10/10/2024
ORD100917,CUST1154,Webcam 1080p,2499.0,0,West,2024-04-24
ORD100888,CUST1171,Laptop Stand,1999.0,1,north,28/11/2024
ORD100647,CUST1074,USB-C Hub,1299.0,1,West,31/03/2024
ORD100162,CUST1055,Monitor 24-inch,8999.0,0,South,2024-02-07
ORD101980,CUST1282,Monitor 24-inch,8999.0,2,EAST,10-06-2024
ORD101958,CUST1222,USB-C Hub,1299.0,2,,2024-04-21
ORD104642,CUST1443,Wireless Mouse,799.0,1,North,2024-02-08
ORD101555,CUST1091,Monitor 24-inch,8999.0,1,West,2024-08-13
ORD104456,CUST1465,Monitor 24-inch,8999.0,1,South,17-12-2024
ORD100728,CUST1494,Monitor 24-inch,8999.0,1,north,2024-01-21
ORD101589,CUST1426,Wireless Mouse,799.0,2,EAST,24-05-2024
ORD100455,CUST1228,Wireless Mouse,799.0,2,EAST,07-05-2024
ORD102024,CUST1355,Webcam 1080p,2499.0,-1,south,2024-06-04
ORD102104,CUST1104,Monitor 24-inch,8999.0,-1,south,2024-01-27
ORD100718,CUST1343,Portable SSD 1TB,6999.0,5,West,2024-06-27
ORD101328,CUST1060,USB-C Hub,1299.0,1,south,2024-09-30
ORD102013,CUST1461,Noise Cancelling Headphones,5999.0,2,South,13-06-2024
ORD100306,CUST1294,Noise Cancelling Headphones,5999.0,5,north,01/05/2024
ORD104785,CUST1232,Laptop Stand,1999.0,2,south,2024-07-05
ORD104410,CUST1057,Laptop Stand,1999.0,2,South,2024-03-22
ORD104853,CUST1470,Noise Cancelling Headphones,5999.0,0,EAST,2024-12-16
ORD103398,CUST1047,Mechanical Keyboard,3499.0,0,EAST,26-09-2024
ORD102500,CUST1259,Wireless Mouse,799.0,2,West,04/05/2024
ORD104894,CUST1064,Mechanical Keyboard,3499.0,1,south,15-06-2024
ORD103923,CUST1329,Webcam 1080p,2499.0,0,West,27/04/2024
ORD103112,CUST1377,Mechanical Keyboard,3499.0,2,north,05/05/2024
ORD100505,CUST1090,Noise Cancelling Headphones,5999.0,1,South,03/01/2024
ORD100284,CUST1057,Noise Cancelling Headphones,5999.0,,south,27/11/2024
ORD102257,CUST1262,Wireless Mouse,799.0,1,south,2024-07-07
ORD103537,CUST1132,Mechanical Keyboard,3499.0,2,West,15/12/2024
ORD104310,CUST1006,USB-C Hub,1299.0,0,north,05-07-2024
ORD101901,CUST1099,Noise Cancelling Headphones,5999.0,0,South,13/01/2024
ORD103829,CUST1068,Noise Cancelling Headphones,5999.0,5,West,03-11-2024
ORD104392,CUST1402,USB-C Hub,1299.0,3,South,2024-05-26
ORD101394,CUST1487,Portable SSD 1TB,6999.0,3,EAST,2024-11-21
ORD103392,CUST1080,USB-C Hub,1299.0,0,West,11/07/2024
ORD100332,CUST1143,Wireless Mouse,799.0,5,south,2024-01-09
ORD102963,CUST1011,Webcam 1080p,2499.0,2,South,07/05/2024
ORD104538,CUST1148,Portable SSD 1TB,6999.0,1,West,02-06-2024
ORD100630,CUST1150,Noise Cancelling Headphones,5999.0,3,North,02-10-2024
ORD103531,CUST1350,Monitor 24-inch,8999.0,5,North,2024-10-26
ORD100040,CUST1051,Mechanical Keyboard,3499.0,2,north,16/09/2024
ORD101364,CUST1146,Mechanical Keyboard,3499.0,1,south,2024-11-24
ORD101161,CUST1264,Monitor 24-inch,8999.0,0,South,2024-06-23
ORD102259,CUST1352,Noise Cancelling Headphones,5999.0,3,North,17-12-2024
ORD102450,CUST1302,Monitor 24-inch,8999.0,1,South,31/07/2024
ORD102953,CUST1371,Laptop Stand,1999.0,2,West,11/04/2024
ORD103834,CUST1444,Laptop Stand,1999.0,1,south,09/05/2024
ORD101176,CUST1212,Laptop Stand,1999.0,-1,south,22/08/2024
ORD103994,CUST1371,Laptop Stand,1999.0,1,,25/06/2024
ORD104106,CUST1024,Monitor 24-inch,8999.0,2,south,09-01-2024
ORD104573,CUST1311,Webcam 1080p,2499.0,,North,14-03-2024
ORD104860,CUST1388,Noise Cancelling Headphones,5999.0,1,north,12-08-2024
ORD101100,CUST1000,Wireless Mouse,799.0,3,West,02/11/2024
ORD104335,CUST1316,Monitor 24-inch,8999.0,0,north,28/08/2024
ORD104055,CUST1137,Wireless Mouse,799.0,5,North,16/03/2024
ORD104254,CUST1387,Laptop Stand,1999.0,0,South,17/06/2024
ORD104401,CUST1317,Mechanical Keyboard,3499.0,2,South,2024-09-14
ORD104695,CUST1063,Noise Cancelling Headphones,5999.0,2,south,2024-11-28
ORD102355,CUST1351,Noise Cancelling Headphones,5999.0,2,North,2024-09-15
ORD100508,CUST1007,Noise Cancelling Headphones,5999.0,2,,10-01-2024
ORD102979,CUST1073,Monitor 24-inch,8999.0,1,North,15-02-2024
ORD104022,CUST1408,Portable SSD 1TB,6999.0,1,south,30-08-2024
ORD100578,CUST1080,Laptop Stand,1999.0,-1,south,06/10/2024
ORD101515,CUST1472,USB-C Hub,1299.0,1,EAST,23/12/2024
ORD102626,CUST1498,Monitor 24-inch,8999.0,1,south,14-07-2024
ORD102699,CUST1350,Monitor 24-inch,8999.0,1,EAST,2024-04-30
ORD102546,CUST1469,Noise Cancelling Headphones,5999.0,1,EAST,2024-12-28
ORD103569,CUST1234,Noise Cancelling Headphones,5999.0,,EAST,2024-04-10
ORD104801,CUST1422,Mechanical Keyboard,3499.0,2,West,06-05-2024
ORD101144,CUST1087,Portable SSD 1TB,6999.0,1,South,2024-03-01
ORD102801,CUST1060,Portable SSD 1TB,6999.0,2,South,21/04/2024
ORD104097,CUST1090,Wireless Mouse,799.0,0,North,20-03-2024
ORD100068,CUST1162,Monitor 24-inch,8999.0,-1,north,07/10/2024
ORD101029,CUST1048,Monitor 24-inch,8999.0,3,South,30/06/2024
ORD102890,CUST1160,Wireless Mouse,799.0,0,South,07-01-2024
ORD104605,CUST1276,Monitor 24-inch,8999.0,5,EAST,27-12-2024
ORD100383,CUST1346,Portable SSD 1TB,6999.0,2,West,22-10-2024
ORD103228,CUST1239,Webcam 1080p,2499.0,1,EAST,14-09-2024
ORD103937,CUST1347,Wireless Mouse,799.0,1,South,23/02/2024
ORD102061,CUST1313,USB-C Hub,1299.0,3,South,07-04-2024
ORD103283,CUST1014,Monitor 24-inch,8999.0,2,North,12/10/2024
ORD103152,CUST1476,Wireless Mouse,799.0,2,West,24-10-2024
ORD103547,CUST1364,Monitor 24-inch,8999.0,2,,12-06-2024
ORD103881,CUST1451,Mechanical Keyboard,3499.0,-1,South,2024-08-30
ORD103051,CUST1164,Portable SSD 1TB,6999.0,1,West,30-08-2024
ORD103272,CUST1478,Monitor 24-inch,8999.0,2,West,2024-05-12
ORD103687,CUST1435,Laptop Stand,1999.0,3,South,07/05/2024
ORD104026,CUST1360,Wireless Mouse,799.0,0,North,03/07/2024
ORD103282,CUST1038,Portable SSD 1TB,6999.0,1,South,22/07/2024
ORD103605,CUST1046,Webcam 1080p,2499.0,2,West,29-12-2024
ORD103035,CUST1192,Wireless Mouse,799.0,,South,2024-03-23
ORD102540,CUST1283,Webcam 1080p,2499.0,2,EAST,2024-11-24
ORD103292,CUST1259,Portable SSD 1TB,6999.0,5,North,2024-06-09
ORD100808,CUST1213,USB-C Hub,1299.0,,EAST,2024-03-09
ORD100692,CUST1056,Mechanical Keyboard,3499.0,1,north,2024-01-23
ORD104724,CUST1010,Portable SSD 1TB,6999.0,1,EAST,2024-03-20
ORD101889,CUST1079,USB-C Hub,1299.0,2,north,14-11-2024
ORD104825,CUST1107,Noise Cancelling Headphones,5999.0,1,south,18-04-2024
ORD104489,CUST1175,USB-C Hub,1299.0,2,South,19/05/2024
ORD103421,CUST1486,Noise Cancelling Headphones,5999.0,-1,south,20-08-2024
ORD102585,CUST1027,Monitor 24-inch,8999.0,3,West,2024-12-26
ORD102430,CUST1126,Webcam 1080p,2499.0,,West,11/03/2024
ORD100057,CUST1223,Wireless Mouse,799.0,2,north,05/07/2024
ORD103199,CUST1426,Portable SSD 1TB,6999.0,2,EAST,07-12-2024
ORD103111,CUST1244,Webcam 1080p,2499.0,1,South,10-01-2024
ORD103806,CUST1399,Portable SSD 1TB,6999.0,2,South,2024-04-29
ORD100904,CUST1074,Monitor 24-inch,8999.0,2,EAST,03-01-2024
ORD103679,CUST1316,Noise Cancelling Headphones,5999.0,-1,North,2024-09-09
ORD102976,CUST1035,USB-C Hub,1299.0,5,,26-06-2024
ORD100582,CUST1092,Wireless Mouse,799.0,0,north,26-11-2024
ORD103956,CUST1162,Webcam 1080p,2499.0,1,EAST,26-02-2024
ORD103714,CUST1421,Mechanical Keyboard,3499.0,2,north,20/08/2024
ORD103439,CUST1226,Portable SSD 1TB,6999.0,5,south,24/11/2024
ORD102876,CUST1245,Laptop Stand,1999.0,1,north,2024-09-29
ORD102118,CUST1379,Noise Cancelling Headphones,5999.0,5,South,2024-09-26
ORD104189,CUST1084,USB-C Hub,1299.0,2,EAST,10/11/2024
ORD102237,CUST1468,Webcam 1080p,2499.0,3,EAST,2024-03-22
ORD102371,CUST1162,Webcam 1080p,2499.0,2,south,04-06-2024
ORD100055,CUST1449,Webcam 1080p,2499.0,3,south,2024-01-20
ORD101135,CUST1035,Noise Cancelling Headphones,5999.0,0,south,21-12-2024
ORD101733,CUST1169,Monitor 24-inch,8999.0,3,South,17/10/2024
ORD101006,CUST1476,Noise Cancelling Headphones,5999.0,2,West,15/02/2024
ORD103776,CUST1117,Laptop Stand,1999.0,2,EAST,29/08/2024
ORD100117,CUST1147,Monitor 24-inch,8999.0,0,South,2024-03-03
ORD100195,CUST1312,USB-C Hub,1299.0,5,EAST,24/05/2024
ORD104613,CUST1116,Laptop Stand,1999.0,0,EAST,25-03-2024
ORD102572,CUST1022,Noise Cancelling Headphones,5999.0,0,south,28-01-2024
ORD101004,CUST1383,Wireless Mouse,799.0,3,North,15-09-2024
ORD101304,CUST1136,Mechanical Keyboard,3499.0,0,West,08/10/2024
ORD104293,CUST1310,Webcam 1080p,2499.0,5,West,02/09/2024
ORD104794,CUST1154,Laptop Stand,1999.0,1,West,02-01-2024
ORD104720,CUST1145,Noise Cancelling Headphones,5999.0,3,EAST,07/10/2024
ORD101792,CUST1181,Noise Cancelling Headphones,5999.0,1,EAST,10-08-2024
ORD101678,CUST1002,Monitor 24-inch,8999.0,5,south,21/02/2024
ORD101117,CUST1480,Noise Cancelling Headphones,5999.0,-1,West,2024-05-20
ORD101319,CUST1066,Mechanical Keyboard,3499.0,2,North,08-04-2024
ORD100673,CUST1144,Webcam 1080p,2499.0,,south,2024-01-05
ORD101409,CUST1341,Webcam 1080p,2499.0,2,West,24/04/2024
ORD104685,CUST1328,Noise Cancelling Headphones,5999.0,1,North,06/08/2024
ORD102115,CUST1019,Webcam 1080p,2499.0,0,South,2024-02-03
ORD101697,CUST1324,Monitor 24-inch,8999.0,3,West,25/06/2024
ORD103426,CUST1189,Laptop Stand,1999.0,-1,south,24-10-2024
ORD101418,CUST1005,USB-C Hub,1299.0,1,,19/10/2024
ORD103851,CUST1164,Laptop Stand,1999.0,2,North,31/01/2024
ORD104100,CUST1399,Wireless Mouse,799.0,2,north,26/01/2024
ORD104121,CUST1488,Webcam 1080p,2499.0,5,North,14-07-2024
ORD104950,CUST1418,Monitor 24-inch,8999.0,1,North,05/05/2024
ORD100891,CUST1424,Mechanical Keyboard,3499.0,3,West,19-08-2024
ORD102053,CUST1383,USB-C Hub,1299.0,-1,West,26-11-2024
ORD100520,CUST1106,Monitor 24-inch,8999.0,2,EAST,2024-01-02
ORD101915,CUST1240,Mechanical Keyboard,3499.0,0,north,02-06-2024
ORD102961,CUST1233,Monitor 24-inch,8999.0,1,South,2024-07-17
ORD102769,CUST1352,Noise Cancelling Headphones,5999.0,-1,West,30/09/2024
ORD104006,CUST1063,USB-C Hub,1299.0,-1,north,2024-03-29
ORD101395,CUST1207,Mechanical Keyboard,3499.0,0,EAST,02-08-2024
ORD102245,CUST1316,Noise Cancelling Headphones,5999.0,2,North,2024-03-05
ORD100549,CUST1453,Webcam 1080p,2499.0,5,South,30-12-2024
ORD102519,CUST1380,USB-C Hub,1299.0,2,West,2024-01-16
ORD104091,CUST1467,Wireless Mouse,799.0,1,South,2024-02-25
ORD104417,CUST1011,Wireless Mouse,799.0,3,EAST,25-07-2024
ORD102379,CUST1187,USB-C Hub,1299.0,3,EAST,2024-04-17
ORD101222,CUST1293,Noise Cancelling Headphones,5999.0,3,south,17-04-2024
ORD104288,CUST1132,Portable SSD 1TB,6999.0,-1,South,06-07-2024
ORD100998,CUST1441,Webcam 1080p,2499.0,0,EAST,2024-07-14
ORD103515,CUST1497,Laptop Stand,1999.0,2,North,2024-10-27
ORD103580,CUST1048,Monitor 24-inch,8999.0,0,South,20-06-2024
ORD104109,CUST1055,USB-C Hub,1299.0,1,West,09/07/2024
ORD103069,CUST1178,Wireless Mouse,799.0,-1,EAST,2024-01-31
ORD102088,CUST1439,Portable SSD 1TB,6999.0,2,EAST,27/04/2024
ORD102662,CUST1146,Noise Cancelling Headphones,5999.0,1,North,20/10/2024
ORD100050,CUST1451,Portable SSD 1TB,6999.0,2,North,19/06/2024
ORD102466,CUST1343,Monitor 24-inch,8999.0,1,South,2024-05-16
ORD104012,CUST1124,Monitor 24-inch,8999.0,1,South,17/01/2024
ORD103915,CUST1344,Mechanical Keyboard,3499.0,3,West,13-11-2024
ORD102930,CUST1025,Monitor 24-inch,8999.0,2,North,06/10/2024
ORD104593,CUST1439,Laptop Stand,1999.0,0,South,03-09-2024
ORD101527,CUST1454,Wireless Mouse,799.0,2,south,07-10-2024
ORD103577,CUST1170,Laptop Stand,1999.0,2,EAST,10/05/2024
ORD103755,CUST1296,Monitor 24-inch,8999.0,3,south,17-01-2024
ORD104126,CUST1409,Laptop Stand,1999.0,1,West,2024-06-16
ORD101952,CUST1006,Mechanical Keyboard,3499.0,5,EAST,23-12-2024
ORD103125,CUST1281,Monitor 24-inch,8999.0,1,North,10-09-2024
ORD100675,CUST1169,Mechanical Keyboard,3499.0,1,south,16/05/2024
ORD103585,CUST1265,Noise Cancelling Headphones,5999.0,-1,,2024-02-24
ORD104586,CUST1032,Monitor 24-inch,8999.0,1,south,2024-07-04
ORD103174,CUST1472,Portable SSD 1TB,6999.0,3,south,23/05/2024
ORD101613,CUST1063,Portable SSD 1TB,6999.0,-1,South,08-03-2024
ORD102324,CUST1047,Monitor 24-inch,8999.0,2,north,22-02-2024
ORD102530,CUST1270,USB-C Hub,1299.0,1,South,05/06/2024
ORD103999,CUST1077,USB-C Hub,1299.0,2,West,31-05-2024
ORD100649,CUST1050,USB-C Hub,1299.0,2,North,10/05/2024
ORD104843,CUST1299,USB-C Hub,1299.0,1,North,24-02-2024
ORD102275,CUST1066,Portable SSD 1TB,6999.0,1,,06-07-2024
ORD100416,CUST1163,Webcam 1080p,2499.0,5,North,02-03-2024
ORD100257,CUST1187,Portable SSD 1TB,6999.0,1,EAST,2024-07-24
ORD103646,CUST1100,Wireless Mouse,799.0,3,south,29/03/2024
ORD102027,CUST1206,Wireless Mouse,799.0,3,South,24/06/2024
ORD101962,CUST1244,Webcam 1080p,2499.0,2,south,22/09/2024
ORD102277,CUST1059,USB-C Hub,1299.0,1,West,2024-01-22
ORD100813,CUST1019,Monitor 24-inch,8999.0,5,South,27-02-2024
ORD103091,CUST1061,Monitor 24-inch,8999.0,1,south,03-01-2024
ORD102231,CUST1411,Laptop Stand,1999.0,1,South,2024-09-22
ORD104085,CUST1263,USB-C Hub,1299.0,-1,EAST,2024-05-05
ORD100203,CUST1305,Portable SSD 1TB,6999.0,2,south,02-04-2024
ORD100360,CUST1266,Monitor 24-inch,8999.0,0,EAST,19/02/2024
ORD103491,CUST1328,Wireless Mouse,799.0,2,South,25-08-2024
ORD100356,CUST1022,Portable SSD 1TB,6999.0,-1,EAST,2024-02-24
ORD104082,CUST1375,Noise Cancelling Headphones,5999.0,5,North,24-04-2024
ORD100226,CUST1254,Noise Cancelling Headphones,5999.0,3,north,12-02-2024
ORD103614,CUST1364,Laptop Stand,1999.0,1,North,2024-01-30
ORD103635,CUST1467,Noise Cancelling Headphones,5999.0,1,South,2024-06-11
ORD104932,CUST1393,Noise Cancelling Headphones,5999.0,0,south,13-10-2024
ORD102186,CUST1137,Laptop Stand,1999.0,1,north,27/12/2024
ORD104391,CUST1153,Wireless Mouse,799.0,5,south,2024-12-15
ORD103552,CUST1117,USB-C Hub,1299.0,3,North,19-08-2024
ORD102647,CUST1398,Webcam 1080p,2499.0,1,EAST,13/08/2024
ORD104223,CUST1151,Mechanical Keyboard,3499.0,5,North,04/01/2024
ORD104819,CUST1277,Mechanical Keyboard,3499.0,2,north,27/02/2024
ORD101024,CUST1198,Monitor 24-inch,8999.0,-1,EAST,16/02/2024
ORD101548,CUST1424,Webcam 1080p,2499.0,2,north,15/01/2024
ORD102771,CUST1481,Mechanical Keyboard,3499.0,1,south,2024-03-07
ORD103323,CUST1128,Wireless Mouse,799.0,,EAST,12-03-2024
ORD102014,CUST1297,Portable SSD 1TB,6999.0,0,EAST,26/06/2024
ORD100599,CUST1264,Portable SSD 1TB,6999.0,,EAST,06/09/2024
ORD102200,CUST1328,USB-C Hub,1299.0,3,North,08-07-2024
ORD101656,CUST1373,Webcam 1080p,2499.0,2,North,2024-08-15
ORD100252,CUST1049,Wireless Mouse,799.0,-1,EAST,11/11/2024
ORD101683,CUST1000,Portable SSD 1TB,6999.0,2,North,11/03/2024
ORD100378,CUST1224,Mechanical Keyboard,3499.0,2,south,28-10-2024
ORD104962,CUST1297,Webcam 1080p,2499.0,2,North,2024-04-08
ORD103336,CUST1303,Wireless Mouse,799.0,2,West,2024-04-30
ORD101743,CUST1050,Noise Cancelling Headphones,5999.0,1,north,18-05-2024
ORD104404,CUST1096,Mechanical Keyboard,3499.0,1,north,12-12-2024
ORD104023,CUST1058,Portable SSD 1TB,6999.0,2,North,2024-04-09
ORD102733,CUST1358,USB-C Hub,1299.0,2,south,25-01-2024
ORD100006,CUST1282,Webcam 1080p,2499.0,5,South,2024-10-22
ORD104420,CUST1443,Mechanical Keyboard,3499.0,1,EAST,13/10/2024
ORD104754,CUST1115,Monitor 24-inch,8999.0,2,south,05-09-2024
ORD100056,CUST1402,Noise Cancelling Headphones,5999.0,1,West,16-07-2024
ORD100161,CUST1372,Webcam 1080p,2499.0,1,West,01/02/2024
ORD103118,CUST1138,Portable SSD 1TB,6999.0,0,North,05-08-2024
ORD103181,CUST1391,Webcam 1080p,2499.0,5,North,2024-06-30
ORD102788,CUST1293,USB-C Hub,1299.0,3,south,2024-02-29
ORD101487,CUST1197,Portable SSD 1TB,6999.0,1,West,13/05/2024
ORD102498,CUST1082,Wireless Mouse,799.0,5,EAST,04/08/2024
ORD101162,CUST1394,Portable SSD 1TB,6999.0,0,south,18-08-2024
ORD101917,CUST1355,Laptop Stand,1999.0,2,West,19-05-2024
ORD103009,CUST1026,Webcam 1080p,2499.0,3,North,21/11/2024
ORD100943,CUST1251,Mechanical Keyboard,3499.0,0,West,24-09-2024
ORD104808,CUST1425,Portable SSD 1TB,6999.0,1,South,03-03-2024
ORD102858,CUST1177,Noise Cancelling Headphones,5999.0,5,South,10/10/2024
ORD104719,CUST1127,Monitor 24-inch,8999.0,0,,2024-11-11
ORD104144,CUST1268,Monitor 24-inch,8999.0,2,North,06-05-2024
ORD103750,CUST1361,Laptop Stand,1999.0,1,West,03-03-2024
ORD102796,CUST1190,USB-C Hub,1299.0,-1,West,01/10/2024
ORD104526,CUST1286,Mechanical Keyboard,3499.0,3,North,28/06/2024
ORD100220,CUST1395,Noise Cancelling Headphones,5999.0,1,south,29-06-2024
ORD100039,CUST1067,Webcam 1080p,2499.0,5,West,2024-02-07
ORD102041,CUST1459,Noise Cancelling Headphones,5999.0,1,South,02/08/2024
ORD101264,CUST1250,Laptop Stand,1999.0,0,North,20-05-2024
ORD100592,CUST1375,Webcam 1080p,2499.0,0,south,13-09-2024
ORD101512,CUST1054,Monitor 24-inch,8999.0,0,South,2024-06-14
ORD103963,CUST1005,Laptop Stand,1999.0,0,North,21/07/2024
ORD103189,CUST1232,Portable SSD 1TB,6999.0,2,south,25/06/2024
ORD102983,CUST1156,USB-C Hub,1299.0,0,south,2024-08-02
ORD101154,CUST1239,Portable SSD 1TB,6999.0,5,West,11/09/2024
ORD100965,CUST1205,Laptop Stand,1999.0,1,north,2024-10-23
ORD104065,CUST1159,Webcam 1080p,2499.0,0,south,14/09/2024
ORD102804,CUST1057,Webcam 1080p,2499.0,0,South,18-09-2024
ORD101706,CUST1313,Webcam 1080p,2499.0,0,South,28/10/2024
ORD103847,CUST1159,USB-C Hub,1299.0,5,North,21/10/2024
ORD101302,CUST1222,Wireless Mouse,799.0,2,EAST,2024-02-26
ORD101806,CUST1498,Monitor 24-inch,8999.0,3,South,08/03/2024
ORD100411,CUST1137,Mechanical Keyboard,3499.0,5,North,07/08/2024
ORD101143,CUST1056,Noise Cancelling Headphones,5999.0,3,south,2024-08-21
ORD104829,CUST1251,Webcam 1080p,2499.0,1,West,2024-02-28
ORD103539,CUST1445,Wireless Mouse,799.0,5,West,24-03-2024
ORD101461,CUST1170,Wireless Mouse,799.0,3,West,2024-07-08
ORD104750,CUST1320,Portable SSD 1TB,6999.0,1,north,11-10-2024
ORD103226,CUST1497,Portable SSD 1TB,6999.0,-1,EAST,29-12-2024
ORD103057,CUST1150,USB-C Hub,1299.0,5,north,28/02/2024
ORD103662,CUST1138,Noise Cancelling Headphones,5999.0,1,South,03-05-2024
ORD104169,CUST1096,Noise Cancelling Headphones,5999.0,-1,EAST,03/06/2024
ORD100559,CUST1371,Laptop Stand,1999.0,0,EAST,31-03-2024
ORD102822,CUST1227,Portable SSD 1TB,6999.0,0,North,14-09-2024
ORD103186,CUST1237,Portable SSD 1TB,6999.0,1,EAST,07/03/2024
ORD101645,CUST1437,Monitor 24-inch,8999.0,5,South,2024-08-05
ORD104826,CUST1244,Laptop Stand,1999.0,5,North,24/11/2024
ORD103952,CUST1344,USB-C Hub,1299.0,2,south,08/02/2024
ORD100321,CUST1251,Monitor 24-inch,8999.0,5,south,2024-03-27
ORD102398,CUST1362,Noise Cancelling Headphones,5999.0,2,,2024-03-07
ORD100022,CUST1248,Mechanical Keyboard,3499.0,2,north,06-03-2024
ORD103607,CUST1486,Monitor 24-inch,8999.0,2,South,02/12/2024
ORD102215,CUST1117,Webcam 1080p,2499.0,-1,North,22/12/2024
ORD100119,CUST1467,Mechanical Keyboard,3499.0,1,West,2024-11-27
ORD104477,CUST1004,Wireless Mouse,799.0,1,West,05/05/2024
ORD103592,CUST1354,Monitor 24-inch,8999.0,1,West,12-11-2024
ORD102022,CUST1179,Portable SSD 1TB,6999.0,1,South,25-04-2024
ORD102119,CUST1301,Webcam 1080p,2499.0,2,north,2024-04-25
ORD101206,CUST1088,Laptop Stand,1999.0,1,south,06-08-2024
ORD104272,CUST1170,Wireless Mouse,799.0,,south,18-04-2024
ORD104895,CUST1421,Webcam 1080p,2499.0,3,north,02/07/2024
ORD102919,CUST1482,Noise Cancelling Headphones,5999.0,-1,south,2024-01-12
ORD102178,CUST1279,Webcam 1080p,2499.0,3,north,21/02/2024
ORD103532,CUST1419,Webcam 1080p,2499.0,5,South,2024-07-31
ORD100897,CUST1167,Monitor 24-inch,8999.0,0,north,22/08/2024
ORD101742,CUST1464,Wireless Mouse,799.0,2,South,13/04/2024
ORD104710,CUST1063,Portable SSD 1TB,6999.0,5,South,04/06/2024
ORD102283,CUST1059,Laptop Stand,1999.0,1,EAST,27/09/2024
ORD101311,CUST1098,USB-C Hub,1299.0,1,West,2024-11-11
ORD100593,CUST1005,Laptop Stand,1999.0,2,north,2024-09-20
ORD100429,CUST1061,Mechanical Keyboard,3499.0,3,south,26-12-2024
ORD103872,CUST1199,Noise Cancelling Headphones,5999.0,5,South,2024-08-08
ORD103723,CUST1272,Portable SSD 1TB,6999.0,-1,,14/05/2024
ORD101774,CUST1061,Portable SSD 1TB,6999.0,-1,West,2024-09-06
ORD102597,CUST1237,Wireless Mouse,799.0,5,EAST,2024-11-25
ORD104457,CUST1227,Wireless Mouse,799.0,1,West,05-03-2024
ORD104407,CUST1320,Portable SSD 1TB,6999.0,1,West,02-06-2024
ORD103686,CUST1149,Wireless Mouse,799.0,3,South,17/11/2024
ORD104743,CUST1095,Webcam 1080p,2499.0,-1,south,10/08/2024
ORD101934,CUST1337,Mechanical Keyboard,3499.0,1,,07-03-2024
ORD102136,CUST1076,USB-C Hub,1299.0,1,North,31-01-2024
ORD103666,CUST1395,Laptop Stand,1999.0,0,south,13/11/2024
ORD104128,CUST1132,USB-C Hub,1299.0,-1,EAST,07-04-2024
ORD100750,CUST1069,Portable SSD 1TB,6999.0,5,West,2024-08-18
